{
"type": "FeatureCollection",
"name": "gouvernorats_tunisie",
"crs": { "type": "name", "properties": { "name": "urn:ogc:def:crs:EPSG::22332" } },
"features": [
{ "type": "Feature", "properties": { "gouvernorat": "Ariana" }, "geometry": { "type": "MultiPolygon", "coordinates": [ [ [ [ 599471.252700000070035, 4074672.547900000587106, 0.0 ], [ 598785.598600000143051, 4074993.544800000265241, 0.0 ], [ 598499.78760000038892, 4074849.4035, 0.0 ], [ 598154.153099999763072, 4075893.247300000861287, 0.0 ], [ 597664.652200000360608, 4075992.7478, 0.0 ], [ 597592.921400000341237, 4076708.19649999961257, 0.0 ], [ 596768.777900000102818, 4077948.961799999698997, 0.0 ], [ 596911.217699999921024, 4078588.965199999511242, 0.0 ], [ 595983.835500000044703, 4079745.9671, 0.0 ], [ 596564.841099999845028, 4079498.965700000524521, 0.0 ], [ 596692.27309999987483, 4079664.493000000715256, 0.0 ], [ 595765.830599999986589, 4080038.569299999624491, 0.0 ], [ 595576.018500000238419, 4080437.970499999821186, 0.0 ], [ 594748.955500000156462, 4080683.772399999201298, 0.0 ], [ 594442.826999999582767, 4081170.57630000077188, 0.0 ], [ 593736.2034, 4081360.778999999165535, 0.0 ], [ 592964.890599999576807, 4081036.983300000429153, 0.0 ], [ 592849.884800000116229, 4080063.97550000064075, 0.0 ], [ 592275.19510000012815, 4079339.56870000064373, 0.0 ], [ 592002.88260000012815, 4078494.5658, 0.0 ], [ 591273.689600000157952, 4077685.5559, 0.0 ], [ 589891.678000000305474, 4078013.761600000783801, 0.0 ], [ 590072.864199999719858, 4076277.254599999636412, 0.0 ], [ 587243.409799999557436, 4076557.250199999660254, 0.0 ], [ 586058.903699999675155, 4076834.755799999460578, 0.0 ], [ 585892.77379999961704, 4077091.55519999936223, 0.0 ], [ 586965.350200000219047, 4077300.563400000333786, 0.0 ], [ 587119.10329999960959, 4077525.748999999836087, 0.0 ], [ 586765.684700000099838, 4078693.578400000929832, 0.0 ], [ 588025.706600000150502, 4078724.311799999326468, 0.0 ], [ 588425.220300000160933, 4079031.630999999120831, 0.0 ], [ 588717.174999999813735, 4080368.4868, 0.0 ], [ 589301.099999999627471, 4081382.656199999153614, 0.0 ], [ 589331.824500000104308, 4082227.789300000295043, 0.0 ], [ 589915.733, 4083149.757099999114871, 0.0 ], [ 588719.147599999792874, 4085527.547900000587106, 0.0 ], [ 589830.867999999783933, 4087822.824100000783801, 0.0 ], [ 590952.499699999578297, 4088970.326999999582767, 0.0 ], [ 590956.9364, 4090123.339199999347329, 0.0 ], [ 590538.498700000345707, 4090541.636900000274181, 0.0 ], [ 591257.812800000421703, 4090904.834699999541044, 0.0 ], [ 591469.443900000303984, 4091275.6415, 0.0 ], [ 591673.027400000020862, 4092736.093000000342727, 0.0 ], [ 594264.786700000055134, 4094564.251000000163913, 0.0 ], [ 594841.661399999633431, 4095250.935200000181794, 0.0 ], [ 595903.445199999958277, 4098390.01490000076592, 0.0 ], [ 596892.285400000400841, 4100290.8991, 0.0 ], [ 596906.699599999934435, 4101163.47690000012517, 0.0 ], [ 597232.75899999961257, 4101796.641799999400973, 0.0 ], [ 596622.448099999688566, 4103696.1469, 0.0 ], [ 597015.390100000426173, 4104819.804999999701977, 0.0 ], [ 598010.290599999949336, 4105693.752000000327826, 0.0 ], [ 598974.615100000053644, 4106152.93099999986589, 0.0 ], [ 599596.306499999947846, 4107016.930099999532104, 0.0 ], [ 600125.808299999684095, 4107009.93129999935627, 0.0 ], [ 600324.064199999906123, 4106467.428300000727177, 0.0 ], [ 602706.328099999576807, 4107262.1305, 0.0 ], [ 603103.268799999728799, 4106610.728900000452995, 0.0 ], [ 603974.892900000326335, 4106754.929999999701977, 0.0 ], [ 604815.025600000284612, 4106301.929099999368191, 0.0 ], [ 606604.957499999552965, 4106740.057900000363588, 0.0 ], [ 605917.656000000424683, 4105943.036100000143051, 0.0 ], [ 605258.758399999700487, 4105674.130899999290705, 0.0 ], [ 604840.643600000068545, 4104610.546399999409914, 0.0 ], [ 606923.372600000351667, 4106360.794299999251962, 0.0 ], [ 606802.142599999904633, 4106167.799599999561906, 0.0 ], [ 607020.224799999967217, 4106209.81110000051558, 0.0 ], [ 606021.887699999846518, 4105404.421700000762939, 0.0 ], [ 606267.441300000064075, 4104975.86119999922812, 0.0 ], [ 605960.683799999766052, 4105258.693199999630451, 0.0 ], [ 605811.612300000153482, 4105103.69400000013411, 0.0 ], [ 604772.407700000330806, 4103217.534399999305606, 0.0 ], [ 604910.036799999885261, 4103101.581199999898672, 0.0 ], [ 605016.481999999843538, 4103419.707100000232458, 0.0 ], [ 605584.741399999707937, 4103702.1381, 0.0 ], [ 605186.721400000154972, 4103605.131300000473857, 0.0 ], [ 605278.779000000096858, 4103792.755400000140071, 0.0 ], [ 606506.298799999989569, 4104698.623199999332428, 0.0 ], [ 604677.237800000235438, 4102512.517699999734759, 0.0 ], [ 604954.591699999757111, 4099020.212400000542402, 0.0 ], [ 607310.6727, 4092940.595799999311566, 0.0 ], [ 609146.930399999953806, 4090727.113199999555945, 0.0 ], [ 611493.345300000160933, 4088808.28969999961555, 0.0 ], [ 611103.509899999946356, 4088286.233799999579787, 0.0 ], [ 611566.623800000175834, 4087832.613199999555945, 0.0 ], [ 611608.240299999713898, 4086576.801200000569224, 0.0 ], [ 611770.065999999642372, 4086677.301300000399351, 0.0 ], [ 612332.378100000321865, 4086299.605699999257922, 0.0 ], [ 612551.182599999941885, 4085661.601600000634789, 0.0 ], [ 612615.508899999782443, 4085852.303899999707937, 0.0 ], [ 613247.317400000058115, 4085583.296700000762939, 0.0 ], [ 613231.691100000403821, 4085146.292999999597669, 0.0 ], [ 613816.011300000362098, 4084338.992200000211596, 0.0 ], [ 613965.575400000438094, 4084261.787399999797344, 0.0 ], [ 614082.386800000444055, 4084590.292400000616908, 0.0 ], [ 614198.826999999582767, 4084411.987600000575185, 0.0 ], [ 614499.389499999582767, 4083611.285700000822544, 0.0 ], [ 614026.693300000391901, 4082794.97719999961555, 0.0 ], [ 613510.747600000351667, 4082614.982899999246001, 0.0 ], [ 613812.324400000274181, 4081979.578199999406934, 0.0 ], [ 613294.688000000081956, 4080933.575099999085069, 0.0 ], [ 614509.98369999974966, 4079873.403899999335408, 0.0 ], [ 613955.216300000436604, 4079489.340099999681115, 0.0 ], [ 613176.432799999602139, 4079339.980000000447035, 0.0 ], [ 609901.221499999985099, 4079137.281500000506639, 0.0 ], [ 609677.189299999736249, 4080193.45299999974668, 0.0 ], [ 608183.610100000165403, 4079137.282299999147654, 0.0 ], [ 607756.867999999783933, 4077878.411100000143051, 0.0 ], [ 605822.092899999581277, 4078033.3114, 0.0 ], [ 604093.159500000067055, 4077034.019500000402331, 0.0 ], [ 602879.735399999655783, 4077961.926699999719858, 0.0 ], [ 601516.367700000293553, 4078206.178999999538064, 0.0 ], [ 599600.351400000043213, 4077299.7588, 0.0 ], [ 599471.252700000070035, 4074672.547900000587106, 0.0 ] ] ], [ [ [ 607151.940000000409782, 4106097.105200000107288, 0.0 ], [ 607317.44550000037998, 4106570.011800000444055, 0.0 ], [ 607653.816800000146031, 4106887.999299999326468, 0.0 ], [ 607151.940000000409782, 4106097.105200000107288, 0.0 ] ] ] ] } },
{ "type": "Feature", "properties": { "gouvernorat": "Beja" }, "geometry": { "type": "Polygon", "coordinates": [ [ [ 531770.94469999987632, 4031112.995500000193715, 0.0 ], [ 532093.697100000455976, 4030705.2961, 0.0 ], [ 532132.757699999958277, 4029416.290999999269843, 0.0 ], [ 531184.694299999624491, 4027848.281199999153614, 0.0 ], [ 530294.418399999849498, 4027768.657199999317527, 0.0 ], [ 530738.31940000038594, 4026720.974300000816584, 0.0 ], [ 528985.118900000117719, 4024979.268899999558926, 0.0 ], [ 525947.785699999891222, 4023218.957299999892712, 0.0 ], [ 524189.365399999544024, 4020180.438500000163913, 0.0 ], [ 523679.7034, 4021257.445599999278784, 0.0 ], [ 523635.893099999986589, 4022398.949699999764562, 0.0 ], [ 522753.582899999804795, 4024166.660299999639392, 0.0 ], [ 522184.987399999983609, 4024554.963500000536442, 0.0 ], [ 521924.35950000025332, 4024577.259099999442697, 0.0 ], [ 521675.737700000405312, 4024243.665100000798702, 0.0 ], [ 520312.378499999642372, 4024186.656600000336766, 0.0 ], [ 517328.74280000012368, 4024489.466900000348687, 0.0 ], [ 516693.957399999722838, 4024757.663799999281764, 0.0 ], [ 515527.732900000177324, 4025787.970200000330806, 0.0 ], [ 512500.401999999769032, 4024229.958499999716878, 0.0 ], [ 512246.964599999599159, 4023883.656999999657273, 0.0 ], [ 510271.982699999585748, 4023622.658800000324845, 0.0 ], [ 509955.917700000107288, 4024078.658500000834465, 0.0 ], [ 510668.041199999861419, 4025313.464299999177456, 0.0 ], [ 510625.954199999570847, 4025974.973400000482798, 0.0 ], [ 510236.475999999791384, 4026421.675100000575185, 0.0 ], [ 510049.632399999536574, 4027151.680800000205636, 0.0 ], [ 509456.538499999791384, 4027624.977299999445677, 0.0 ], [ 507594.855100000277162, 4028166.3103, 0.0 ], [ 507971.024500000290573, 4028690.986500000581145, 0.0 ], [ 508065.440000000409782, 4029578.29109999909997, 0.0 ], [ 506296.547899999655783, 4031247.700999999418855, 0.0 ], [ 506354.013500000350177, 4032531.007200000807643, 0.0 ], [ 506005.014399999752641, 4032659.311799999326468, 0.0 ], [ 504509.448599999770522, 4031897.502499999478459, 0.0 ], [ 503959.472400000318885, 4031916.308700000867248, 0.0 ], [ 502832.217699999921024, 4032509.711500000208616, 0.0 ], [ 501638.146599999628961, 4033796.517000000923872, 0.0 ], [ 500751.482300000265241, 4034287.719799999147654, 0.0 ], [ 500678.176400000229478, 4034609.026399999856949, 0.0 ], [ 501963.554299999959767, 4034431.521500000730157, 0.0 ], [ 502890.433699999935925, 4034707.526900000870228, 0.0 ], [ 503303.660099999979138, 4034020.722799999639392, 0.0 ], [ 503908.529299999587238, 4034530.021999999880791, 0.0 ], [ 503894.412399999797344, 4035415.326999999582767, 0.0 ], [ 504472.169099999591708, 4036133.734899999573827, 0.0 ], [ 503794.909300000406802, 4037370.340500000864267, 0.0 ], [ 504665.947599999606609, 4038652.546900000423193, 0.0 ], [ 503868.033800000324845, 4038898.748199999332428, 0.0 ], [ 505369.792299999855459, 4040349.0515, 0.0 ], [ 505934.866799999959767, 4041282.356899999082088, 0.0 ], [ 506631.108599999919534, 4041651.364, 0.0 ], [ 506058.266499999910593, 4042885.570000000298023, 0.0 ], [ 506364.609699999913573, 4043420.074300000444055, 0.0 ], [ 506840.743999999947846, 4043581.372400000691414, 0.0 ], [ 506723.297899999655783, 4044549.780899999663234, 0.0 ], [ 505877.046699999831617, 4047652.5976, 0.0 ], [ 506446.32660000026226, 4047939.400900000706315, 0.0 ], [ 505984.268099999986589, 4048507.798499999567866, 0.0 ], [ 506616.109699999913573, 4049264.608899999409914, 0.0 ], [ 505917.896900000050664, 4049663.4101, 0.0 ], [ 505490.264899999834597, 4050812.6129, 0.0 ], [ 504997.572800000198185, 4051000.615900000557303, 0.0 ], [ 503658.563699999824166, 4054163.440700000151992, 0.0 ], [ 502420.401600000448525, 4054369.839999999850988, 0.0 ], [ 501816.653800000436604, 4054770.140900000929832, 0.0 ], [ 501283.078700000420213, 4056776.854299999773502, 0.0 ], [ 501330.335799999535084, 4057153.149900000542402, 0.0 ], [ 501747.70990000013262, 4057095.45130000077188, 0.0 ], [ 502111.526999999769032, 4057466.458000000566244, 0.0 ], [ 502056.625799999572337, 4057809.1601, 0.0 ], [ 502370.654199999757111, 4058138.8651, 0.0 ], [ 502295.344499999657273, 4059543.86739999987185, 0.0 ], [ 502680.806900000199676, 4059708.864800000563264, 0.0 ], [ 502278.745500000193715, 4060297.668400000780821, 0.0 ], [ 502641.243300000205636, 4060919.47550000064075, 0.0 ], [ 502232.807699999772012, 4061477.675200000405312, 0.0 ], [ 502292.804800000041723, 4062218.68889999948442, 0.0 ], [ 502874.874099999666214, 4062544.184399999678135, 0.0 ], [ 502831.400399999693036, 4063212.353900000452995, 0.0 ], [ 503298.028599999845028, 4064010.8947, 0.0 ], [ 503110.030600000172853, 4064377.202199999243021, 0.0 ], [ 502719.653400000184774, 4064182.7006, 0.0 ], [ 502560.153099999763072, 4064345.498500000685453, 0.0 ], [ 502516.466400000266731, 4066408.710799999535084, 0.0 ], [ 502068.211400000378489, 4066473.708000000566244, 0.0 ], [ 501640.653599999845028, 4067023.509400000795722, 0.0 ], [ 499696.288499999791384, 4067999.216600000858307, 0.0 ], [ 496052.708599999547005, 4068272.722400000318885, 0.0 ], [ 495239.919200000353158, 4067954.5154, 0.0 ], [ 493963.001400000415742, 4068894.91950000077486, 0.0 ], [ 492539.405600000172853, 4068853.227700000628829, 0.0 ], [ 492153.013500000350177, 4069362.784399999305606, 0.0 ], [ 492569.940100000239909, 4070072.926799999549985, 0.0 ], [ 494193.226599999703467, 4070692.234300000593066, 0.0 ], [ 493832.757500000298023, 4071437.937000000849366, 0.0 ], [ 493852.077499999664724, 4072253.245999999344349, 0.0 ], [ 492714.028800000436604, 4072101.54590000025928, 0.0 ], [ 492345.651800000108778, 4072491.748800000175834, 0.0 ], [ 493150.409599999897182, 4073715.756999999284744, 0.0 ], [ 493828.881799999624491, 4074101.750800000503659, 0.0 ], [ 493929.325000000186265, 4074727.557199999690056, 0.0 ], [ 494664.231999999843538, 4075929.569700000807643, 0.0 ], [ 495505.956399999558926, 4076655.26630000025034, 0.0 ], [ 496984.271900000050664, 4076558.7654, 0.0 ], [ 498118.816100000403821, 4077236.57149999961257, 0.0 ], [ 499042.133500000461936, 4076778.7719, 0.0 ], [ 499297.789099999703467, 4077002.767699999734759, 0.0 ], [ 499341.533599999733269, 4078619.578400000929832, 0.0 ], [ 498901.32660000026226, 4079697.285399999469519, 0.0 ], [ 499120.782800000160933, 4080225.29109999909997, 0.0 ], [ 499704.921900000423193, 4080275.79109999909997, 0.0 ], [ 499812.860700000077486, 4081605.298499999567866, 0.0 ], [ 499140.284400000236928, 4081783.303400000557303, 0.0 ], [ 498102.662299999967217, 4082500.601700000464916, 0.0 ], [ 496550.11710000038147, 4084256.614900000393391, 0.0 ], [ 494745.445600000210106, 4085104.317299999296665, 0.0 ], [ 493377.097199999727309, 4086120.826500000432134, 0.0 ], [ 493347.692300000227988, 4086950.63260000012815, 0.0 ], [ 494604.885999999940395, 4088822.3429000005126, 0.0 ], [ 494697.610999999567866, 4089877.654500000178814, 0.0 ], [ 494502.760499999858439, 4090692.853499999269843, 0.0 ], [ 493863.975899999961257, 4091682.3581000007689, 0.0 ], [ 489595.214300000108778, 4095283.147700000554323, 0.0 ], [ 492914.284699999727309, 4098290.292099999263883, 0.0 ], [ 496088.872800000011921, 4101629.825099999085069, 0.0 ], [ 496665.13190000038594, 4102959.014699999243021, 0.0 ], [ 497335.029900000430644, 4103479.189400000497699, 0.0 ], [ 498572.487499999813735, 4105334.797399999573827, 0.0 ], [ 498555.601300000213087, 4105818.972200000658631, 0.0 ], [ 498124.765100000426173, 4105984.9978, 0.0 ], [ 498640.970599999651313, 4106068.2577, 0.0 ], [ 498949.384300000034273, 4106476.738900000229478, 0.0 ], [ 500234.667399999685585, 4107216.543299999088049, 0.0 ], [ 500507.467299999669194, 4107673.965500000864267, 0.0 ], [ 500755.738199999555945, 4107603.0647, 0.0 ], [ 500981.228900000452995, 4108415.201500000432134, 0.0 ], [ 501746.858500000089407, 4108631.085799999535084, 0.0 ], [ 502330.315299999900162, 4109712.073699999600649, 0.0 ], [ 503362.557599999941885, 4110001.074300000444055, 0.0 ], [ 504739.815999999642372, 4111121.314899999648333, 0.0 ], [ 505381.44400000013411, 4111124.183000000193715, 0.0 ], [ 506581.80449999962002, 4111807.180700000375509, 0.0 ], [ 507333.25650000013411, 4111852.7785, 0.0 ], [ 507735.466699999757111, 4109863.76799999922514, 0.0 ], [ 509831.127799999900162, 4108172.461899999529123, 0.0 ], [ 509418.758799999952316, 4107077.75789999961853, 0.0 ], [ 508064.312800000421703, 4106435.454800000414252, 0.0 ], [ 507699.910299999639392, 4105434.942399999126792, 0.0 ], [ 506677.58420000039041, 4104191.437999999150634, 0.0 ], [ 506703.649500000290573, 4103527.729000000283122, 0.0 ], [ 508802.881000000052154, 4101180.9222999997437, 0.0 ], [ 509534.572100000455976, 4099297.104299999773502, 0.0 ], [ 509935.602900000289083, 4099673.409900000318885, 0.0 ], [ 510700.327200000174344, 4099282.707100000232458, 0.0 ], [ 511431.39989999961108, 4099740.106799999251962, 0.0 ], [ 512222.832600000314415, 4099595.1053, 0.0 ], [ 513623.876000000163913, 4099846.105699999257922, 0.0 ], [ 515920.885200000368059, 4099830.10869999974966, 0.0 ], [ 516337.138100000098348, 4099692.905799999833107, 0.0 ], [ 518168.559200000017881, 4097601.098600000143051, 0.0 ], [ 518621.6546, 4096322.391100000590086, 0.0 ], [ 517937.970800000242889, 4095121.078400000929832, 0.0 ], [ 517965.842000000178814, 4094738.373999999836087, 0.0 ], [ 518937.538099999539554, 4095043.38370000012219, 0.0 ], [ 519319.974399999715388, 4094782.675100000575185, 0.0 ], [ 518965.598699999973178, 4091679.857899999246001, 0.0 ], [ 518113.146300000138581, 4090744.652699999511242, 0.0 ], [ 518940.473299999721348, 4090070.04590000025928, 0.0 ], [ 520304.50899999961257, 4089445.349099999293685, 0.0 ], [ 522178.173799999989569, 4086982.335400000214577, 0.0 ], [ 523118.560100000351667, 4086262.027699999511242, 0.0 ], [ 521738.271599999628961, 4084691.318, 0.0 ], [ 521593.07799999974668, 4084364.812400000169873, 0.0 ], [ 521776.359400000423193, 4083879.008400000631809, 0.0 ], [ 524900.291199999861419, 4082151.7993, 0.0 ], [ 526077.169999999925494, 4082092.300899999216199, 0.0 ], [ 526438.422399999573827, 4080876.29109999909997, 0.0 ], [ 527550.174999999813735, 4080532.288899999111891, 0.0 ], [ 527966.303999999538064, 4079989.586100000888109, 0.0 ], [ 528456.497600000351667, 4080043.285499999299645, 0.0 ], [ 528485.869599999859929, 4080902.295700000599027, 0.0 ], [ 529182.812599999830127, 4081380.301200000569224, 0.0 ], [ 529518.510999999940395, 4080711.793299999088049, 0.0 ], [ 530248.635499999858439, 4080613.992499999701977, 0.0 ], [ 530520.510800000280142, 4080089.985999999567866, 0.0 ], [ 531812.328700000420213, 4079129.785399999469519, 0.0 ], [ 532985.71100000012666, 4077665.974600000306964, 0.0 ], [ 534260.468399999663234, 4077319.772700000554323, 0.0 ], [ 534031.652999999932945, 4076696.565899999812245, 0.0 ], [ 534601.600700000301003, 4076030.267400000244379, 0.0 ], [ 532939.706699999980628, 4074235.55210000090301, 0.0 ], [ 532595.951700000092387, 4073214.244000000879169, 0.0 ], [ 531973.584599999710917, 4072514.242499999701977, 0.0 ], [ 531910.198400000110269, 4071947.244400000199676, 0.0 ], [ 532159.521099999547005, 4071416.539200000464916, 0.0 ], [ 531818.388500000350177, 4071092.533399999141693, 0.0 ], [ 531790.02240000013262, 4070141.731200000271201, 0.0 ], [ 531137.442400000058115, 4069311.225299999117851, 0.0 ], [ 530781.821600000374019, 4067998.214800000190735, 0.0 ], [ 531342.253600000403821, 4067001.7116, 0.0 ], [ 532459.522499999962747, 4066432.7039, 0.0 ], [ 531685.884600000455976, 4065940.901200000196695, 0.0 ], [ 531724.94510000012815, 4064670.492200000211596, 0.0 ], [ 533766.842799999751151, 4065028.20130000077188, 0.0 ], [ 532738.390100000426173, 4063853.19370000064373, 0.0 ], [ 534038.338600000366569, 4063885.697100000455976, 0.0 ], [ 535626.217299999669194, 4063434.685900000855327, 0.0 ], [ 536479.856900000013411, 4063798.493899999186397, 0.0 ], [ 538939.491600000299513, 4065817.504499999806285, 0.0 ], [ 540406.312599999830127, 4067538.914300000295043, 0.0 ], [ 542804.201999999582767, 4068578.918299999088049, 0.0 ], [ 543257.083100000396371, 4069200.925300000235438, 0.0 ], [ 544433.772099999710917, 4069636.729000000283122, 0.0 ], [ 545116.276600000448525, 4070317.724300000816584, 0.0 ], [ 545858.159699999727309, 4070401.227700000628829, 0.0 ], [ 546095.476800000295043, 4072081.2357, 0.0 ], [ 546941.917899999767542, 4073227.948999999091029, 0.0 ], [ 547002.731599999591708, 4073802.745400000363588, 0.0 ], [ 549662.436499999836087, 4075642.5614, 0.0 ], [ 549858.688900000415742, 4076167.2577, 0.0 ], [ 550444.444199999794364, 4076504.261, 0.0 ], [ 551326.564699999988079, 4073934.948400000110269, 0.0 ], [ 552844.451899999752641, 4072177.535399999469519, 0.0 ], [ 553371.207600000314415, 4071105.527000000700355, 0.0 ], [ 554019.021300000138581, 4070628.531099999323487, 0.0 ], [ 554916.025799999944866, 4069359.521600000560284, 0.0 ], [ 556887.28870000038296, 4067849.209599999710917, 0.0 ], [ 557662.039800000376999, 4067390.21000000089407, 0.0 ], [ 558557.419999999925494, 4067206.206199999898672, 0.0 ], [ 559204.260999999940395, 4067355.026699999347329, 0.0 ], [ 560599.812199999578297, 4067001.50620000064373, 0.0 ], [ 561437.693799999542534, 4066244.205600000917912, 0.0 ], [ 563080.762099999934435, 4065781.696599999442697, 0.0 ], [ 563469.324900000356138, 4065405.490900000557303, 0.0 ], [ 563054.705000000074506, 4065368.898199999704957, 0.0 ], [ 563511.890100000426173, 4064696.490900000557303, 0.0 ], [ 565786.717199999839067, 4063377.18099999986589, 0.0 ], [ 565598.216000000014901, 4062946.676100000739098, 0.0 ], [ 566142.147900000214577, 4062287.176300000399351, 0.0 ], [ 567193.969700000248849, 4063349.486099999397993, 0.0 ], [ 567747.788800000213087, 4064320.184100000187755, 0.0 ], [ 568861.734699999913573, 4064141.689099999144673, 0.0 ], [ 568470.854399999603629, 4063390.677500000223517, 0.0 ], [ 569430.667999999597669, 4062935.177400000393391, 0.0 ], [ 569940.115500000305474, 4062127.176899999380112, 0.0 ], [ 569213.47829999960959, 4059248.155999999493361, 0.0 ], [ 569526.673700000159442, 4058518.850099999457598, 0.0 ], [ 570560.559999999590218, 4058027.146999999880791, 0.0 ], [ 571145.490399999544024, 4056727.6436, 0.0 ], [ 569890.110399999655783, 4055231.829600000753999, 0.0 ], [ 571029.247100000269711, 4053825.627299999818206, 0.0 ], [ 572033.374499999918044, 4054707.432700000703335, 0.0 ], [ 572368.817300000227988, 4054278.127399999648333, 0.0 ], [ 572479.567699999548495, 4053568.627499999478459, 0.0 ], [ 572124.49100000038743, 4052406.417400000616908, 0.0 ], [ 573072.627799999900162, 4050345.804500000551343, 0.0 ], [ 575874.08739999961108, 4050476.607599999755621, 0.0 ], [ 576553.895100000314415, 4049782.394600000232458, 0.0 ], [ 577202.714399999938905, 4048337.390100000426173, 0.0 ], [ 577241.403699999675155, 4047072.780099999159575, 0.0 ], [ 574982.886599999852479, 4046439.775900000706315, 0.0 ], [ 574551.139700000174344, 4046045.773900000378489, 0.0 ], [ 574202.577399999834597, 4045266.378200000151992, 0.0 ], [ 573946.442900000140071, 4043414.76410000026226, 0.0 ], [ 573386.934000000357628, 4042134.057600000873208, 0.0 ], [ 571838.116100000217557, 4041722.5493, 0.0 ], [ 570151.855600000359118, 4040407.549900000914931, 0.0 ], [ 569743.477500000037253, 4039424.344399999827147, 0.0 ], [ 569713.915599999949336, 4038274.331800000742078, 0.0 ], [ 569310.732499999925494, 4037510.0329, 0.0 ], [ 568688.85190000012517, 4037315.031700000166893, 0.0 ], [ 568085.532800000160933, 4036465.5197, 0.0 ], [ 566284.893500000238419, 4035073.015599999576807, 0.0 ], [ 564512.825799999758601, 4032414.301799999549985, 0.0 ], [ 558928.039800000376999, 4032525.501199999824166, 0.0 ], [ 558611.290000000037253, 4030897.293199999257922, 0.0 ], [ 555808.156700000166893, 4030839.495300000533462, 0.0 ], [ 554335.456799999810755, 4030354.691600000485778, 0.0 ], [ 552643.003999999724329, 4030711.9912, 0.0 ], [ 551754.616399999707937, 4030390.734999999403954, 0.0 ], [ 550922.746100000105798, 4030675.698799999430776, 0.0 ], [ 550102.684100000187755, 4031720.702299999073148, 0.0 ], [ 548410.478799999691546, 4032541.510500000789762, 0.0 ], [ 547342.784400000236928, 4033507.009700000286102, 0.0 ], [ 545732.098000000230968, 4034464.720599999651313, 0.0 ], [ 544348.899000000208616, 4033960.010700000450015, 0.0 ], [ 543173.7027000002563, 4034030.017100000753999, 0.0 ], [ 541425.499200000427663, 4033059.309299999848008, 0.0 ], [ 541095.68819999974221, 4033160.309399999678135, 0.0 ], [ 540611.877100000157952, 4033892.014699999243021, 0.0 ], [ 538910.296099999919534, 4034174.019300000742078, 0.0 ], [ 537923.732900000177324, 4034070.019899999722838, 0.0 ], [ 535029.655299999751151, 4032216.007099999114871, 0.0 ], [ 532335.450299999676645, 4031996.001000000163913, 0.0 ], [ 531446.881099999882281, 4031102.497700000181794, 0.0 ], [ 531770.94469999987632, 4031112.995500000193715, 0.0 ] ] ] } },
{ "type": "Feature", "properties": { "gouvernorat": "Ben Arous" }, "geometry": { "type": "Polygon", "coordinates": [ [ [ 602710.739099999889731, 4046275.768200000748038, 0.0 ], [ 598710.467699999921024, 4048141.5811, 0.0 ], [ 597324.638700000010431, 4049338.385099999606609, 0.0 ], [ 597344.956699999980628, 4049800.093699999153614, 0.0 ], [ 594895.630199999548495, 4050838.599500000476837, 0.0 ], [ 593647.49930000025779, 4051679.8037, 0.0 ], [ 592869.615199999883771, 4053078.817500000819564, 0.0 ], [ 592510.993599999696016, 4054277.4507, 0.0 ], [ 593834.558100000023842, 4053867.121300000697374, 0.0 ], [ 594666.948599999770522, 4055315.124800000339746, 0.0 ], [ 596732.900299999862909, 4057802.1425, 0.0 ], [ 597531.837799999862909, 4060709.457599999383092, 0.0 ], [ 598857.340300000272691, 4060441.150100000202656, 0.0 ], [ 599721.155399999581277, 4060848.459300000220537, 0.0 ], [ 600372.102500000037253, 4060699.858300000429153, 0.0 ], [ 600801.103699999861419, 4061458.8581000007689, 0.0 ], [ 601352.044800000265241, 4061167.455600000917912, 0.0 ], [ 601591.167600000277162, 4061753.459699999541044, 0.0 ], [ 602763.43709999974817, 4062584.864900000393391, 0.0 ], [ 602537.178000000305474, 4062541.163599999621511, 0.0 ], [ 601505.608900000341237, 4063490.666500000283122, 0.0 ], [ 602969.313299999572337, 4065099.477800000458956, 0.0 ], [ 604031.318300000391901, 4064731.480100000277162, 0.0 ], [ 603954.623200000263751, 4064564.873099999502301, 0.0 ], [ 604846.316999999806285, 4063341.864399999380112, 0.0 ], [ 605100.191899999976158, 4063938.676300000399351, 0.0 ], [ 605556.511300000362098, 4063735.86629999987781, 0.0 ], [ 606105.457000000402331, 4064107.4726, 0.0 ], [ 606543.388500000350177, 4065054.875199999660254, 0.0 ], [ 607190.77379999961704, 4065435.679700000211596, 0.0 ], [ 607774.278300000354648, 4066193.67960000038147, 0.0 ], [ 608221.338299999944866, 4067799.192199999466538, 0.0 ], [ 608017.03000000026077, 4068212.90059999935329, 0.0 ], [ 608153.095499999821186, 4068346.194199999794364, 0.0 ], [ 608440.406999999657273, 4067941.494000000879169, 0.0 ], [ 608802.286199999973178, 4067894.89299999922514, 0.0 ], [ 608889.519899999722838, 4068745.954800000414252, 0.0 ], [ 608167.155199999921024, 4069370.7017, 0.0 ], [ 607921.972199999727309, 4070142.909199999645352, 0.0 ], [ 609005.350899999961257, 4070506.707000000402331, 0.0 ], [ 608797.819199999794364, 4071356.621799999848008, 0.0 ], [ 611686.949599999934435, 4071571.482799999415874, 0.0 ], [ 613414.818099999800324, 4072613.874600000679493, 0.0 ], [ 610687.114500000141561, 4073134.279200000688434, 0.0 ], [ 608660.370000000111759, 4072766.216299999505281, 0.0 ], [ 608452.327200000174344, 4072858.120300000533462, 0.0 ], [ 613040.166899999603629, 4073811.51380000077188, 0.0 ], [ 613246.049399999901652, 4073685.402799999341369, 0.0 ], [ 613163.251000000163913, 4073329.466, 0.0 ], [ 613643.99199999962002, 4073191.950400000438094, 0.0 ], [ 614270.791699999943376, 4073403.135700000450015, 0.0 ], [ 614302.781000000424683, 4073984.421700000762939, 0.0 ], [ 614126.77489999961108, 4073992.036499999463558, 0.0 ], [ 614312.938699999824166, 4074108.265599999576807, 0.0 ], [ 614422.276899999938905, 4073272.460200000554323, 0.0 ], [ 614151.953599999658763, 4072957.14780000038445, 0.0 ], [ 614179.030399999581277, 4072810.244999999180436, 0.0 ], [ 614513.957000000402331, 4073229.703700000420213, 0.0 ], [ 614548.434399999678135, 4074115.446100000292063, 0.0 ], [ 615333.7352, 4074146.49379999935627, 0.0 ], [ 616017.029400000348687, 4073745.88990000076592, 0.0 ], [ 615846.010200000368059, 4073565.601199999451637, 0.0 ], [ 616154.706100000068545, 4073407.617799999192357, 0.0 ], [ 616552.865799999795854, 4073595.423800000920892, 0.0 ], [ 616263.873599999584258, 4073391.939099999144673, 0.0 ], [ 616090.20920000039041, 4073415.674499999731779, 0.0 ], [ 615795.812800000421703, 4073566.443199999630451, 0.0 ], [ 615227.553600000217557, 4073483.00730000063777, 0.0 ], [ 615533.487999999895692, 4073515.8585, 0.0 ], [ 614925.045199999585748, 4072673.346000000834465, 0.0 ], [ 615083.171699999831617, 4072271.865599999204278, 0.0 ], [ 614602.113900000229478, 4072500.895300000905991, 0.0 ], [ 614870.335400000214577, 4072310.420700000599027, 0.0 ], [ 614705.927600000053644, 4072159.5493, 0.0 ], [ 615261.38260000012815, 4071861.163499999791384, 0.0 ], [ 615285.832600000314415, 4071797.410900000482798, 0.0 ], [ 615254.469899999909103, 4071718.223099999129772, 0.0 ], [ 615237.617200000211596, 4071865.624299999326468, 0.0 ], [ 614050.221300000324845, 4072423.607599999755621, 0.0 ], [ 615183.466000000014901, 4071807.04869999922812, 0.0 ], [ 614681.721800000406802, 4072015.346899999305606, 0.0 ], [ 614676.128100000321865, 4071289.42820000089705, 0.0 ], [ 615139.33530000038445, 4070188.379799999296665, 0.0 ], [ 617057.661600000225008, 4067536.714099999517202, 0.0 ], [ 619463.36600000038743, 4065657.513900000602007, 0.0 ], [ 621991.997299999929965, 4064436.729900000616908, 0.0 ], [ 624262.101599999703467, 4063856.9627, 0.0 ], [ 626571.871500000357628, 4063919.898299999535084, 0.0 ], [ 624633.498999999836087, 4060882.641000000759959, 0.0 ], [ 624690.996299999766052, 4058443.4331, 0.0 ], [ 624184.739199999719858, 4057485.622600000351667, 0.0 ], [ 624288.876299999654293, 4056767.824400000274181, 0.0 ], [ 622670.611499999649823, 4056726.123500000685453, 0.0 ], [ 622124.106100000441074, 4055593.11769999936223, 0.0 ], [ 622847.732499999925494, 4055296.8158, 0.0 ], [ 623115.138399999588728, 4054867.390599999576807, 0.0 ], [ 622666.10840000025928, 4054930.408399999141693, 0.0 ], [ 622296.552000000141561, 4054537.606200000271201, 0.0 ], [ 622792.418300000019372, 4053611.099099999293685, 0.0 ], [ 622476.0472999997437, 4051980.791500000283122, 0.0 ], [ 620155.907599999569356, 4049548.5833, 0.0 ], [ 619941.596499999985099, 4048832.574999999254942, 0.0 ], [ 619295.266499999910593, 4047994.7708, 0.0 ], [ 619933.341799999587238, 4047835.371999999508262, 0.0 ], [ 621429.039900000207126, 4048554.069299999624491, 0.0 ], [ 621862.163499999791384, 4048493.770899999886751, 0.0 ], [ 622323.545599999837577, 4047627.371999999508262, 0.0 ], [ 623371.111499999649823, 4046589.7566, 0.0 ], [ 623097.355800000019372, 4046040.055400000885129, 0.0 ], [ 623127.790699999779463, 4044555.348899999633431, 0.0 ], [ 620810.842699999921024, 4043293.0395, 0.0 ], [ 620708.156200000084937, 4042455.5351, 0.0 ], [ 621033.464300000108778, 4041254.732300000265241, 0.0 ], [ 620318.462700000032783, 4040881.526499999687076, 0.0 ], [ 620038.588000000454485, 4038963.3158, 0.0 ], [ 620667.963499999605119, 4038065.313100000843406, 0.0 ], [ 618122.447700000368059, 4036532.507400000467896, 0.0 ], [ 615419.806400000117719, 4035340.494400000199676, 0.0 ], [ 614587.556200000457466, 4034204.989399999380112, 0.0 ], [ 611905.10190000012517, 4034924.2982, 0.0 ], [ 612210.909599999897182, 4036168.002299999818206, 0.0 ], [ 612420.792299999855459, 4036256.704600000753999, 0.0 ], [ 613474.668100000359118, 4038849.021600000560284, 0.0 ], [ 611964.985600000247359, 4039397.523800000548363, 0.0 ], [ 611536.405299999751151, 4039284.726299999281764, 0.0 ], [ 612553.602400000207126, 4040108.532999999821186, 0.0 ], [ 611737.044900000095367, 4040511.033800000324845, 0.0 ], [ 610284.803199999965727, 4040683.480399999767542, 0.0 ], [ 609339.650399999693036, 4040087.328700000420213, 0.0 ], [ 608057.076200000010431, 4040333.730599999427795, 0.0 ], [ 606357.012799999676645, 4041364.537599999457598, 0.0 ], [ 605737.812400000169873, 4041479.335100000724196, 0.0 ], [ 604390.368400000035763, 4043148.045800000429153, 0.0 ], [ 604311.307099999859929, 4044238.760099999606609, 0.0 ], [ 602573.427899999544024, 4045089.06279999949038, 0.0 ], [ 602710.739099999889731, 4046275.768200000748038, 0.0 ] ], [ [ 613389.266800000332296, 4072690.803899999707937, 0.0 ], [ 614004.629700000397861, 4072447.579700000584126, 0.0 ], [ 614042.679800000041723, 4072514.611500000581145, 0.0 ], [ 613389.266800000332296, 4072690.803899999707937, 0.0 ] ] ] } },
{ "type": "Feature", "properties": { "gouvernorat": "Bizerte" }, "geometry": { "type": "MultiPolygon", "coordinates": [ [ [ [ 572932.006199999712408, 4091038.344699999317527, 0.0 ], [ 572255.69400000013411, 4089416.33500000089407, 0.0 ], [ 572628.787200000137091, 4087857.622899999842048, 0.0 ], [ 571255.441899999976158, 4088019.331399999558926, 0.0 ], [ 570146.871899999678135, 4086956.621600000187755, 0.0 ], [ 569794.310200000181794, 4086060.31870000064373, 0.0 ], [ 568764.612099999561906, 4084743.809000000357628, 0.0 ], [ 568732.419800000265241, 4083575.5998, 0.0 ], [ 568198.415199999697506, 4082136.594100000336766, 0.0 ], [ 566460.15610000025481, 4081898.791600000113249, 0.0 ], [ 563383.52280000038445, 4083244.606499999761581, 0.0 ], [ 562086.385599999688566, 4081571.7873, 0.0 ], [ 561185.067999999970198, 4081158.789200000464916, 0.0 ], [ 560193.812699999660254, 4081220.287200000137091, 0.0 ], [ 560193.557000000029802, 4081002.590199999511242, 0.0 ], [ 558458.991899999789894, 4080058.287200000137091, 0.0 ], [ 558444.487200000323355, 4079411.784800000488758, 0.0 ], [ 556820.227400000207126, 4078900.57630000077188, 0.0 ], [ 556424.910799999721348, 4078292.776399999856949, 0.0 ], [ 556126.904400000348687, 4078459.5735, 0.0 ], [ 556178.474299999885261, 4079075.981799999251962, 0.0 ], [ 555750.347599999979138, 4079499.578199999406934, 0.0 ], [ 555356.845300000160933, 4079211.275100000202656, 0.0 ], [ 553278.02240000013262, 4078924.282299999147654, 0.0 ], [ 552992.145499999634922, 4078536.778899999335408, 0.0 ], [ 552407.882699999958277, 4078420.771999999880791, 0.0 ], [ 551173.505199999548495, 4077653.773800000548363, 0.0 ], [ 550444.444199999794364, 4076504.261, 0.0 ], [ 549745.184200000017881, 4076018.756999999284744, 0.0 ], [ 549662.436499999836087, 4075642.5614, 0.0 ], [ 547181.980899999849498, 4074026.751199999824166, 0.0 ], [ 546815.03830000013113, 4072987.546499999240041, 0.0 ], [ 546095.476800000295043, 4072081.2357, 0.0 ], [ 545858.159699999727309, 4070401.227700000628829, 0.0 ], [ 545116.276600000448525, 4070317.724300000816584, 0.0 ], [ 544433.772099999710917, 4069636.729000000283122, 0.0 ], [ 543257.083100000396371, 4069200.925300000235438, 0.0 ], [ 542804.201999999582767, 4068578.918299999088049, 0.0 ], [ 540406.312599999830127, 4067538.914300000295043, 0.0 ], [ 538939.491600000299513, 4065817.504499999806285, 0.0 ], [ 536305.167600000277162, 4063703.692600000649691, 0.0 ], [ 535626.217299999669194, 4063434.685900000855327, 0.0 ], [ 534038.338600000366569, 4063885.697100000455976, 0.0 ], [ 532738.390100000426173, 4063853.19370000064373, 0.0 ], [ 533766.842799999751151, 4065028.20130000077188, 0.0 ], [ 531724.94510000012815, 4064670.492200000211596, 0.0 ], [ 531685.884600000455976, 4065940.901200000196695, 0.0 ], [ 532459.522499999962747, 4066432.7039, 0.0 ], [ 531342.253600000403821, 4067001.7116, 0.0 ], [ 530781.821600000374019, 4067998.214800000190735, 0.0 ], [ 531137.442400000058115, 4069311.225299999117851, 0.0 ], [ 531790.02240000013262, 4070141.731200000271201, 0.0 ], [ 531818.388500000350177, 4071092.533399999141693, 0.0 ], [ 532159.521099999547005, 4071416.539200000464916, 0.0 ], [ 531910.198400000110269, 4071947.244400000199676, 0.0 ], [ 531973.584599999710917, 4072514.242499999701977, 0.0 ], [ 532595.951700000092387, 4073214.244000000879169, 0.0 ], [ 532939.706699999980628, 4074235.55210000090301, 0.0 ], [ 534601.600700000301003, 4076030.267400000244379, 0.0 ], [ 534031.652999999932945, 4076696.565899999812245, 0.0 ], [ 534260.468399999663234, 4077319.772700000554323, 0.0 ], [ 532985.71100000012666, 4077665.974600000306964, 0.0 ], [ 531812.328700000420213, 4079129.785399999469519, 0.0 ], [ 530520.510800000280142, 4080089.985999999567866, 0.0 ], [ 530248.635499999858439, 4080613.992499999701977, 0.0 ], [ 529518.510999999940395, 4080711.793299999088049, 0.0 ], [ 529182.812599999830127, 4081380.301200000569224, 0.0 ], [ 528485.869599999859929, 4080902.295700000599027, 0.0 ], [ 528456.497600000351667, 4080043.285499999299645, 0.0 ], [ 527966.303999999538064, 4079989.586100000888109, 0.0 ], [ 527550.174999999813735, 4080532.288899999111891, 0.0 ], [ 526438.422399999573827, 4080876.29109999909997, 0.0 ], [ 526077.169999999925494, 4082092.300899999216199, 0.0 ], [ 524900.291199999861419, 4082151.7993, 0.0 ], [ 521776.359400000423193, 4083879.008400000631809, 0.0 ], [ 521593.07799999974668, 4084364.812400000169873, 0.0 ], [ 521738.271599999628961, 4084691.318, 0.0 ], [ 523118.560100000351667, 4086262.027699999511242, 0.0 ], [ 522178.173799999989569, 4086982.335400000214577, 0.0 ], [ 520304.50899999961257, 4089445.349099999293685, 0.0 ], [ 518940.473299999721348, 4090070.04590000025928, 0.0 ], [ 518113.146300000138581, 4090744.652699999511242, 0.0 ], [ 518965.598699999973178, 4091679.857899999246001, 0.0 ], [ 519319.974399999715388, 4094782.675100000575185, 0.0 ], [ 518937.538099999539554, 4095043.38370000012219, 0.0 ], [ 517965.842000000178814, 4094738.373999999836087, 0.0 ], [ 517937.970800000242889, 4095121.078400000929832, 0.0 ], [ 518567.371700000017881, 4095954.683800000697374, 0.0 ], [ 518571.75040000025183, 4096736.389399999752641, 0.0 ], [ 518168.559200000017881, 4097601.098600000143051, 0.0 ], [ 516337.138100000098348, 4099692.905799999833107, 0.0 ], [ 515155.63329999987036, 4099940.406999999657273, 0.0 ], [ 512222.832600000314415, 4099595.1053, 0.0 ], [ 511431.39989999961108, 4099740.106799999251962, 0.0 ], [ 510700.327200000174344, 4099282.707100000232458, 0.0 ], [ 509935.602900000289083, 4099673.409900000318885, 0.0 ], [ 509534.572100000455976, 4099297.104299999773502, 0.0 ], [ 508802.881000000052154, 4101180.9222999997437, 0.0 ], [ 506658.899000000208616, 4103655.433700000867248, 0.0 ], [ 506797.215599999763072, 4104430.740800000727177, 0.0 ], [ 507699.910299999639392, 4105434.942399999126792, 0.0 ], [ 508064.312800000421703, 4106435.454800000414252, 0.0 ], [ 509418.758799999952316, 4107077.75789999961853, 0.0 ], [ 509831.127799999900162, 4108172.461899999529123, 0.0 ], [ 507735.466699999757111, 4109863.76799999922514, 0.0 ], [ 507333.25650000013411, 4111852.7785, 0.0 ], [ 509758.879499999806285, 4112407.796700000762939, 0.0 ], [ 510414.527099999599159, 4112210.432700000703335, 0.0 ], [ 511015.406600000336766, 4112650.358300000429153, 0.0 ], [ 511277.441399999894202, 4113120.895999999716878, 0.0 ], [ 511078.505300000309944, 4113194.340500000864267, 0.0 ], [ 513583.833200000226498, 4114773.173599999397993, 0.0 ], [ 514796.424999999813735, 4116137.128699999302626, 0.0 ], [ 515200.002399999648333, 4116942.769600000232458, 0.0 ], [ 515540.503600000403821, 4116920.046800000593066, 0.0 ], [ 515766.2659, 4118018.458699999377131, 0.0 ], [ 516744.246799999848008, 4119228.5121, 0.0 ], [ 519152.558100000023842, 4121129.279500000178814, 0.0 ], [ 519386.066100000403821, 4121029.713899999856949, 0.0 ], [ 519474.358900000341237, 4119696.398900000378489, 0.0 ], [ 519888.721099999733269, 4119727.022299999371171, 0.0 ], [ 519718.678999999538064, 4119484.396500000730157, 0.0 ], [ 519840.840800000354648, 4118811.873299999162555, 0.0 ], [ 521085.785400000400841, 4118507.184599999338388, 0.0 ], [ 521457.77489999961108, 4118807.926899999380112, 0.0 ], [ 521624.263100000098348, 4118560.222400000318885, 0.0 ], [ 522162.088100000284612, 4118665.170800000429153, 0.0 ], [ 522749.692300000227988, 4118430.928600000217557, 0.0 ], [ 523054.850899999961257, 4118682.893899999558926, 0.0 ], [ 522994.387900000438094, 4118947.433599999174476, 0.0 ], [ 523417.472299999557436, 4118766.488600000739098, 0.0 ], [ 524072.610700000077486, 4118923.635700000450015, 0.0 ], [ 524921.628800000064075, 4119548.203700000420213, 0.0 ], [ 525482.467899999581277, 4119504.5592, 0.0 ], [ 526333.823099999688566, 4120177.019200000911951, 0.0 ], [ 527415.960199999623001, 4120011.3289, 0.0 ], [ 529681.567900000140071, 4120301.581700000911951, 0.0 ], [ 531704.635200000368059, 4121569.088999999687076, 0.0 ], [ 531992.196999999694526, 4121449.579800000414252, 0.0 ], [ 532632.901800000108778, 4122006.808599999174476, 0.0 ], [ 533164.844600000418723, 4122135.870799999684095, 0.0 ], [ 534403.702800000086427, 4123226.605799999088049, 0.0 ], [ 534405.442300000227988, 4123835.832699999213219, 0.0 ], [ 535663.239299999549985, 4123849.93779999949038, 0.0 ], [ 536183.00040000025183, 4124405.977399999275804, 0.0 ], [ 539241.845599999651313, 4124321.702500000596046, 0.0 ], [ 540124.718999999575317, 4123700.636199999600649, 0.0 ], [ 540710.622399999760091, 4123749.165100000798702, 0.0 ], [ 542233.003800000064075, 4124322.6645, 0.0 ], [ 543742.785500000230968, 4125177.6853, 0.0 ], [ 543804.748399999924004, 4125418.713600000366569, 0.0 ], [ 545396.491799999959767, 4126028.212200000882149, 0.0 ], [ 547456.518099999986589, 4127783.822499999776483, 0.0 ], [ 548048.223899999633431, 4127595.740800000727177, 0.0 ], [ 548431.872700000181794, 4128044.031500000506639, 0.0 ], [ 549440.348500000312924, 4128458.880699999630451, 0.0 ], [ 549793.768799999728799, 4128447.730499999597669, 0.0 ], [ 550801.88370000012219, 4127234.323799999430776, 0.0 ], [ 551412.786999999545515, 4127276.794800000265241, 0.0 ], [ 551728.01549999974668, 4127558.058399999514222, 0.0 ], [ 552166.737099999561906, 4127483.433299999684095, 0.0 ], [ 555356.424999999813735, 4129353.133199999108911, 0.0 ], [ 558057.585500000044703, 4131599.3816, 0.0 ], [ 557957.513299999758601, 4131711.174799999222159, 0.0 ], [ 558029.105399999767542, 4131809.005300000309944, 0.0 ], [ 558137.561300000175834, 4131622.1524, 0.0 ], [ 558692.876799999736249, 4131785.129300000146031, 0.0 ], [ 559239.900500000454485, 4132399.816099999472499, 0.0 ], [ 559774.477400000207126, 4131895.541600000113249, 0.0 ], [ 560627.0318, 4131876.799000000581145, 0.0 ], [ 561113.400799999944866, 4132262.88120000064373, 0.0 ], [ 561751.316800000146031, 4131800.289200000464916, 0.0 ], [ 561952.923000000417233, 4131967.592000000178814, 0.0 ], [ 562337.182900000363588, 4131739.539799999445677, 0.0 ], [ 564033.229500000365078, 4132138.256799999624491, 0.0 ], [ 564902.575299999676645, 4132835.478900000452995, 0.0 ], [ 565046.864099999889731, 4132706.95549999922514, 0.0 ], [ 565928.280600000172853, 4133208.059900000691414, 0.0 ], [ 566273.519199999980628, 4132964.3969, 0.0 ], [ 566883.374099999666214, 4133184.3125, 0.0 ], [ 566982.048499999567866, 4132781.66469999961555, 0.0 ], [ 567253.514899999834597, 4132667.736099999397993, 0.0 ], [ 567125.929700000211596, 4132293.302799999713898, 0.0 ], [ 567366.174700000323355, 4131947.473899999633431, 0.0 ], [ 567965.351300000213087, 4131533.527799999341369, 0.0 ], [ 569664.160000000149012, 4131029.782700000330806, 0.0 ], [ 571001.300099999643862, 4131054.752800000831485, 0.0 ], [ 572851.675200000405312, 4132048.1162, 0.0 ], [ 573956.199300000444055, 4131972.36600000038743, 0.0 ], [ 574063.588999999687076, 4132314.615299999713898, 0.0 ], [ 574615.933600000105798, 4131695.65430000051856, 0.0 ], [ 575197.174800000153482, 4131874.2369, 0.0 ], [ 575701.910799999721348, 4131628.401699999347329, 0.0 ], [ 576410.982200000435114, 4131846.876900000497699, 0.0 ], [ 576970.04700000025332, 4129962.4583, 0.0 ], [ 576886.902099999599159, 4128588.233799999579787, 0.0 ], [ 577541.258100000210106, 4126828.31980000063777, 0.0 ], [ 578406.041400000452995, 4125811.632400000467896, 0.0 ], [ 578923.467699999921024, 4125676.539799999445677, 0.0 ], [ 578413.826200000010431, 4125698.787399999797344, 0.0 ], [ 578378.101400000043213, 4125444.126299999654293, 0.0 ], [ 578296.175300000235438, 4125318.243100000545382, 0.0 ], [ 578381.684000000357628, 4125668.974600000306964, 0.0 ], [ 577781.378800000064075, 4125736.615000000223517, 0.0 ], [ 577538.368400000035763, 4125640.687100000679493, 0.0 ], [ 577459.734899999573827, 4125520.365199999883771, 0.0 ], [ 577596.903800000436604, 4125333.925599999725819, 0.0 ], [ 577551.648199999704957, 4125573.488399999216199, 0.0 ], [ 577829.496899999678135, 4125672.054300000891089, 0.0 ], [ 578008.019299999810755, 4125075.52449999935925, 0.0 ], [ 578154.03899999987334, 4125194.229299999773502, 0.0 ], [ 578031.651300000026822, 4125633.9211, 0.0 ], [ 578090.10329999960959, 4125623.82909999974072, 0.0 ], [ 578236.778699999675155, 4125275.5428, 0.0 ], [ 578140.69579999987036, 4125072.869000000879169, 0.0 ], [ 576854.582100000232458, 4124157.086200000718236, 0.0 ], [ 575435.436099999584258, 4123914.1776, 0.0 ], [ 575346.823099999688566, 4123722.21169999986887, 0.0 ], [ 576109.703900000080466, 4123533.403599999845028, 0.0 ], [ 576151.138100000098348, 4123292.5165, 0.0 ], [ 574787.070199999958277, 4122791.541999999433756, 0.0 ], [ 574663.950600000098348, 4122993.549900000914931, 0.0 ], [ 574485.202399999834597, 4122753.492200000211596, 0.0 ], [ 574625.826500000432134, 4122384.9923, 0.0 ], [ 574302.991499999538064, 4122472.213500000536442, 0.0 ], [ 573948.317900000140071, 4122009.631100000813603, 0.0 ], [ 573859.286700000055134, 4122457.484999999403954, 0.0 ], [ 573283.110999999567866, 4121808.081399999558926, 0.0 ], [ 572616.013799999840558, 4121885.740199999883771, 0.0 ], [ 573060.108900000341237, 4121045.700099999085069, 0.0 ], [ 572450.605399999767542, 4121184.1568, 0.0 ], [ 571975.474200000055134, 4121681.973300000652671, 0.0 ], [ 571390.832299999892712, 4121449.845599999651313, 0.0 ], [ 571105.509999999776483, 4120878.075300000607967, 0.0 ], [ 571807.812800000421703, 4120679.764000000432134, 0.0 ], [ 571023.515999999828637, 4119596.803099999204278, 0.0 ], [ 570803.067300000227988, 4118895.273, 0.0 ], [ 570205.383600000292063, 4118927.670800000429153, 0.0 ], [ 569745.623100000433624, 4118472.150800000876188, 0.0 ], [ 569717.934299999848008, 4118752.42369999922812, 0.0 ], [ 569391.368400000035763, 4118854.821599999442697, 0.0 ], [ 569791.228799999691546, 4119354.119999999180436, 0.0 ], [ 569887.244699999690056, 4119978.3037, 0.0 ], [ 571154.992499999701977, 4121173.767899999395013, 0.0 ], [ 570734.607900000177324, 4121363.497099999338388, 0.0 ], [ 570166.384399999864399, 4120916.453400000929832, 0.0 ], [ 569290.702800000086427, 4120983.371099999174476, 0.0 ], [ 569059.777200000360608, 4120631.1706000007689, 0.0 ], [ 569109.091099999845028, 4119026.533500000834465, 0.0 ], [ 568396.511300000362098, 4119513.005100000649691, 0.0 ], [ 568053.899400000460446, 4118922.449400000274181, 0.0 ], [ 568426.162899999879301, 4118562.26630000025034, 0.0 ], [ 568255.688900000415742, 4118260.769400000572205, 0.0 ], [ 568536.370799999684095, 4118453.915100000798702, 0.0 ], [ 568701.876199999824166, 4118400.093000000342727, 0.0 ], [ 568438.420099999755621, 4118358.381999999284744, 0.0 ], [ 568739.968299999833107, 4118117.377699999138713, 0.0 ], [ 568680.300499999895692, 4117396.529200000688434, 0.0 ], [ 568969.748800000175834, 4117096.956700000911951, 0.0 ], [ 569653.420099999755621, 4117958.993699999526143, 0.0 ], [ 569823.539900000207126, 4117095.741699999198318, 0.0 ], [ 569329.552400000393391, 4115521.7423, 0.0 ], [ 569395.862499999813735, 4114796.957000000402331, 0.0 ], [ 570198.14989999961108, 4113915.309000000357628, 0.0 ], [ 571427.739900000393391, 4113559.955900000408292, 0.0 ], [ 570881.877999999560416, 4113510.2226, 0.0 ], [ 572170.952800000086427, 4112473.342499999329448, 0.0 ], [ 571572.828700000420213, 4112365.791999999433756, 0.0 ], [ 571834.387000000104308, 4112285.710100000724196, 0.0 ], [ 571600.379200000315905, 4112215.902000000700355, 0.0 ], [ 571788.784500000067055, 4112139.835799999535084, 0.0 ], [ 571683.871100000105798, 4111638.262000000104308, 0.0 ], [ 571934.507100000046194, 4111583.897600000724196, 0.0 ], [ 571696.276999999769032, 4111611.253100000321865, 0.0 ], [ 571591.155199999921024, 4111200.301400000229478, 0.0 ], [ 572335.752000000327826, 4110383.0976, 0.0 ], [ 573937.611200000159442, 4110069.786699999123812, 0.0 ], [ 574644.456600000150502, 4110164.063699999824166, 0.0 ], [ 575858.752700000070035, 4109736.606499999761581, 0.0 ], [ 576800.754900000058115, 4109766.289200000464916, 0.0 ], [ 577641.58530000038445, 4110264.8706, 0.0 ], [ 578607.926400000229478, 4111334.320800000801682, 0.0 ], [ 580978.693099999800324, 4112227.762700000777841, 0.0 ], [ 581968.675099999643862, 4113879.437599999830127, 0.0 ], [ 583055.279500000178814, 4117232.550300000235438, 0.0 ], [ 583226.913200000301003, 4118538.700200000777841, 0.0 ], [ 582767.170099999755621, 4119616.9046, 0.0 ], [ 581696.60869999974966, 4119945.142699999734759, 0.0 ], [ 579252.407300000078976, 4119743.594499999657273, 0.0 ], [ 578697.155299999751151, 4119908.332000000402331, 0.0 ], [ 578426.643600000068545, 4119718.839700000360608, 0.0 ], [ 578315.240399999544024, 4120054.688999999314547, 0.0 ], [ 576769.142400000244379, 4120535.229599999263883, 0.0 ], [ 575834.364400000311434, 4120421.712400000542402, 0.0 ], [ 575701.887799999676645, 4120009.749399999156594, 0.0 ], [ 575642.374499999918044, 4120342.722699999809265, 0.0 ], [ 574930.650299999862909, 4120339.175499999895692, 0.0 ], [ 575350.786999999545515, 4119819.987999999895692, 0.0 ], [ 575242.364699999801815, 4119732.761399999260902, 0.0 ], [ 574829.9989, 4120304.971999999135733, 0.0 ], [ 574246.809299999848008, 4119960.429700000211596, 0.0 ], [ 574041.105100000277162, 4119519.127599999308586, 0.0 ], [ 572805.128100000321865, 4119755.7643, 0.0 ], [ 572969.030799999833107, 4120398.059299999848008, 0.0 ], [ 573505.368999999947846, 4120220.846599999815226, 0.0 ], [ 574294.262699999846518, 4120776.668199999257922, 0.0 ], [ 574215.926199999637902, 4121484.910399999469519, 0.0 ], [ 574506.347699999809265, 4121392.0142, 0.0 ], [ 576794.177299999631941, 4122741.956199999898672, 0.0 ], [ 577146.507299999706447, 4124010.498700000345707, 0.0 ], [ 577902.858, 4124606.565500000491738, 0.0 ], [ 578341.863800000399351, 4124894.258600000292063, 0.0 ], [ 578233.232300000265241, 4124567.072499999776483, 0.0 ], [ 578707.345300000160933, 4124535.80210000090301, 0.0 ], [ 578889.270999999716878, 4125309.230799999088049, 0.0 ], [ 578913.344100000336766, 4125275.162200000137091, 0.0 ], [ 578875.073099999688566, 4125171.505599999800324, 0.0 ], [ 578748.339700000360608, 4124630.822100000455976, 0.0 ], [ 578755.292200000025332, 4124610.114900000393391, 0.0 ], [ 578985.459999999962747, 4124785.00899999961257, 0.0 ], [ 579235.347599999979138, 4124742.666799999773502, 0.0 ], [ 579383.098000000230968, 4124618.381899999454618, 0.0 ], [ 579035.735299999825656, 4124761.877299999818206, 0.0 ], [ 578838.002999999560416, 4124393.075400000438094, 0.0 ], [ 579135.167600000277162, 4124195.666400000452995, 0.0 ], [ 579253.425099999643862, 4124608.371999999508262, 0.0 ], [ 579155.192800000309944, 4124038.592800000682473, 0.0 ], [ 580219.503100000321865, 4123437.373400000855327, 0.0 ], [ 586585.568599999882281, 4122270.89780000038445, 0.0 ], [ 586899.209499999880791, 4122466.024299999698997, 0.0 ], [ 587798.542500000447035, 4122347.2347999997437, 0.0 ], [ 589169.897499999962747, 4122760.003599999472499, 0.0 ], [ 589615.096199999563396, 4122638.877800000831485, 0.0 ], [ 594756.850499999709427, 4124787.66300000064075, 0.0 ], [ 594863.4068, 4124605.564500000327826, 0.0 ], [ 594823.125300000421703, 4124451.699500000104308, 0.0 ], [ 594839.996700000017881, 4124602.134700000286102, 0.0 ], [ 594777.658999999985099, 4124639.145099999383092, 0.0 ], [ 594595.630699999630451, 4124252.874199999496341, 0.0 ], [ 594841.53000000026077, 4123681.352900000289083, 0.0 ], [ 595551.664800000376999, 4123034.361600000411272, 0.0 ], [ 596245.835500000044703, 4121767.262499999254942, 0.0 ], [ 597166.048600000329316, 4121429.667199999094009, 0.0 ], [ 599590.735399999655783, 4121391.552300000563264, 0.0 ], [ 601867.094399999827147, 4120342.404699999839067, 0.0 ], [ 602935.659500000067055, 4119661.252800000831485, 0.0 ], [ 603495.931699999608099, 4118954.519300000742078, 0.0 ], [ 605920.774699999950826, 4118006.059699999168515, 0.0 ], [ 605722.205400000326335, 4117923.71000000089407, 0.0 ], [ 605870.983, 4117614.387499999254942, 0.0 ], [ 607198.800499999895692, 4116953.988299999386072, 0.0 ], [ 607224.487800000235438, 4116344.518999999389052, 0.0 ], [ 607635.657100000418723, 4115837.042999999597669, 0.0 ], [ 608786.39989999961108, 4115514.060699999332428, 0.0 ], [ 610812.949799999594688, 4115578.685499999672174, 0.0 ], [ 611623.2182, 4115288.19620000012219, 0.0 ], [ 613288.074500000104308, 4115468.1787, 0.0 ], [ 613540.99129999987781, 4115285.551999999210238, 0.0 ], [ 613664.71059999987483, 4114853.781199999153614, 0.0 ], [ 612811.741899999789894, 4114822.524800000712276, 0.0 ], [ 611446.528300000354648, 4114299.590900000184774, 0.0 ], [ 609994.229700000025332, 4112357.319499999284744, 0.0 ], [ 609276.636699999682605, 4111963.926799999549985, 0.0 ], [ 609342.19440000038594, 4111771.273299999535084, 0.0 ], [ 609174.75899999961257, 4112174.352399999275804, 0.0 ], [ 609216.767599999904633, 4112436.54619999974966, 0.0 ], [ 609042.357599999755621, 4112359.931700000539422, 0.0 ], [ 609198.5318, 4111972.89130000025034, 0.0 ], [ 608766.251699999906123, 4112179.738199999555945, 0.0 ], [ 608887.678199999965727, 4112410.221400000154972, 0.0 ], [ 608371.587600000202656, 4112242.8169, 0.0 ], [ 608539.525399999693036, 4113498.21000000089407, 0.0 ], [ 608199.549899999983609, 4113917.145199999213219, 0.0 ], [ 606683.435300000011921, 4114021.902300000190735, 0.0 ], [ 605831.684899999760091, 4113762.634099999442697, 0.0 ], [ 605945.590099999681115, 4113657.933299999684095, 0.0 ], [ 604707.511099999770522, 4113522.558199999853969, 0.0 ], [ 603066.343299999833107, 4113633.026200000196695, 0.0 ], [ 602150.207899999804795, 4113260.572000000625849, 0.0 ], [ 600972.49309999961406, 4111381.883199999108911, 0.0 ], [ 600976.331799999810755, 4111005.399299999698997, 0.0 ], [ 600781.602900000289083, 4111044.360999999567866, 0.0 ], [ 600806.448699999600649, 4110705.002699999138713, 0.0 ], [ 601118.426900000311434, 4110573.603199999779463, 0.0 ], [ 600799.984299999661744, 4110191.09940000064671, 0.0 ], [ 601130.212799999862909, 4110336.7094, 0.0 ], [ 601377.859899999573827, 4110176.772099999710917, 0.0 ], [ 601702.475700000301003, 4109336.450500000268221, 0.0 ], [ 602535.266699999570847, 4109212.457399999722838, 0.0 ], [ 602819.165900000371039, 4108913.755300000309944, 0.0 ], [ 604212.989500000141561, 4108821.0482, 0.0 ], [ 604349.035299999639392, 4108664.305400000885129, 0.0 ], [ 603956.175300000235438, 4108621.389399999752641, 0.0 ], [ 604037.88150000013411, 4108353.237500000745058, 0.0 ], [ 605505.264999999664724, 4107304.453700000420213, 0.0 ], [ 607850.558699999935925, 4107531.255000000819564, 0.0 ], [ 607450.242899999953806, 4109217.968499999493361, 0.0 ], [ 607334.792500000447035, 4111385.3487, 0.0 ], [ 608062.316800000146031, 4111817.221100000664592, 0.0 ], [ 607910.973299999721348, 4111960.399000000208616, 0.0 ], [ 608270.845900000073016, 4112224.464299999177456, 0.0 ], [ 608256.17090000025928, 4112014.77309999987483, 0.0 ], [ 607578.928299999795854, 4111163.469900000840425, 0.0 ], [ 607454.900200000032783, 4110569.988199999555945, 0.0 ], [ 607975.092199999839067, 4107433.172700000926852, 0.0 ], [ 607653.816800000146031, 4106887.999299999326468, 0.0 ], [ 607864.430200000293553, 4107413.307499999180436, 0.0 ], [ 607399.473199999891222, 4107151.883899999782443, 0.0 ], [ 607435.243200000375509, 4106925.996899999678135, 0.0 ], [ 606947.736999999731779, 4106957.817600000649691, 0.0 ], [ 604968.902300000190735, 4106299.429500000551343, 0.0 ], [ 603974.892900000326335, 4106754.929999999701977, 0.0 ], [ 603103.268799999728799, 4106610.728900000452995, 0.0 ], [ 602706.328099999576807, 4107262.1305, 0.0 ], [ 601132.128999999724329, 4106888.934800000861287, 0.0 ], [ 600469.059999999590218, 4106469.128000000491738, 0.0 ], [ 600125.808299999684095, 4107009.93129999935627, 0.0 ], [ 599596.306499999947846, 4107016.930099999532104, 0.0 ], [ 598974.615100000053644, 4106152.93099999986589, 0.0 ], [ 598010.290599999949336, 4105693.752000000327826, 0.0 ], [ 597015.390100000426173, 4104819.804999999701977, 0.0 ], [ 596622.448099999688566, 4103696.1469, 0.0 ], [ 597232.75899999961257, 4101796.641799999400973, 0.0 ], [ 596906.699599999934435, 4101163.47690000012517, 0.0 ], [ 596892.285400000400841, 4100290.8991, 0.0 ], [ 595903.445199999958277, 4098390.01490000076592, 0.0 ], [ 594841.661399999633431, 4095250.935200000181794, 0.0 ], [ 594264.786700000055134, 4094564.251000000163913, 0.0 ], [ 591673.027400000020862, 4092736.093000000342727, 0.0 ], [ 591469.443900000303984, 4091275.6415, 0.0 ], [ 591257.812800000421703, 4090904.834699999541044, 0.0 ], [ 590538.498700000345707, 4090541.636900000274181, 0.0 ], [ 590956.9364, 4090123.339199999347329, 0.0 ], [ 590952.499699999578297, 4088970.326999999582767, 0.0 ], [ 589830.867999999783933, 4087822.824100000783801, 0.0 ], [ 588719.147599999792874, 4085527.547900000587106, 0.0 ], [ 586882.416199999861419, 4086170.311499999836087, 0.0 ], [ 583969.265100000426173, 4084957.0022, 0.0 ], [ 584059.335199999623001, 4085387.00730000063777, 0.0 ], [ 582391.752799999900162, 4088995.335100000724196, 0.0 ], [ 581342.998700000345707, 4088636.626199999824166, 0.0 ], [ 580838.498499999754131, 4088868.0307, 0.0 ], [ 579145.550499999895692, 4088904.334100000560284, 0.0 ], [ 578480.610000000335276, 4089373.031700000166893, 0.0 ], [ 577277.913399999961257, 4089650.037399999797344, 0.0 ], [ 576879.917000000365078, 4089379.330900000408292, 0.0 ], [ 576495.287299999967217, 4089436.639799999073148, 0.0 ], [ 575060.906000000424683, 4089911.336500000208616, 0.0 ], [ 572932.006199999712408, 4091038.344699999317527, 0.0 ] ] ], [ [ [ 495156.434100000187755, 4154491.3902000002563, 0.0 ], [ 495415.357400000095367, 4153819.158700000494719, 0.0 ], [ 496270.180499999783933, 4152988.650800000876188, 0.0 ], [ 495635.425200000405312, 4151726.550300000235438, 0.0 ], [ 494513.337299999780953, 4152586.35950000025332, 0.0 ], [ 493664.675400000065565, 4151945.037900000810623, 0.0 ], [ 493104.06290000025183, 4151952.799000000581145, 0.0 ], [ 492245.45409999974072, 4151471.108999999240041, 0.0 ], [ 491448.40500000026077, 4151495.865000000223517, 0.0 ], [ 491012.058000000193715, 4151957.149599999189377, 0.0 ], [ 491307.107099999673665, 4152408.01630000025034, 0.0 ], [ 491937.498599999584258, 4152726.073400000110269, 0.0 ], [ 492144.894999999552965, 4153219.645500000566244, 0.0 ], [ 494314.017500000074506, 4153480.755899999290705, 0.0 ], [ 494735.540300000458956, 4153976.650000000372529, 0.0 ], [ 494717.731399999931455, 4154523.175300000235438, 0.0 ], [ 495156.434100000187755, 4154491.3902000002563, 0.0 ] ] ] ] } },
{ "type": "Feature", "properties": { "gouvernorat": "El Kef" }, "geometry": { "type": "Polygon", "coordinates": [ [ [ 465255.880599999800324, 3954195.567199999466538, 0.0 ], [ 465562.042299999855459, 3953133.557499999180436, 0.0 ], [ 466172.452600000426173, 3952470.059000000357628, 0.0 ], [ 465913.606200000271201, 3949974.543199999257922, 0.0 ], [ 466156.423100000247359, 3949073.541799999773502, 0.0 ], [ 466511.98589999973774, 3948873.031500000506639, 0.0 ], [ 466348.766800000332296, 3948443.236600000411272, 0.0 ], [ 466533.515999999828637, 3948198.235200000926852, 0.0 ], [ 466029.766400000080466, 3947497.524000000208616, 0.0 ], [ 465609.424100000411272, 3947485.026399999856949, 0.0 ], [ 465799.920599999837577, 3947294.02419999986887, 0.0 ], [ 465388.574500000104308, 3946982.025900000706315, 0.0 ], [ 465408.513199999928474, 3946460.519300000742078, 0.0 ], [ 464907.921699999831617, 3945753.019400000572205, 0.0 ], [ 464909.950299999676645, 3945507.817900000140071, 0.0 ], [ 465148.009100000374019, 3945463.816700000315905, 0.0 ], [ 462697.248700000345707, 3944280.810699999332428, 0.0 ], [ 462353.559999999590218, 3943709.8037, 0.0 ], [ 461791.330699999816716, 3943346.805500000715256, 0.0 ], [ 460792.901999999769032, 3943037.006699999794364, 0.0 ], [ 459166.202399999834597, 3944136.508600000292063, 0.0 ], [ 458694.199199999682605, 3945658.517000000923872, 0.0 ], [ 458957.39130000025034, 3946045.82039999961853, 0.0 ], [ 458619.474700000137091, 3946184.222899999469519, 0.0 ], [ 453397.361299999989569, 3947007.518899999558926, 0.0 ], [ 451035.153300000354648, 3946322.823999999091029, 0.0 ], [ 449001.832600000314415, 3946544.519600000232458, 0.0 ], [ 447088.943099999800324, 3945974.012299999594688, 0.0 ], [ 446784.158800000324845, 3944876.809599999338388, 0.0 ], [ 445617.275100000202656, 3943309.999800000339746, 0.0 ], [ 445336.313000000081956, 3943041.802799999713898, 0.0 ], [ 444422.676699999719858, 3942941.002499999478459, 0.0 ], [ 444587.430100000463426, 3940601.485999999567866, 0.0 ], [ 443229.332200000062585, 3941001.786399999633431, 0.0 ], [ 441439.916600000113249, 3940516.982100000604987, 0.0 ], [ 441180.476300000213087, 3940617.486300000920892, 0.0 ], [ 441718.666400000452995, 3941509.49129999987781, 0.0 ], [ 442055.698900000192225, 3944179.755899999290705, 0.0 ], [ 441671.290300000458956, 3945233.511499999091029, 0.0 ], [ 441850.041100000031292, 3945605.763699999079108, 0.0 ], [ 441703.258799999952316, 3946998.521199999377131, 0.0 ], [ 439811.685600000433624, 3948567.02930000051856, 0.0 ], [ 438357.427699999883771, 3948690.0296, 0.0 ], [ 437609.98589999973774, 3949474.283600000664592, 0.0 ], [ 437364.3909, 3949405.783299999311566, 0.0 ], [ 436596.480100000277162, 3950751.540400000289083, 0.0 ], [ 434863.563799999654293, 3952854.301400000229478, 0.0 ], [ 433448.462100000120699, 3953752.55599999986589, 0.0 ], [ 433613.587700000032783, 3954619.310799999162555, 0.0 ], [ 433230.210400000214577, 3955405.814999999478459, 0.0 ], [ 432930.739400000311434, 3957383.325799999758601, 0.0 ], [ 433572.461199999786913, 3959460.587300000712276, 0.0 ], [ 433492.022699999623001, 3960964.345599999651313, 0.0 ], [ 434007.806499999947846, 3962551.854599999263883, 0.0 ], [ 433880.743200000375509, 3962937.356699999421835, 0.0 ], [ 434276.213800000026822, 3963602.860400000587106, 0.0 ], [ 433781.428299999795854, 3969296.3918999992311, 0.0 ], [ 434109.148599999956787, 3970190.3969, 0.0 ], [ 432567.10869999974966, 3970994.151000000536442, 0.0 ], [ 433892.709300000220537, 3972336.908800000324845, 0.0 ], [ 434241.96100000012666, 3973409.664899999275804, 0.0 ], [ 432789.6091, 3973472.91469999961555, 0.0 ], [ 432825.07799999974668, 3973949.417400000616908, 0.0 ], [ 433492.394000000320375, 3974613.671299999579787, 0.0 ], [ 433301.580400000326335, 3974818.922399999573827, 0.0 ], [ 433482.268400000408292, 3976726.683199999853969, 0.0 ], [ 434168.740699999965727, 3977683.188699999824166, 0.0 ], [ 434549.930200000293553, 3977644.438500000163913, 0.0 ], [ 434841.025600000284612, 3978051.190899999812245, 0.0 ], [ 435914.59389999974519, 3978430.693299999460578, 0.0 ], [ 435766.843000000342727, 3978680.444700000807643, 0.0 ], [ 435995.563000000081956, 3978875.445800000801682, 0.0 ], [ 436928.035400000400841, 3984952.730100000277162, 0.0 ], [ 436530.21999999973923, 3987398.74379999935627, 0.0 ], [ 436698.033200000412762, 3988227.748400000855327, 0.0 ], [ 437137.035500000230968, 3988588.500600000843406, 0.0 ], [ 438174.978400000371039, 3990589.012199999764562, 0.0 ], [ 437989.445899999700487, 3991290.266000000759959, 0.0 ], [ 438677.355800000019372, 3992112.270899999886751, 0.0 ], [ 439031.701200000010431, 3993415.278400000184774, 0.0 ], [ 440319.395800000056624, 3994090.282400000840425, 0.0 ], [ 441025.399500000290573, 3995068.788100000470877, 0.0 ], [ 440372.301599999889731, 3997163.299900000914931, 0.0 ], [ 440539.021200000308454, 3997449.3015, 0.0 ], [ 440454.801699999719858, 3998894.809699999168515, 0.0 ], [ 439283.201100000180304, 3999670.813799999654293, 0.0 ], [ 438396.195600000210106, 4001185.572200000286102, 0.0 ], [ 438005.412200000137091, 4001260.322499999776483, 0.0 ], [ 437606.690799999982119, 4002918.581800000742078, 0.0 ], [ 439481.044800000265241, 4004476.341199999675155, 0.0 ], [ 440637.019299999810755, 4007427.108300000429153, 0.0 ], [ 441335.116899999789894, 4008087.612299999222159, 0.0 ], [ 441243.803700000047684, 4008630.615299999713898, 0.0 ], [ 441955.307599999941885, 4009231.119000000879169, 0.0 ], [ 441790.243900000117719, 4010235.124600000679493, 0.0 ], [ 442023.307500000111759, 4011414.38150000013411, 0.0 ], [ 441534.804399999789894, 4012690.638599999248981, 0.0 ], [ 440473.798299999907613, 4012951.63990000076592, 0.0 ], [ 442128.869599999859929, 4015499.904899999499321, 0.0 ], [ 443530.752399999648333, 4016643.161800000816584, 0.0 ], [ 444383.975999999791384, 4016520.661299999803305, 0.0 ], [ 444618.446000000461936, 4017166.165100000798702, 0.0 ], [ 445340.325000000186265, 4017365.416400000452995, 0.0 ], [ 444308.943900000303984, 4018131.670499999076128, 0.0 ], [ 443959.598000000230968, 4019284.67710000090301, 0.0 ], [ 444803.602500000037253, 4020577.434800000861287, 0.0 ], [ 444299.755699999630451, 4021465.939799999818206, 0.0 ], [ 444228.223799999803305, 4022097.943399999290705, 0.0 ], [ 443988.097500000149012, 4022195.943900000303984, 0.0 ], [ 444052.847699999809265, 4022626.196399999782443, 0.0 ], [ 444952.5148, 4021735.645899999886751, 0.0 ], [ 447980.653500000014901, 4022186.247400000691414, 0.0 ], [ 450430.697700000368059, 4021760.642200000584126, 0.0 ], [ 451231.579800000414252, 4022148.645600000396371, 0.0 ], [ 451949.450299999676645, 4023832.452600000426173, 0.0 ], [ 454327.631299999542534, 4025059.260500000789762, 0.0 ], [ 455233.854700000025332, 4025324.668199999257922, 0.0 ], [ 456258.505699999630451, 4025242.964600000530481, 0.0 ], [ 457832.646200000308454, 4026437.668600000441074, 0.0 ], [ 458639.399500000290573, 4026744.977900000289083, 0.0 ], [ 458873.33530000038445, 4027449.478700000792742, 0.0 ], [ 459208.332999999634922, 4027108.975999999791384, 0.0 ], [ 459897.598899999633431, 4027112.275499999523163, 0.0 ], [ 461279.89049999974668, 4027992.281700000166893, 0.0 ], [ 462222.173299999907613, 4027984.683399999514222, 0.0 ], [ 463255.144500000402331, 4027485.982200000435114, 0.0 ], [ 463451.207200000062585, 4027051.478000000119209, 0.0 ], [ 464494.996899999678135, 4027005.277300000190735, 0.0 ], [ 465066.626699999906123, 4028324.486600000411272, 0.0 ], [ 467065.480299999937415, 4028636.485200000926852, 0.0 ], [ 469374.552500000223517, 4029601.9945, 0.0 ], [ 470224.778199999593198, 4029146.9847, 0.0 ], [ 470782.505699999630451, 4029339.486600000411272, 0.0 ], [ 471271.033599999733269, 4028765.690099999308586, 0.0 ], [ 472473.672199999913573, 4028266.479000000283122, 0.0 ], [ 472715.796400000341237, 4027722.476700000464916, 0.0 ], [ 473804.889200000092387, 4026889.671499999240041, 0.0 ], [ 474723.217600000090897, 4026980.973400000482798, 0.0 ], [ 474993.864199999719858, 4027332.673900000751019, 0.0 ], [ 476444.811300000175834, 4027891.98340000025928, 0.0 ], [ 476691.404799999669194, 4027689.9835, 0.0 ], [ 477601.231599999591708, 4028024.487400000914931, 0.0 ], [ 478326.763000000268221, 4027542.282800000160933, 0.0 ], [ 480916.154299999587238, 4028043.284, 0.0 ], [ 482147.29079999960959, 4028055.481699999421835, 0.0 ], [ 486116.252899999730289, 4029364.693, 0.0 ], [ 487915.069500000216067, 4028851.48450000025332, 0.0 ], [ 489245.420400000177324, 4029775.991800000891089, 0.0 ], [ 490825.869300000369549, 4029988.0, 0.0 ], [ 492188.964499999769032, 4032907.512800000607967, 0.0 ], [ 494590.481599999591708, 4033154.313999999314547, 0.0 ], [ 493766.14809999987483, 4032749.553999999538064, 0.0 ], [ 493651.447700000368059, 4032270.308800000697374, 0.0 ], [ 493184.689000000245869, 4031987.504599999636412, 0.0 ], [ 493603.159900000318885, 4031379.30489999987185, 0.0 ], [ 493529.532200000248849, 4030728.303600000217557, 0.0 ], [ 494023.296400000341237, 4029607.995300000533462, 0.0 ], [ 494325.384600000455976, 4029362.493699999526143, 0.0 ], [ 494626.227699999697506, 4029573.691999999806285, 0.0 ], [ 494705.446000000461936, 4028862.492599999532104, 0.0 ], [ 496021.770700000226498, 4028346.284700000658631, 0.0 ], [ 496073.83530000038445, 4027720.978499999269843, 0.0 ], [ 496442.92960000038147, 4027830.686699999496341, 0.0 ], [ 496396.24129999987781, 4027419.278200000524521, 0.0 ], [ 496797.090599999763072, 4027124.676300000399351, 0.0 ], [ 496555.873599999584258, 4026068.275299999862909, 0.0 ], [ 497188.053199999965727, 4025739.670199999585748, 0.0 ], [ 496987.339900000020862, 4025444.668600000441074, 0.0 ], [ 497099.962299999780953, 4025156.265599999576807, 0.0 ], [ 497683.622999999672174, 4025101.666400000452995, 0.0 ], [ 497487.659300000406802, 4023414.260099999606609, 0.0 ], [ 498118.602099999785423, 4022932.955299999564886, 0.0 ], [ 498005.559200000017881, 4022207.2489, 0.0 ], [ 498670.0296, 4021867.646099999547005, 0.0 ], [ 498735.724600000306964, 4021533.24210000038147, 0.0 ], [ 498227.71999999973923, 4021302.447799999266863, 0.0 ], [ 498170.0318, 4020567.443199999630451, 0.0 ], [ 497543.995400000363588, 4020920.943299999460578, 0.0 ], [ 497758.471099999733269, 4020408.944499999284744, 0.0 ], [ 496668.990799999795854, 4020844.438400000333786, 0.0 ], [ 496954.496500000357628, 4020182.939200000837445, 0.0 ], [ 496730.620699999853969, 4019970.64130000025034, 0.0 ], [ 496599.593500000424683, 4020264.64299999922514, 0.0 ], [ 496240.839499999769032, 4020097.236099999397993, 0.0 ], [ 496333.836600000038743, 4019780.238900000229478, 0.0 ], [ 495295.926199999637902, 4018950.932900000363588, 0.0 ], [ 495148.08559999987483, 4018509.630200000479817, 0.0 ], [ 495765.867899999953806, 4018202.630999999120831, 0.0 ], [ 494876.358799999579787, 4017833.623800000175834, 0.0 ], [ 494861.35950000025332, 4017640.42200000025332, 0.0 ], [ 495544.457499999552965, 4016732.921599999070168, 0.0 ], [ 496564.713399999774992, 4016713.915400000289083, 0.0 ], [ 496528.95920000039041, 4016413.2149, 0.0 ], [ 495918.548799999989569, 4016246.2179000005126, 0.0 ], [ 495967.991200000047684, 4015705.614700000733137, 0.0 ], [ 496481.182500000111759, 4015845.417099999263883, 0.0 ], [ 496856.436499999836087, 4015082.208100000396371, 0.0 ], [ 497338.524299999698997, 4015165.21169999986887, 0.0 ], [ 497109.997700000181794, 4014852.60359999909997, 0.0 ], [ 497975.280299999751151, 4013913.399299999698997, 0.0 ], [ 498279.71860000025481, 4012660.897199999541044, 0.0 ], [ 499623.856700000353158, 4010737.387700000777841, 0.0 ], [ 500021.82799999974668, 4009578.876800000667572, 0.0 ], [ 501015.334300000220537, 4009809.38120000064373, 0.0 ], [ 502217.30489999987185, 4009466.178999999538064, 0.0 ], [ 503007.030399999581277, 4009676.877499999478459, 0.0 ], [ 503647.719600000418723, 4009695.87360000051558, 0.0 ], [ 503728.529299999587238, 4009529.1765, 0.0 ], [ 504274.976400000043213, 4007614.365499999374151, 0.0 ], [ 503468.90749999973923, 4006765.1634, 0.0 ], [ 503599.530600000172853, 4006375.560399999842048, 0.0 ], [ 503946.031200000084937, 4006404.354900000616908, 0.0 ], [ 504123.565200000070035, 4006037.157500000670552, 0.0 ], [ 504932.322200000286102, 4005539.855799999088049, 0.0 ], [ 503062.591099999845028, 4003466.846000000834465, 0.0 ], [ 503262.347799999639392, 4002848.53830000013113, 0.0 ], [ 502865.802899999544024, 4000737.526000000536442, 0.0 ], [ 503446.849600000306964, 3998818.3158, 0.0 ], [ 503808.308199999853969, 3998286.31110000051558, 0.0 ], [ 505725.205599999986589, 3997901.107300000265241, 0.0 ], [ 506300.1091, 3997212.103499999269843, 0.0 ], [ 508212.718799999915063, 3995822.298499999567866, 0.0 ], [ 508678.718799999915063, 3995718.299100000411272, 0.0 ], [ 509565.226300000213087, 3996320.299900000914931, 0.0 ], [ 510038.474399999715388, 3996205.3026, 0.0 ], [ 510352.758200000040233, 3995036.293999999761581, 0.0 ], [ 510816.597799999639392, 3994456.788599999621511, 0.0 ], [ 511340.014000000432134, 3994565.2972, 0.0 ], [ 512260.486200000159442, 3993805.287499999627471, 0.0 ], [ 512998.61710000038147, 3993744.2895, 0.0 ], [ 513629.114400000311434, 3993980.492799999192357, 0.0 ], [ 514554.154900000430644, 3992842.277899999171495, 0.0 ], [ 513846.311099999584258, 3990637.774299999698997, 0.0 ], [ 514649.724600000306964, 3989276.263599999248981, 0.0 ], [ 514355.873999999836087, 3989055.257400000467896, 0.0 ], [ 513651.114099999889731, 3987403.7544, 0.0 ], [ 514829.534300000406802, 3985797.442199999466538, 0.0 ], [ 514446.034300000406802, 3985202.2401, 0.0 ], [ 514733.255099999718368, 3983941.429500000551343, 0.0 ], [ 514441.944199999794364, 3983155.725099999457598, 0.0 ], [ 512528.707999999634922, 3981619.019300000742078, 0.0 ], [ 510244.975599999539554, 3980476.415699999779463, 0.0 ], [ 509990.342400000430644, 3978894.408900000154972, 0.0 ], [ 509565.909900000318885, 3978617.203700000420213, 0.0 ], [ 508802.472400000318885, 3976720.3893, 0.0 ], [ 508789.221199999563396, 3974630.682900000363588, 0.0 ], [ 509164.384399999864399, 3974227.682700000703335, 0.0 ], [ 509012.973399999551475, 3973656.375900000333786, 0.0 ], [ 508034.936499999836087, 3972193.665500000119209, 0.0 ], [ 507137.767300000414252, 3971406.661299999803305, 0.0 ], [ 504884.478900000452995, 3971633.166500000283122, 0.0 ], [ 503658.999499999918044, 3968780.6513, 0.0 ], [ 502728.376500000245869, 3968100.346100000664592, 0.0 ], [ 502525.43680000025779, 3967569.941099999472499, 0.0 ], [ 502686.652200000360608, 3967173.639499999582767, 0.0 ], [ 502316.873599999584258, 3966795.934299999848008, 0.0 ], [ 502616.84250000026077, 3966516.339600000530481, 0.0 ], [ 504533.245199999772012, 3966725.178300000727177, 0.0 ], [ 503984.060600000433624, 3966533.336300000548363, 0.0 ], [ 503523.972900000400841, 3965293.131899999454618, 0.0 ], [ 502669.871799999848008, 3964846.630300000309944, 0.0 ], [ 501482.018500000238419, 3965084.623099999502301, 0.0 ], [ 502304.026499999687076, 3963790.1195, 0.0 ], [ 503366.657700000330806, 3962763.912699999287724, 0.0 ], [ 502699.622999999672174, 3961276.307299999520183, 0.0 ], [ 503282.879499999806285, 3958938.590199999511242, 0.0 ], [ 501953.963600000366569, 3956993.88539999909699, 0.0 ], [ 501501.899299999698997, 3956716.2804000005126, 0.0 ], [ 502343.870500000193715, 3954206.567399999126792, 0.0 ], [ 502982.654799999669194, 3953190.058700000867248, 0.0 ], [ 503380.692099999636412, 3949669.846000000834465, 0.0 ], [ 503782.473000000230968, 3948332.231000000610948, 0.0 ], [ 503306.58629999961704, 3948175.232200000435114, 0.0 ], [ 502482.054999999701977, 3948577.032600000500679, 0.0 ], [ 501667.023199999704957, 3949002.53830000013113, 0.0 ], [ 501042.735100000165403, 3949926.245300000533462, 0.0 ], [ 499273.752799999900162, 3950620.847699999809265, 0.0 ], [ 496446.402300000190735, 3950548.851199999451637, 0.0 ], [ 495628.302899999544024, 3951168.548499999567866, 0.0 ], [ 494597.17090000025928, 3951228.546599999070168, 0.0 ], [ 492194.153900000266731, 3951988.856499999761581, 0.0 ], [ 488985.051599999889731, 3953698.867799999192357, 0.0 ], [ 485986.656499999575317, 3954433.572000000625849, 0.0 ], [ 484772.333800000138581, 3955490.572799999266863, 0.0 ], [ 483498.921099999919534, 3956008.279999999329448, 0.0 ], [ 482065.884300000034273, 3958206.084699999541044, 0.0 ], [ 480094.753899999894202, 3958344.287100000306964, 0.0 ], [ 479015.333899999968708, 3959127.0921, 0.0 ], [ 478367.891400000080466, 3958272.891100000590086, 0.0 ], [ 476927.911799999885261, 3958122.890699999406934, 0.0 ], [ 476017.260499999858439, 3957622.089800000190735, 0.0 ], [ 474548.123300000093877, 3958166.59180000051856, 0.0 ], [ 473859.030899999663234, 3957924.28969999961555, 0.0 ], [ 473625.993800000287592, 3958286.887900000438094, 0.0 ], [ 473821.833499999716878, 3959418.2939, 0.0 ], [ 473033.138899999670684, 3959923.293700000271201, 0.0 ], [ 471401.293899999931455, 3959138.289100000634789, 0.0 ], [ 470910.317099999636412, 3959507.29590000025928, 0.0 ], [ 469892.724899999797344, 3959549.297399999573827, 0.0 ], [ 470003.376699999906123, 3957946.08500000089407, 0.0 ], [ 469673.755599999800324, 3956239.07289999909699, 0.0 ], [ 469008.592699999921024, 3956471.876800000667572, 0.0 ], [ 468402.305499999783933, 3956368.877100000157952, 0.0 ], [ 467877.652599999681115, 3955495.570000000298023, 0.0 ], [ 467200.887699999846518, 3955943.871200000867248, 0.0 ], [ 466906.105499999597669, 3955562.0767, 0.0 ], [ 466919.678199999965727, 3954848.268100000917912, 0.0 ], [ 465867.577100000344217, 3954626.071900000795722, 0.0 ], [ 465326.729100000113249, 3955066.574699999764562, 0.0 ], [ 465255.880599999800324, 3954195.567199999466538, 0.0 ] ] ] } },
{ "type": "Feature", "properties": { "gouvernorat": "Gabés" }, "geometry": { "type": "Polygon", "coordinates": [ [ [ 609379.327100000344217, 3742723.462600000202656, 0.0 ], [ 613287.125599999912083, 3739703.879499999806285, 0.0 ], [ 613394.886300000362098, 3739382.596899999305606, 0.0 ], [ 613177.511400000192225, 3739556.008099999278784, 0.0 ], [ 613227.510800000280142, 3739266.5472999997437, 0.0 ], [ 613933.900899999774992, 3739021.3902000002563, 0.0 ], [ 614923.790699999779463, 3738221.9583, 0.0 ], [ 615241.773900000378489, 3738216.049100000411272, 0.0 ], [ 615065.443400000222027, 3738463.333799999207258, 0.0 ], [ 615347.710099999792874, 3738360.8575, 0.0 ], [ 616241.17200000025332, 3737354.36119999922812, 0.0 ], [ 617406.382699999958277, 3736587.321599999442697, 0.0 ], [ 617944.891499999910593, 3735935.69400000013411, 0.0 ], [ 618047.951799999922514, 3735085.530600000172853, 0.0 ], [ 618645.848899999633431, 3734392.251700000837445, 0.0 ], [ 618643.379200000315905, 3733367.6097, 0.0 ], [ 618890.240699999965727, 3733942.331700000911951, 0.0 ], [ 619498.838200000114739, 3733879.468299999833107, 0.0 ], [ 623439.03249999973923, 3730161.377800000831485, 0.0 ], [ 625327.528400000184774, 3729005.8597, 0.0 ], [ 625481.527400000020862, 3729201.083699999377131, 0.0 ], [ 625800.312699999660254, 3729024.696599999442697, 0.0 ], [ 626183.012799999676645, 3729551.245999999344349, 0.0 ], [ 626334.621399999596179, 3729511.439300000667572, 0.0 ], [ 625822.744900000281632, 3729014.70409999974072, 0.0 ], [ 625848.996199999935925, 3728696.628000000491738, 0.0 ], [ 629797.010900000110269, 3726024.737700000405312, 0.0 ], [ 631385.235700000077486, 3725399.326999999582767, 0.0 ], [ 631577.001899999566376, 3725599.615900000557303, 0.0 ], [ 631846.897699999623001, 3725412.387900000438094, 0.0 ], [ 631697.905899999663234, 3725307.035199999809265, 0.0 ], [ 632496.533400000073016, 3725315.866100000217557, 0.0 ], [ 632992.360700000077486, 3725047.137599999085069, 0.0 ], [ 635645.738599999807775, 3724596.3476, 0.0 ], [ 636050.729299999773502, 3724451.248500000685453, 0.0 ], [ 636304.724799999967217, 3723939.490499999374151, 0.0 ], [ 636203.826399999670684, 3723660.847200000658631, 0.0 ], [ 635993.513600000180304, 3723838.440899999812245, 0.0 ], [ 635660.339900000020862, 3723547.984200000762939, 0.0 ], [ 635667.52350000012666, 3722634.085899999365211, 0.0 ], [ 635321.564899999648333, 3722079.392100000753999, 0.0 ], [ 634213.831799999810755, 3722055.0186, 0.0 ], [ 634506.608500000089407, 3721854.459000000730157, 0.0 ], [ 635301.872700000181794, 3721907.676300000399351, 0.0 ], [ 635936.040500000119209, 3722252.7972999997437, 0.0 ], [ 635761.242999999783933, 3721912.670299999415874, 0.0 ], [ 633585.162999999709427, 3721414.670700000599027, 0.0 ], [ 631614.413099999539554, 3720125.85840000025928, 0.0 ], [ 630933.475999999791384, 3719340.355200000107288, 0.0 ], [ 631228.150500000454485, 3718674.357599999755621, 0.0 ], [ 630636.342699999921024, 3717039.653400000184774, 0.0 ], [ 629772.215599999763072, 3717182.645400000736117, 0.0 ], [ 628983.332100000232458, 3716945.05320000089705, 0.0 ], [ 628455.636599999852479, 3716409.350099999457598, 0.0 ], [ 628325.961500000208616, 3715728.34569999948144, 0.0 ], [ 627080.767, 3714855.040400000289083, 0.0 ], [ 626966.824599999934435, 3713439.032299999147654, 0.0 ], [ 626239.892, 3712476.334499999880791, 0.0 ], [ 626434.947200000286102, 3710648.018300000578165, 0.0 ], [ 626234.06900000013411, 3710176.822200000286102, 0.0 ], [ 624613.810100000351667, 3708185.6096, 0.0 ], [ 624040.934999999590218, 3706684.608799999579787, 0.0 ], [ 619868.780899999663234, 3702245.2851, 0.0 ], [ 619346.534799999557436, 3699491.773700000718236, 0.0 ], [ 618970.275000000372529, 3698968.778200000524521, 0.0 ], [ 618609.847500000149012, 3698575.276799999177456, 0.0 ], [ 614899.447999999858439, 3697213.56980000063777, 0.0 ], [ 614268.753600000403821, 3697215.569700000807643, 0.0 ], [ 613166.88190000038594, 3698257.972699999809265, 0.0 ], [ 612812.630599999800324, 3698292.276100000366569, 0.0 ], [ 609734.48450000025332, 3697669.571599999442697, 0.0 ], [ 608208.171699999831617, 3697051.575500000268221, 0.0 ], [ 605459.027099999599159, 3694774.960200000554323, 0.0 ], [ 605321.716599999926984, 3694403.2643, 0.0 ], [ 606298.218500000424683, 3694515.5614, 0.0 ], [ 606562.5318, 3694221.559900000691414, 0.0 ], [ 605977.288399999961257, 3693484.957000000402331, 0.0 ], [ 603846.090499999932945, 3692029.557800000533462, 0.0 ], [ 602729.581899999640882, 3692179.758300000801682, 0.0 ], [ 602078.701500000432134, 3692029.558599999174476, 0.0 ], [ 601544.50800000037998, 3690427.747999999672174, 0.0 ], [ 602722.645999999716878, 3689526.246999999508262, 0.0 ], [ 602799.085099999792874, 3689247.942399999126792, 0.0 ], [ 601797.696700000204146, 3687986.734099999070168, 0.0 ], [ 597248.369099999777973, 3685012.72859999909997, 0.0 ], [ 596577.558500000275671, 3684735.724099999293685, 0.0 ], [ 595698.737499999813735, 3685019.228000000119209, 0.0 ], [ 595160.050599999725819, 3684930.925799999386072, 0.0 ], [ 594348.911199999973178, 3684026.5263, 0.0 ], [ 592423.036000000312924, 3682644.922399999573827, 0.0 ], [ 591544.652300000190735, 3683483.22580000013113, 0.0 ], [ 590266.277400000020862, 3684119.729399999603629, 0.0 ], [ 588806.517400000244379, 3683856.922399999573827, 0.0 ], [ 587911.831000000238419, 3683145.9244, 0.0 ], [ 587591.387500000186265, 3682418.519400000572205, 0.0 ], [ 586820.57079999987036, 3682237.91579999960959, 0.0 ], [ 582132.425599999725819, 3682558.923599999397993, 0.0 ], [ 578359.474299999885261, 3683684.930600000545382, 0.0 ], [ 577749.03139999974519, 3682722.52250000089407, 0.0 ], [ 577290.470099999569356, 3683359.925699999555945, 0.0 ], [ 576743.281700000166893, 3683336.230699999257922, 0.0 ], [ 573910.64780000038445, 3680220.512399999424815, 0.0 ], [ 570979.196700000204146, 3680762.5153, 0.0 ], [ 567875.24170000012964, 3682011.927400000393391, 0.0 ], [ 566455.79619999974966, 3682221.526100000366569, 0.0 ], [ 565359.787299999967217, 3684204.731200000271201, 0.0 ], [ 563957.914099999703467, 3685525.238600000739098, 0.0 ], [ 563391.414200000464916, 3686647.945000000298023, 0.0 ], [ 562486.601999999955297, 3686842.246600000187755, 0.0 ], [ 561833.27280000038445, 3687272.950999999418855, 0.0 ], [ 561615.095499999821186, 3688807.255300000309944, 0.0 ], [ 560744.520499999634922, 3689670.963600000366569, 0.0 ], [ 560201.208200000226498, 3691214.566199999302626, 0.0 ], [ 559587.517, 3691945.7708, 0.0 ], [ 558711.393099999986589, 3695317.979299999773502, 0.0 ], [ 557884.892400000244379, 3696794.5954, 0.0 ], [ 556358.077399999834597, 3698035.998500000685453, 0.0 ], [ 554091.804700000211596, 3699215.004300000146031, 0.0 ], [ 552170.300499999895692, 3700739.610999999567866, 0.0 ], [ 551356.053100000135601, 3701693.811200000345707, 0.0 ], [ 549700.049700000323355, 3702637.8136, 0.0 ], [ 547670.161799999885261, 3704942.025100000202656, 0.0 ], [ 550806.367300000041723, 3706895.83530000038445, 0.0 ], [ 550866.735700000077486, 3707899.645500000566244, 0.0 ], [ 550509.483300000429153, 3709375.851700000464916, 0.0 ], [ 550934.484400000423193, 3710248.347799999639392, 0.0 ], [ 551711.559899999760091, 3710901.3575, 0.0 ], [ 552448.123300000093877, 3711983.8619, 0.0 ], [ 553958.381400000303984, 3713050.659099999815226, 0.0 ], [ 554626.69400000013411, 3715175.375900000333786, 0.0 ], [ 556297.507699999958277, 3716084.874399999156594, 0.0 ], [ 553450.130800000391901, 3716210.080299999564886, 0.0 ], [ 552344.432500000111759, 3716762.08049999922514, 0.0 ], [ 551384.298799999989569, 3717628.688200000673532, 0.0 ], [ 550055.796699999831617, 3717581.387900000438094, 0.0 ], [ 549720.610700000077486, 3721228.701899999752641, 0.0 ], [ 549024.048299999907613, 3722038.900699999183416, 0.0 ], [ 544785.030199999921024, 3720362.395500000566244, 0.0 ], [ 542686.197999999858439, 3721088.701199999079108, 0.0 ], [ 542054.951299999840558, 3722339.902300000190735, 0.0 ], [ 542442.079300000332296, 3724527.116900000721216, 0.0 ], [ 542218.756299999542534, 3725316.419800000265241, 0.0 ], [ 539065.375199999660254, 3728082.4298, 0.0 ], [ 536785.677299999631941, 3726919.431600000709295, 0.0 ], [ 535426.66579999960959, 3729427.442600000649691, 0.0 ], [ 534804.54700000025332, 3729546.938999999314547, 0.0 ], [ 532089.978099999949336, 3729130.7423, 0.0 ], [ 531819.472199999727309, 3730766.7467, 0.0 ], [ 531422.029199999757111, 3731534.153999999165535, 0.0 ], [ 531362.650600000284612, 3732689.754100000485778, 0.0 ], [ 530931.341599999926984, 3733046.95299999974668, 0.0 ], [ 530670.08739999961108, 3733906.46199999935925, 0.0 ], [ 530853.335799999535084, 3734905.16330000013113, 0.0 ], [ 530424.146200000308454, 3736281.169399999082088, 0.0 ], [ 528820.767500000074506, 3737597.777599999681115, 0.0 ], [ 528534.198499999940395, 3738463.985300000756979, 0.0 ], [ 528652.387000000104308, 3739804.1886, 0.0 ], [ 524734.315700000151992, 3745470.511600000783801, 0.0 ], [ 522041.895700000226498, 3752717.250199999660254, 0.0 ], [ 522650.557400000281632, 3753167.050599999725819, 0.0 ], [ 522920.057799999602139, 3756112.264699999243021, 0.0 ], [ 523308.397599999792874, 3756525.862400000914931, 0.0 ], [ 522994.213299999944866, 3757982.572699999436736, 0.0 ], [ 523948.443599999882281, 3760825.087400000542402, 0.0 ], [ 523000.274500000290573, 3763490.2972999997437, 0.0 ], [ 523345.397900000214577, 3765875.312999999150634, 0.0 ], [ 523985.649699999950826, 3767767.916500000283122, 0.0 ], [ 525125.873999999836087, 3768577.125499999150634, 0.0 ], [ 525306.186599999666214, 3769032.924799999222159, 0.0 ], [ 530132.2796, 3771210.331199999898672, 0.0 ], [ 530954.905600000172853, 3772836.337799999862909, 0.0 ], [ 532520.856599999591708, 3774039.148399999365211, 0.0 ], [ 532401.794400000013411, 3774960.155300000682473, 0.0 ], [ 523753.471900000236928, 3782258.985300000756979, 0.0 ], [ 522611.713999999687076, 3782500.387399999424815, 0.0 ], [ 526347.956899999640882, 3784813.697100000455976, 0.0 ], [ 529612.403199999593198, 3785603.999600000679493, 0.0 ], [ 535077.370699999853969, 3785862.397399999201298, 0.0 ], [ 541027.583599999547005, 3785113.395400000736117, 0.0 ], [ 546264.733900000341237, 3785697.398299999535084, 0.0 ], [ 549924.628399999812245, 3787537.71169999986887, 0.0 ], [ 551891.462100000120699, 3791162.040899999439716, 0.0 ], [ 563518.364299999549985, 3792028.59569999948144, 0.0 ], [ 565233.326200000010431, 3790207.9671, 0.0 ], [ 567073.080400000326335, 3785457.690700000151992, 0.0 ], [ 574072.672600000165403, 3785303.689200000837445, 0.0 ], [ 575917.500199999660254, 3787715.699100000783801, 0.0 ], [ 576417.629499999806285, 3787818.198599999770522, 0.0 ], [ 580122.397300000302494, 3786473.194700000807643, 0.0 ], [ 580262.57660000026226, 3784334.17989999987185, 0.0 ], [ 580773.829400000162423, 3783608.434000000357628, 0.0 ], [ 583401.404000000096858, 3781237.664300000295043, 0.0 ], [ 584424.849799999967217, 3780610.418600000441074, 0.0 ], [ 585384.662499999627471, 3780915.667600000277162, 0.0 ], [ 586307.104500000365078, 3780517.166400000452995, 0.0 ], [ 587608.115699999965727, 3781648.1711, 0.0 ], [ 587745.987099999561906, 3782259.919399999082088, 0.0 ], [ 587147.922399999573827, 3784766.93129999935627, 0.0 ], [ 588041.364199999719858, 3785675.190400000661612, 0.0 ], [ 590901.439299999736249, 3782179.664100000634789, 0.0 ], [ 591851.381400000303984, 3781921.91499999910593, 0.0 ], [ 593096.394600000232458, 3782507.917999999597669, 0.0 ], [ 593556.704400000162423, 3782497.919800000265241, 0.0 ], [ 593816.320700000040233, 3781211.429999999701977, 0.0 ], [ 594038.312400000169873, 3781074.436200000345707, 0.0 ], [ 593881.364000000059605, 3780802.170099999755621, 0.0 ], [ 594398.27170000039041, 3781050.2928, 0.0 ], [ 594685.400299999862909, 3780649.1568, 0.0 ], [ 595010.340599999763072, 3780626.47580000013113, 0.0 ], [ 594194.298200000077486, 3780176.897299999371171, 0.0 ], [ 594508.33559999987483, 3778629.830399999395013, 0.0 ], [ 594247.113800000399351, 3776051.831900000572205, 0.0 ], [ 593998.641699999570847, 3775641.687300000339746, 0.0 ], [ 594146.849999999627471, 3775374.114900000393391, 0.0 ], [ 593614.986999999731779, 3775406.5822, 0.0 ], [ 593163.768500000238419, 3775060.462600000202656, 0.0 ], [ 593053.009399999864399, 3774880.739800000563264, 0.0 ], [ 593651.21129999961704, 3775368.7668999992311, 0.0 ], [ 594013.600300000049174, 3775342.336100000888109, 0.0 ], [ 593949.801199999637902, 3774802.226500000804663, 0.0 ], [ 594566.488699999637902, 3774353.366800000891089, 0.0 ], [ 594713.578200000338256, 3773796.147600000724196, 0.0 ], [ 594485.384899999946356, 3771954.474500000476837, 0.0 ], [ 595606.232400000095367, 3766232.184399999678135, 0.0 ], [ 596421.485600000247359, 3763418.545499999076128, 0.0 ], [ 596377.290900000371039, 3763096.390100000426173, 0.0 ], [ 596016.029000000096858, 3763148.931199999526143, 0.0 ], [ 595028.821000000461936, 3763051.468599999323487, 0.0 ], [ 596579.341500000096858, 3762961.254799999296665, 0.0 ], [ 597995.016699999570847, 3759173.496300000697374, 0.0 ], [ 600284.320199999958277, 3754547.175000000745058, 0.0 ], [ 601158.636699999682605, 3754243.0449, 0.0 ], [ 602258.457299999892712, 3754243.2017, 0.0 ], [ 602468.722199999727309, 3754169.359400000423193, 0.0 ], [ 602827.155899999663234, 3753905.025900000706315, 0.0 ], [ 602256.777099999599159, 3754212.920800000429153, 0.0 ], [ 601533.356200000271201, 3754215.668700000271201, 0.0 ], [ 601546.42989999987185, 3753942.481699999421835, 0.0 ], [ 601180.90500000026077, 3753858.88910000026226, 0.0 ], [ 601315.479700000025332, 3753272.700200000777841, 0.0 ], [ 602361.081199999898672, 3753398.204500000923872, 0.0 ], [ 602481.653500000014901, 3753602.702099999412894, 0.0 ], [ 602322.286600000225008, 3753324.255999999120831, 0.0 ], [ 601878.425900000147521, 3752951.1118, 0.0 ], [ 601912.295199999585748, 3752719.272199999541044, 0.0 ], [ 601468.322900000028312, 3752609.465900000184774, 0.0 ], [ 601985.082899999804795, 3752645.988299999386072, 0.0 ], [ 602862.484199999831617, 3750653.518400000408292, 0.0 ], [ 603253.327600000426173, 3750842.71169999986887, 0.0 ], [ 603557.689799999818206, 3750656.045499999076128, 0.0 ], [ 603215.161000000312924, 3750816.349500000476837, 0.0 ], [ 602753.144600000232458, 3750496.024599999189377, 0.0 ], [ 603149.674899999983609, 3750733.330199999734759, 0.0 ], [ 603139.67119999974966, 3750525.582699999213219, 0.0 ], [ 603312.86670000012964, 3750677.424499999731779, 0.0 ], [ 603418.099000000394881, 3750615.164300000295043, 0.0 ], [ 603254.201299999840558, 3750431.703099999576807, 0.0 ], [ 603667.10149999987334, 3749258.280200000852346, 0.0 ], [ 609379.327100000344217, 3742723.462600000202656, 0.0 ] ] ] } },
{ "type": "Feature", "properties": { "gouvernorat": "Gafsa" }, "geometry": { "type": "Polygon", "coordinates": [ [ [ 493244.949300000444055, 3771635.938400000333786, 0.0 ], [ 490647.289800000376999, 3775338.35219999961555, 0.0 ], [ 488571.454800000414252, 3775467.956399999558926, 0.0 ], [ 488193.867499999701977, 3775379.353900000452995, 0.0 ], [ 487494.171400000341237, 3773246.648, 0.0 ], [ 486612.200100000016391, 3773038.6392, 0.0 ], [ 486101.268799999728799, 3772243.93720000050962, 0.0 ], [ 485452.540400000289083, 3771801.135199999436736, 0.0 ], [ 481516.302199999801815, 3771627.139599999412894, 0.0 ], [ 477057.431800000369549, 3771974.640100000426173, 0.0 ], [ 472236.072399999946356, 3771182.337200000882149, 0.0 ], [ 471538.008899999782443, 3771272.629100000485778, 0.0 ], [ 468741.714700000360608, 3770407.630699999630451, 0.0 ], [ 466889.202800000086427, 3770756.3311, 0.0 ], [ 464466.166799999773502, 3770226.6261, 0.0 ], [ 462658.025999999605119, 3770393.332599999383092, 0.0 ], [ 461325.8295, 3769972.626000000163913, 0.0 ], [ 459792.045800000429153, 3770206.1294, 0.0 ], [ 458273.252999999560416, 3770916.3279, 0.0 ], [ 455813.275299999862909, 3770714.927400000393391, 0.0 ], [ 453117.110399999655783, 3772052.9309, 0.0 ], [ 450694.000099999830127, 3771228.934100000187755, 0.0 ], [ 448444.086400000378489, 3770873.124500000849366, 0.0 ], [ 440902.987399999983609, 3770725.921900000423193, 0.0 ], [ 436107.685499999672174, 3768907.31220000050962, 0.0 ], [ 435163.894299999810755, 3770304.924100000411272, 0.0 ], [ 435344.586099999956787, 3771065.6228, 0.0 ], [ 436198.430399999953806, 3772571.333699999377131, 0.0 ], [ 436175.209800000302494, 3773185.63150000013411, 0.0 ], [ 434888.67850000038743, 3774523.345100000500679, 0.0 ], [ 434561.646300000138581, 3776261.149599999189377, 0.0 ], [ 434095.638199999928474, 3777339.955, 0.0 ], [ 432819.356599999591708, 3778090.955299999564886, 0.0 ], [ 431021.242999999783933, 3777545.953099999576807, 0.0 ], [ 423194.867899999953806, 3781650.674599999561906, 0.0 ], [ 420041.509700000286102, 3783004.374299999326468, 0.0 ], [ 416168.672500000335276, 3786579.99210000038147, 0.0 ], [ 413605.347799999639392, 3789787.203700000420213, 0.0 ], [ 410960.719800000078976, 3789654.709100000560284, 0.0 ], [ 410632.772699999623001, 3789842.001700000837445, 0.0 ], [ 410499.082000000402331, 3790412.408299999311566, 0.0 ], [ 410701.30379999987781, 3790857.009999999776483, 0.0 ], [ 412807.755300000309944, 3792985.217800000682473, 0.0 ], [ 412566.620299999602139, 3794574.031999999657273, 0.0 ], [ 411431.557400000281632, 3795766.23450000025332, 0.0 ], [ 411153.431499999947846, 3797058.437699999660254, 0.0 ], [ 413101.223899999633431, 3799339.255100000649691, 0.0 ], [ 414502.42090000025928, 3802738.070299999788404, 0.0 ], [ 418724.337799999862909, 3804225.476299999281764, 0.0 ], [ 418041.214900000020862, 3806770.490299999713898, 0.0 ], [ 416596.824400000274181, 3807036.08699999935925, 0.0 ], [ 416013.106599999591708, 3806779.487800000235438, 0.0 ], [ 415216.158300000242889, 3807246.094799999147654, 0.0 ], [ 415687.599399999715388, 3809332.800499999895692, 0.0 ], [ 418393.245699999853969, 3813444.3246, 0.0 ], [ 418025.767500000074506, 3814573.8301, 0.0 ], [ 418588.053600000217557, 3816746.538699999451637, 0.0 ], [ 417778.854299999773502, 3819053.750600000843406, 0.0 ], [ 418755.989000000059605, 3818886.550100000575185, 0.0 ], [ 420365.066300000064075, 3820840.580199999734759, 0.0 ], [ 423424.090400000102818, 3823282.633300000801682, 0.0 ], [ 427058.577399999834597, 3825893.407299999147654, 0.0 ], [ 428653.615100000053644, 3826219.8794, 0.0 ], [ 427398.9386, 3827544.765599999576807, 0.0 ], [ 431247.056800000369549, 3830088.749199999496341, 0.0 ], [ 430569.602699999697506, 3832161.609300000593066, 0.0 ], [ 431887.449000000022352, 3832974.273700000718236, 0.0 ], [ 433428.706500000320375, 3833481.566700000315905, 0.0 ], [ 431647.927199999801815, 3835334.035399999469519, 0.0 ], [ 430058.4386, 3837527.275800000876188, 0.0 ], [ 432575.82079999987036, 3838683.6722999997437, 0.0 ], [ 434880.231300000101328, 3841799.818399999290705, 0.0 ], [ 435267.24309999961406, 3842690.253100000321865, 0.0 ], [ 435881.445899999700487, 3843093.315199999138713, 0.0 ], [ 437780.765399999916553, 3843155.165999999269843, 0.0 ], [ 437953.143500000238419, 3842780.974500000476837, 0.0 ], [ 441832.90749999973923, 3840364.965199999511242, 0.0 ], [ 444294.329199999570847, 3839421.46309999935329, 0.0 ], [ 445875.30489999987185, 3838449.2566, 0.0 ], [ 449264.891699999570847, 3837257.653899999335408, 0.0 ], [ 450976.927400000393391, 3835836.9463, 0.0 ], [ 452674.499800000339746, 3834814.439799999818206, 0.0 ], [ 454067.312699999660254, 3832926.224899999797344, 0.0 ], [ 454788.036100000143051, 3832311.427200000733137, 0.0 ], [ 455338.481900000013411, 3832443.43099999986589, 0.0 ], [ 455603.446700000204146, 3833655.930299999192357, 0.0 ], [ 454118.658800000324845, 3837569.45299999974668, 0.0 ], [ 455728.197999999858439, 3836950.446100000292063, 0.0 ], [ 457067.70920000039041, 3836729.450400000438094, 0.0 ], [ 457812.024400000460446, 3834859.641699999570847, 0.0 ], [ 460695.412899999879301, 3832404.42989999987185, 0.0 ], [ 461519.671699999831617, 3831038.9211, 0.0 ], [ 461933.763500000350177, 3831201.61879999935627, 0.0 ], [ 464614.244599999859929, 3835052.644500000402331, 0.0 ], [ 472306.096400000154972, 3840494.465199999511242, 0.0 ], [ 476826.671900000423193, 3842687.68019999936223, 0.0 ], [ 477187.58600000012666, 3842312.674699999392033, 0.0 ], [ 477464.334400000050664, 3842374.982300000265241, 0.0 ], [ 478507.99959999974817, 3842983.481599999591708, 0.0 ], [ 479088.155399999581277, 3843735.282400000840425, 0.0 ], [ 480324.263000000268221, 3844602.490299999713898, 0.0 ], [ 485008.931800000369549, 3846577.498700000345707, 0.0 ], [ 488439.698300000280142, 3848983.511199999600649, 0.0 ], [ 492740.414200000464916, 3851203.0208, 0.0 ], [ 496182.461400000378489, 3844914.489299999549985, 0.0 ], [ 496373.122700000181794, 3842973.284600000828505, 0.0 ], [ 498806.384600000455976, 3841597.277799999341369, 0.0 ], [ 500999.542700000107288, 3838465.259600000455976, 0.0 ], [ 501515.833999999798834, 3837384.454199999570847, 0.0 ], [ 501881.621600000187755, 3837163.458200000226498, 0.0 ], [ 504225.629800000227988, 3836705.248999999836087, 0.0 ], [ 505581.855399999767542, 3836644.651200000196695, 0.0 ], [ 506413.230200000107288, 3836872.255899999290705, 0.0 ], [ 508601.679999999701977, 3839428.268300000578165, 0.0 ], [ 510327.065499999560416, 3839269.9695999994874, 0.0 ], [ 511250.126400000415742, 3839417.670199999585748, 0.0 ], [ 513591.265300000086427, 3840477.469699999317527, 0.0 ], [ 513856.642599999904633, 3840394.966099999845028, 0.0 ], [ 514138.800200000405312, 3839293.66469999961555, 0.0 ], [ 514465.584699999541044, 3838951.662699999287724, 0.0 ], [ 517284.415699999779463, 3838481.655799999833107, 0.0 ], [ 517859.450799999758601, 3838439.963899999856949, 0.0 ], [ 518481.883200000040233, 3838826.467199999839067, 0.0 ], [ 519298.794900000095367, 3839883.467199999839067, 0.0 ], [ 519815.325400000438094, 3839994.965099999681115, 0.0 ], [ 522972.122399999760091, 3839308.461100000888109, 0.0 ], [ 523518.783300000242889, 3838483.26490000076592, 0.0 ], [ 524687.827100000344217, 3838378.2555, 0.0 ], [ 526279.637299999594688, 3836019.643699999898672, 0.0 ], [ 527790.646399999968708, 3836536.450899999588728, 0.0 ], [ 527001.465599999763072, 3835548.247199999168515, 0.0 ], [ 525416.268299999646842, 3835847.648, 0.0 ], [ 523900.905299999751151, 3834154.434399999678135, 0.0 ], [ 524224.68819999974221, 3833471.63990000076592, 0.0 ], [ 524752.325899999588728, 3833372.639499999582767, 0.0 ], [ 525162.138000000268221, 3832453.932, 0.0 ], [ 525165.634200000204146, 3830425.62470000050962, 0.0 ], [ 523198.627199999988079, 3825143.594000000506639, 0.0 ], [ 524939.819799999706447, 3823878.185000000521541, 0.0 ], [ 526762.07799999974668, 3824457.889699999243021, 0.0 ], [ 527560.831799999810755, 3821909.5757, 0.0 ], [ 528337.709400000050664, 3820825.17119999974966, 0.0 ], [ 528951.648599999956787, 3822091.3794, 0.0 ], [ 529245.589700000360608, 3821941.179300000891089, 0.0 ], [ 530534.536700000055134, 3819900.364499999210238, 0.0 ], [ 529872.598199999891222, 3819534.167400000616908, 0.0 ], [ 528790.837000000290573, 3818307.161100000143051, 0.0 ], [ 528230.965800000354648, 3815003.847500000149012, 0.0 ], [ 529813.0954, 3814808.146099999547005, 0.0 ], [ 536052.129499999806285, 3814877.541400000452995, 0.0 ], [ 543002.972799999639392, 3814242.336500000208616, 0.0 ], [ 544656.543899999931455, 3809622.313999999314547, 0.0 ], [ 545734.857800000347197, 3807938.1085, 0.0 ], [ 546112.675599999725819, 3806199.793700000271201, 0.0 ], [ 546868.929999999701977, 3804275.085999999195337, 0.0 ], [ 550935.634600000455976, 3802122.073000000789762, 0.0 ], [ 549348.994199999608099, 3800381.269099999219179, 0.0 ], [ 549376.304399999789894, 3799316.260900000110269, 0.0 ], [ 550907.440999999642372, 3797696.252399999648333, 0.0 ], [ 552895.325400000438094, 3796602.749299999326468, 0.0 ], [ 552779.511300000362098, 3793574.031199999153614, 0.0 ], [ 552527.887900000438094, 3792566.731599999591708, 0.0 ], [ 550233.807900000363588, 3787899.409700000658631, 0.0 ], [ 547600.369199999608099, 3786202.197599999606609, 0.0 ], [ 544905.284400000236928, 3785419.993699999526143, 0.0 ], [ 541027.583599999547005, 3785113.395400000736117, 0.0 ], [ 533791.054100000299513, 3785871.405999999493361, 0.0 ], [ 528427.832499999552965, 3785432.403799999505281, 0.0 ], [ 526347.956899999640882, 3784813.697100000455976, 0.0 ], [ 520327.265999999828637, 3781245.676999999210238, 0.0 ], [ 517905.78830000013113, 3781153.385600000619888, 0.0 ], [ 509904.090400000102818, 3782611.386199999600649, 0.0 ], [ 507834.365500000305474, 3782208.386399999260902, 0.0 ], [ 505720.475499999709427, 3781010.684599999338388, 0.0 ], [ 503084.588200000114739, 3778773.16950000077486, 0.0 ], [ 501541.898900000378489, 3777930.367000000551343, 0.0 ], [ 501293.293800000101328, 3777153.961500000208616, 0.0 ], [ 502989.306900000199676, 3774255.147700000554323, 0.0 ], [ 503221.057500000111759, 3773313.644999999552965, 0.0 ], [ 497054.967699999921024, 3771516.632200000807643, 0.0 ], [ 495541.18030000012368, 3771379.139599999412894, 0.0 ], [ 493244.949300000444055, 3771635.938400000333786, 0.0 ] ] ] } },
{ "type": "Feature", "properties": { "gouvernorat": "Jendouba" }, "geometry": { "type": "Polygon", "coordinates": [ [ [ 494121.009999999776483, 4033086.517300000414252, 0.0 ], [ 492188.964499999769032, 4032907.512800000607967, 0.0 ], [ 490992.955699999816716, 4030146.698599999770522, 0.0 ], [ 489245.420400000177324, 4029775.991800000891089, 0.0 ], [ 488286.942599999718368, 4028930.489, 0.0 ], [ 486984.034099999815226, 4028981.288799999281764, 0.0 ], [ 486116.252899999730289, 4029364.693, 0.0 ], [ 482147.29079999960959, 4028055.481699999421835, 0.0 ], [ 480916.154299999587238, 4028043.284, 0.0 ], [ 478326.763000000268221, 4027542.282800000160933, 0.0 ], [ 477601.231599999591708, 4028024.487400000914931, 0.0 ], [ 476691.404799999669194, 4027689.9835, 0.0 ], [ 476444.811300000175834, 4027891.98340000025928, 0.0 ], [ 474993.864199999719858, 4027332.673900000751019, 0.0 ], [ 474723.217600000090897, 4026980.973400000482798, 0.0 ], [ 473804.889200000092387, 4026889.671499999240041, 0.0 ], [ 472715.796400000341237, 4027722.476700000464916, 0.0 ], [ 472473.672199999913573, 4028266.479000000283122, 0.0 ], [ 471271.033599999733269, 4028765.690099999308586, 0.0 ], [ 470782.505699999630451, 4029339.486600000411272, 0.0 ], [ 470224.778199999593198, 4029146.9847, 0.0 ], [ 469374.552500000223517, 4029601.9945, 0.0 ], [ 467065.480299999937415, 4028636.485200000926852, 0.0 ], [ 465066.626699999906123, 4028324.486600000411272, 0.0 ], [ 464494.996899999678135, 4027005.277300000190735, 0.0 ], [ 463451.207200000062585, 4027051.478000000119209, 0.0 ], [ 463255.144500000402331, 4027485.982200000435114, 0.0 ], [ 462222.173299999907613, 4027984.683399999514222, 0.0 ], [ 461279.89049999974668, 4027992.281700000166893, 0.0 ], [ 459897.598899999633431, 4027112.275499999523163, 0.0 ], [ 459208.332999999634922, 4027108.975999999791384, 0.0 ], [ 458873.33530000038445, 4027449.478700000792742, 0.0 ], [ 458639.399500000290573, 4026744.977900000289083, 0.0 ], [ 457832.646200000308454, 4026437.668600000441074, 0.0 ], [ 456258.505699999630451, 4025242.964600000530481, 0.0 ], [ 455233.854700000025332, 4025324.668199999257922, 0.0 ], [ 454327.631299999542534, 4025059.260500000789762, 0.0 ], [ 451949.450299999676645, 4023832.452600000426173, 0.0 ], [ 451231.579800000414252, 4022148.645600000396371, 0.0 ], [ 450906.609299999661744, 4021907.443299999460578, 0.0 ], [ 450430.697700000368059, 4021760.642200000584126, 0.0 ], [ 447980.653500000014901, 4022186.247400000691414, 0.0 ], [ 444952.5148, 4021735.645899999886751, 0.0 ], [ 444056.691499999724329, 4022671.696599999442697, 0.0 ], [ 445614.231399999931455, 4024069.2051, 0.0 ], [ 445791.732400000095367, 4024427.9572, 0.0 ], [ 445580.106100000441074, 4024649.458499999716878, 0.0 ], [ 445920.014200000092387, 4024723.20890000090003, 0.0 ], [ 446336.266499999910593, 4025525.463600000366569, 0.0 ], [ 446181.640300000086427, 4026371.718499999493361, 0.0 ], [ 445620.824500000104308, 4027254.973500000312924, 0.0 ], [ 446037.607900000177324, 4028208.229100000113249, 0.0 ], [ 447041.957200000062585, 4029199.984999999403954, 0.0 ], [ 446807.830799999646842, 4029408.736300000920892, 0.0 ], [ 446777.017900000326335, 4030467.99239999987185, 0.0 ], [ 444880.663200000301003, 4030693.743200000375509, 0.0 ], [ 443641.62459999974817, 4031113.245400000363588, 0.0 ], [ 443105.714999999850988, 4032349.002399999648333, 0.0 ], [ 442139.959300000220537, 4033076.506400000303984, 0.0 ], [ 441123.453599999658763, 4031894.499399999156594, 0.0 ], [ 439730.258200000040233, 4031667.497700000181794, 0.0 ], [ 439631.570000000298023, 4031994.499600000679493, 0.0 ], [ 438598.095200000330806, 4032214.750600000843406, 0.0 ], [ 437802.903199999593198, 4031786.747899999842048, 0.0 ], [ 437501.588700000196695, 4032695.253100000321865, 0.0 ], [ 436405.363599999807775, 4032724.253000000491738, 0.0 ], [ 435860.95409999974072, 4033096.755000000819564, 0.0 ], [ 433775.036100000143051, 4032181.999099999666214, 0.0 ], [ 432756.967400000430644, 4033184.254699999466538, 0.0 ], [ 429107.69620000012219, 4033332.504599999636412, 0.0 ], [ 428306.097599999979138, 4033922.5077, 0.0 ], [ 428055.595900000073016, 4034707.012199999764562, 0.0 ], [ 426177.24129999987781, 4034677.261399999260902, 0.0 ], [ 425564.081299999728799, 4035103.51380000077188, 0.0 ], [ 424568.200000000186265, 4037010.774599999189377, 0.0 ], [ 424706.200400000438094, 4038373.782600000500679, 0.0 ], [ 424177.353400000371039, 4038846.535199999809265, 0.0 ], [ 424334.197999999858439, 4039096.536599999293685, 0.0 ], [ 424888.701200000010431, 4039011.286399999633431, 0.0 ], [ 425910.863300000317395, 4039640.290400000289083, 0.0 ], [ 426281.740199999883771, 4040671.546499999240041, 0.0 ], [ 426712.58629999961704, 4040744.04700000025332, 0.0 ], [ 427938.343700000084937, 4039962.7928, 0.0 ], [ 429043.412399999797344, 4040651.5472, 0.0 ], [ 430480.639499999582767, 4040967.549499999731779, 0.0 ], [ 430503.639499999582767, 4041359.551799999549985, 0.0 ], [ 431148.674499999731779, 4041422.552300000563264, 0.0 ], [ 431750.146599999628961, 4041941.055600000545382, 0.0 ], [ 432446.838100000284612, 4042118.056800000369549, 0.0 ], [ 432870.465400000102818, 4042840.81110000051558, 0.0 ], [ 433438.499800000339746, 4043232.313500000163913, 0.0 ], [ 434282.848600000143051, 4043008.5625, 0.0 ], [ 436601.205699999816716, 4043524.816099999472499, 0.0 ], [ 437479.866799999959767, 4044388.571399999782443, 0.0 ], [ 438283.965300000272691, 4044577.322699999436736, 0.0 ], [ 438611.748300000093877, 4045121.825999999418855, 0.0 ], [ 439108.938699999824166, 4045409.0777000002563, 0.0 ], [ 439709.754099999554455, 4047284.588899999856949, 0.0 ], [ 441603.452499999664724, 4048101.594200000166893, 0.0 ], [ 442619.114599999971688, 4048706.847999999299645, 0.0 ], [ 442723.271399999968708, 4049053.349999999627471, 0.0 ], [ 444580.969499999657273, 4049897.855499999597669, 0.0 ], [ 445161.566800000146031, 4049473.353000000119209, 0.0 ], [ 445839.85190000012517, 4049891.105699999257922, 0.0 ], [ 446077.540500000119209, 4051254.113800000399351, 0.0 ], [ 446692.481499999761581, 4051986.118200000375509, 0.0 ], [ 447320.5477, 4052043.118699999526143, 0.0 ], [ 447900.800900000147521, 4052591.871999999508262, 0.0 ], [ 449200.964900000020862, 4052152.869699999690056, 0.0 ], [ 450591.535500000230968, 4052251.3706, 0.0 ], [ 450498.378600000403821, 4052672.623099999502301, 0.0 ], [ 450893.568300000391901, 4053431.377599999308586, 0.0 ], [ 450799.536500000394881, 4053761.129599999636412, 0.0 ], [ 451686.634899999946356, 4056507.895899999886751, 0.0 ], [ 451615.978199999779463, 4056862.398, 0.0 ], [ 450942.567900000140071, 4056988.898700000718236, 0.0 ], [ 452579.29619999974966, 4057548.902300000190735, 0.0 ], [ 453155.768199999816716, 4058581.658500000834465, 0.0 ], [ 453881.459800000302494, 4059180.162200000137091, 0.0 ], [ 453813.677899999544024, 4060171.918099999427795, 0.0 ], [ 454178.898699999786913, 4060837.42200000025332, 0.0 ], [ 453454.144399999640882, 4061462.175699999555945, 0.0 ], [ 453275.424399999901652, 4062209.179999999701977, 0.0 ], [ 452222.042799999937415, 4064044.940700000151992, 0.0 ], [ 452124.542000000365078, 4065142.197200000286102, 0.0 ], [ 452675.107599999755621, 4065759.950999999418855, 0.0 ], [ 452084.416500000283122, 4066574.705700000748038, 0.0 ], [ 451412.912499999627471, 4066861.957399999722838, 0.0 ], [ 450401.250300000421703, 4066305.45380000025034, 0.0 ], [ 449786.152900000102818, 4066324.20380000025034, 0.0 ], [ 449560.963999999687076, 4066678.705900000408292, 0.0 ], [ 449074.36739999987185, 4066701.205900000408292, 0.0 ], [ 449107.648599999956787, 4067828.962600000202656, 0.0 ], [ 450326.2182, 4068129.714600000530481, 0.0 ], [ 451642.19469999987632, 4068994.720100000500679, 0.0 ], [ 454008.989799999631941, 4069960.976199999451637, 0.0 ], [ 456949.788499999791384, 4069833.476099999621511, 0.0 ], [ 457826.668600000441074, 4070297.728900000452995, 0.0 ], [ 457775.605899999849498, 4070045.47749999910593, 0.0 ], [ 458156.670699999667704, 4069874.726500000804663, 0.0 ], [ 458244.140100000426173, 4069398.7237, 0.0 ], [ 459618.023199999704957, 4069407.723999999463558, 0.0 ], [ 460139.557400000281632, 4069878.97690000012517, 0.0 ], [ 460579.028900000266731, 4069477.974600000306964, 0.0 ], [ 461814.098799999803305, 4069253.223400000482798, 0.0 ], [ 462291.351400000043213, 4070087.978499999269843, 0.0 ], [ 464272.831699999980628, 4072093.99070000089705, 0.0 ], [ 464797.991100000217557, 4071885.239499999210238, 0.0 ], [ 464824.61629999987781, 4071588.737800000235438, 0.0 ], [ 465349.650700000114739, 4071246.73589999973774, 0.0 ], [ 465949.372999999672174, 4071526.987600000575185, 0.0 ], [ 466254.718399999663234, 4072334.74239999987185, 0.0 ], [ 466985.410299999639392, 4072327.242499999701977, 0.0 ], [ 468715.857900000177324, 4073270.498400000855327, 0.0 ], [ 469210.142199999652803, 4073258.998400000855327, 0.0 ], [ 470472.149500000290573, 4074130.003699999302626, 0.0 ], [ 471267.810399999842048, 4075474.261800000444055, 0.0 ], [ 471518.43680000025779, 4076504.51799999922514, 0.0 ], [ 470401.71129999961704, 4077093.021500000730157, 0.0 ], [ 469875.739299999549985, 4077953.276499999687076, 0.0 ], [ 469149.51630000025034, 4077570.02419999986887, 0.0 ], [ 468243.760800000280142, 4078138.777499999850988, 0.0 ], [ 467089.285099999979138, 4078415.028899999335408, 0.0 ], [ 466520.156700000166893, 4078258.778000000864267, 0.0 ], [ 466923.846599999815226, 4078949.782199999317527, 0.0 ], [ 466802.939500000327826, 4079758.537000000476837, 0.0 ], [ 467090.128600000403821, 4080316.290400000289083, 0.0 ], [ 467094.534799999557436, 4081297.546299999579787, 0.0 ], [ 466863.127000000327826, 4081766.549000000581145, 0.0 ], [ 467219.597799999639392, 4082484.303400000557303, 0.0 ], [ 467057.690600000321865, 4082963.30629999935627, 0.0 ], [ 467578.287299999967217, 4084285.314300000667572, 0.0 ], [ 469125.483900000341237, 4085046.3191, 0.0 ], [ 468176.353000000119209, 4086482.077600000426173, 0.0 ], [ 468079.722099999897182, 4087939.980200000107288, 0.0 ], [ 469406.157599999569356, 4088838.615599999204278, 0.0 ], [ 471321.623999999836087, 4089642.466299999505281, 0.0 ], [ 471486.335500000044703, 4090010.582100000232458, 0.0 ], [ 471908.041600000113249, 4089964.8278, 0.0 ], [ 472692.030199999921024, 4090325.228700000792742, 0.0 ], [ 473286.290199999697506, 4090072.0778, 0.0 ], [ 473836.783599999733269, 4090681.649399999529123, 0.0 ], [ 474352.561900000087917, 4090853.135199999436736, 0.0 ], [ 474331.88370000012219, 4090356.369100000709295, 0.0 ], [ 474731.901899999938905, 4090260.706800000742078, 0.0 ], [ 475853.545699999667704, 4090727.731300000101328, 0.0 ], [ 476449.029500000178814, 4090603.653000000864267, 0.0 ], [ 476986.552299999631941, 4091056.9024, 0.0 ], [ 477606.663200000301003, 4090193.178099999204278, 0.0 ], [ 478054.869199999608099, 4090084.606499999761581, 0.0 ], [ 478246.446100000292063, 4089759.57630000077188, 0.0 ], [ 478447.662700000219047, 4090027.22829999960959, 0.0 ], [ 478390.848899999633431, 4090272.044700000435114, 0.0 ], [ 478162.138299999758601, 4090177.651399999856949, 0.0 ], [ 478268.435999999754131, 4090603.3925, 0.0 ], [ 478594.986999999731779, 4090777.612999999895692, 0.0 ], [ 478681.582399999722838, 4090258.503599999472499, 0.0 ], [ 478854.21129999961704, 4090181.727399999275804, 0.0 ], [ 479001.97690000012517, 4090016.156400000676513, 0.0 ], [ 478708.151100000366569, 4090214.075200000777841, 0.0 ], [ 478506.005099999718368, 4089608.809499999508262, 0.0 ], [ 478811.821100000292063, 4090066.693299999460578, 0.0 ], [ 478674.392, 4089668.464099999517202, 0.0 ], [ 479208.439799999818206, 4089179.860600000247359, 0.0 ], [ 480655.15749999973923, 4089276.155999999493361, 0.0 ], [ 483060.369199999608099, 4090414.929199999198318, 0.0 ], [ 484406.479700000025332, 4091460.707000000402331, 0.0 ], [ 485102.723000000230968, 4091532.577500000596046, 0.0 ], [ 489595.214300000108778, 4095283.147700000554323, 0.0 ], [ 493863.975899999961257, 4091682.3581000007689, 0.0 ], [ 494502.760499999858439, 4090692.853499999269843, 0.0 ], [ 494697.610999999567866, 4089877.654500000178814, 0.0 ], [ 494604.885999999940395, 4088822.3429000005126, 0.0 ], [ 493347.692300000227988, 4086950.63260000012815, 0.0 ], [ 493377.097199999727309, 4086120.826500000432134, 0.0 ], [ 494745.445600000210106, 4085104.317299999296665, 0.0 ], [ 496550.11710000038147, 4084256.614900000393391, 0.0 ], [ 498102.662299999967217, 4082500.601700000464916, 0.0 ], [ 499140.284400000236928, 4081783.303400000557303, 0.0 ], [ 499812.860700000077486, 4081605.298499999567866, 0.0 ], [ 499704.921900000423193, 4080275.79109999909997, 0.0 ], [ 499120.782800000160933, 4080225.29109999909997, 0.0 ], [ 498901.32660000026226, 4079697.285399999469519, 0.0 ], [ 499341.533599999733269, 4078619.578400000929832, 0.0 ], [ 499297.789099999703467, 4077002.767699999734759, 0.0 ], [ 499042.133500000461936, 4076778.7719, 0.0 ], [ 498118.816100000403821, 4077236.57149999961257, 0.0 ], [ 496984.271900000050664, 4076558.7654, 0.0 ], [ 495505.956399999558926, 4076655.26630000025034, 0.0 ], [ 494664.231999999843538, 4075929.569700000807643, 0.0 ], [ 493929.325000000186265, 4074727.557199999690056, 0.0 ], [ 493828.881799999624491, 4074101.750800000503659, 0.0 ], [ 493150.409599999897182, 4073715.756999999284744, 0.0 ], [ 492345.651800000108778, 4072491.748800000175834, 0.0 ], [ 492714.028800000436604, 4072101.54590000025928, 0.0 ], [ 493852.077499999664724, 4072253.245999999344349, 0.0 ], [ 493832.757500000298023, 4071437.937000000849366, 0.0 ], [ 494193.226599999703467, 4070692.234300000593066, 0.0 ], [ 492569.940100000239909, 4070072.926799999549985, 0.0 ], [ 492153.013500000350177, 4069362.784399999305606, 0.0 ], [ 492539.405600000172853, 4068853.227700000628829, 0.0 ], [ 493963.001400000415742, 4068894.91950000077486, 0.0 ], [ 495239.919200000353158, 4067954.5154, 0.0 ], [ 496052.708599999547005, 4068272.722400000318885, 0.0 ], [ 499696.288499999791384, 4067999.216600000858307, 0.0 ], [ 501640.653599999845028, 4067023.509400000795722, 0.0 ], [ 502068.211400000378489, 4066473.708000000566244, 0.0 ], [ 502516.466400000266731, 4066408.710799999535084, 0.0 ], [ 502560.153099999763072, 4064345.498500000685453, 0.0 ], [ 502719.653400000184774, 4064182.7006, 0.0 ], [ 503110.030600000172853, 4064377.202199999243021, 0.0 ], [ 503298.028599999845028, 4064010.8947, 0.0 ], [ 502831.400399999693036, 4063212.353900000452995, 0.0 ], [ 502874.874099999666214, 4062544.184399999678135, 0.0 ], [ 502292.804800000041723, 4062218.68889999948442, 0.0 ], [ 502232.807699999772012, 4061477.675200000405312, 0.0 ], [ 502641.243300000205636, 4060919.47550000064075, 0.0 ], [ 502278.745500000193715, 4060297.668400000780821, 0.0 ], [ 502680.806900000199676, 4059708.864800000563264, 0.0 ], [ 502295.344499999657273, 4059543.86739999987185, 0.0 ], [ 502370.654199999757111, 4058138.8651, 0.0 ], [ 502056.625799999572337, 4057809.1601, 0.0 ], [ 502111.526999999769032, 4057466.458000000566244, 0.0 ], [ 501747.70990000013262, 4057095.45130000077188, 0.0 ], [ 501330.335799999535084, 4057153.149900000542402, 0.0 ], [ 501283.078700000420213, 4056776.854299999773502, 0.0 ], [ 501816.653800000436604, 4054770.140900000929832, 0.0 ], [ 502420.401600000448525, 4054369.839999999850988, 0.0 ], [ 503658.563699999824166, 4054163.440700000151992, 0.0 ], [ 504997.572800000198185, 4051000.615900000557303, 0.0 ], [ 505490.264899999834597, 4050812.6129, 0.0 ], [ 505917.896900000050664, 4049663.4101, 0.0 ], [ 506623.769999999552965, 4049177.606100000441074, 0.0 ], [ 505984.268099999986589, 4048507.798499999567866, 0.0 ], [ 506446.32660000026226, 4047939.400900000706315, 0.0 ], [ 505877.046699999831617, 4047652.5976, 0.0 ], [ 506723.297899999655783, 4044549.780899999663234, 0.0 ], [ 506840.743999999947846, 4043581.372400000691414, 0.0 ], [ 506364.609699999913573, 4043420.074300000444055, 0.0 ], [ 506058.266499999910593, 4042885.570000000298023, 0.0 ], [ 506631.108599999919534, 4041651.364, 0.0 ], [ 505934.866799999959767, 4041282.356899999082088, 0.0 ], [ 505369.792299999855459, 4040349.0515, 0.0 ], [ 503868.033800000324845, 4038898.748199999332428, 0.0 ], [ 504665.947599999606609, 4038652.546900000423193, 0.0 ], [ 503794.909300000406802, 4037370.340500000864267, 0.0 ], [ 504472.169099999591708, 4036133.734899999573827, 0.0 ], [ 503894.412399999797344, 4035415.326999999582767, 0.0 ], [ 503736.660199999809265, 4034293.518699999898672, 0.0 ], [ 503303.660099999979138, 4034020.722799999639392, 0.0 ], [ 502890.433699999935925, 4034707.526900000870228, 0.0 ], [ 501963.554299999959767, 4034431.521500000730157, 0.0 ], [ 500070.544900000095367, 4034638.720499999821186, 0.0 ], [ 498325.631699999794364, 4033973.522099999710917, 0.0 ], [ 496739.212700000032783, 4033832.319900000467896, 0.0 ], [ 494121.009999999776483, 4033086.517300000414252, 0.0 ] ] ] } },
{ "type": "Feature", "properties": { "gouvernorat": "Kairouan" }, "geometry": { "type": "Polygon", "coordinates": [ [ [ 590326.611600000411272, 3890938.209499999880791, 0.0 ], [ 579677.362399999983609, 3892959.2226, 0.0 ], [ 579358.551300000399351, 3892046.523600000888109, 0.0 ], [ 579475.057199999690056, 3891141.91300000064075, 0.0 ], [ 579204.921799999661744, 3890781.91440000012517, 0.0 ], [ 575916.651700000278652, 3891360.720799999311566, 0.0 ], [ 574721.715499999932945, 3891308.221599999815226, 0.0 ], [ 572260.137199999764562, 3892345.9265, 0.0 ], [ 567969.744300000369549, 3892082.929999999701977, 0.0 ], [ 565589.231300000101328, 3893845.931099999696016, 0.0 ], [ 563656.832499999552965, 3894469.7379, 0.0 ], [ 564176.348899999633431, 3896906.904400000348687, 0.0 ], [ 565062.229899999685585, 3899003.258400000631809, 0.0 ], [ 561893.929100000299513, 3899396.361300000920892, 0.0 ], [ 561370.199599999934435, 3898480.7631, 0.0 ], [ 560763.376400000415742, 3898276.763699999079108, 0.0 ], [ 559319.950600000098348, 3899447.262000000104308, 0.0 ], [ 558472.504700000397861, 3900944.275299999862909, 0.0 ], [ 555397.184700000099838, 3901807.774900000542402, 0.0 ], [ 554192.922600000165403, 3903314.286399999633431, 0.0 ], [ 553198.666600000113249, 3903826.295099999755621, 0.0 ], [ 550974.717400000430644, 3902318.584499999880791, 0.0 ], [ 550147.151899999938905, 3902865.586300000548363, 0.0 ], [ 549570.212199999950826, 3904467.998700000345707, 0.0 ], [ 548988.399100000038743, 3905262.301400000229478, 0.0 ], [ 548708.014399999752641, 3906338.607899999246001, 0.0 ], [ 548104.324900000356138, 3906872.612299999222159, 0.0 ], [ 548968.271599999628961, 3909009.318399999290705, 0.0 ], [ 545778.688400000333786, 3911080.828400000929832, 0.0 ], [ 541415.665900000371039, 3912930.042600000277162, 0.0 ], [ 542135.556699999608099, 3913315.346100000664592, 0.0 ], [ 542865.796299999579787, 3915244.353700000792742, 0.0 ], [ 544240.567400000058115, 3915888.655600000172853, 0.0 ], [ 545585.884300000034273, 3917045.86600000038743, 0.0 ], [ 545090.001299999654293, 3917377.060399999842048, 0.0 ], [ 545555.38289999961853, 3918074.372099999338388, 0.0 ], [ 544485.248200000263751, 3919112.676599999889731, 0.0 ], [ 544704.564399999566376, 3920454.3805, 0.0 ], [ 543663.686200000345707, 3922322.690500000491738, 0.0 ], [ 544373.129700000397861, 3923238.898900000378489, 0.0 ], [ 544406.187599999830127, 3923844.098799999803305, 0.0 ], [ 542584.679299999959767, 3924886.702600000426173, 0.0 ], [ 541251.673999999649823, 3926065.109300000593066, 0.0 ], [ 540140.548700000159442, 3925995.913100000470877, 0.0 ], [ 538777.907399999909103, 3926289.915100000798702, 0.0 ], [ 538488.535000000149012, 3929130.732200000435114, 0.0 ], [ 539181.602300000376999, 3931481.136299999430776, 0.0 ], [ 538316.155100000090897, 3931791.944900000467896, 0.0 ], [ 536885.46059999987483, 3932862.9528, 0.0 ], [ 536055.891200000420213, 3932973.151200000196695, 0.0 ], [ 535946.583800000138581, 3933514.153999999165535, 0.0 ], [ 536349.082100000232458, 3934180.451899999752641, 0.0 ], [ 537800.21030000038445, 3934526.153100000694394, 0.0 ], [ 538234.843100000172853, 3936019.467199999839067, 0.0 ], [ 536947.461799999698997, 3935559.958499999716878, 0.0 ], [ 536249.769100000150502, 3936034.764499999582767, 0.0 ], [ 535893.142699999734759, 3936779.767000000923872, 0.0 ], [ 535345.450799999758601, 3936883.966399999335408, 0.0 ], [ 535024.57880000025034, 3938443.1776, 0.0 ], [ 534184.825699999928474, 3938666.783399999141693, 0.0 ], [ 533330.568099999800324, 3938506.775100000202656, 0.0 ], [ 531665.624699999578297, 3941759.800899999216199, 0.0 ], [ 528643.853000000119209, 3944454.217499999329448, 0.0 ], [ 527592.164099999703467, 3944755.218000000342727, 0.0 ], [ 527263.598600000143051, 3945854.520199999213219, 0.0 ], [ 526339.094399999827147, 3946719.528999999165535, 0.0 ], [ 524328.392199999652803, 3949387.04079999960959, 0.0 ], [ 524289.521200000308454, 3950123.5449, 0.0 ], [ 524708.082700000144541, 3951527.046900000423193, 0.0 ], [ 525102.780500000342727, 3952008.851500000804663, 0.0 ], [ 526336.283099999651313, 3952334.556800000369549, 0.0 ], [ 526921.155899999663234, 3952946.255599999800324, 0.0 ], [ 529559.362099999561906, 3952700.553899999707937, 0.0 ], [ 530732.059500000439584, 3953101.064400000497699, 0.0 ], [ 533118.823499999940395, 3950028.542700000107288, 0.0 ], [ 534606.447800000198185, 3948998.836500000208616, 0.0 ], [ 535870.583700000308454, 3948513.2324, 0.0 ], [ 537115.589399999938905, 3949145.537000000476837, 0.0 ], [ 538318.038099999539554, 3950689.241100000217557, 0.0 ], [ 538979.045199999585748, 3951103.2489, 0.0 ], [ 539601.857099999673665, 3950790.85080000013113, 0.0 ], [ 540306.361200000159442, 3951079.24349999986589, 0.0 ], [ 540766.292200000025332, 3950992.550599999725819, 0.0 ], [ 541266.553899999707937, 3951353.848999999463558, 0.0 ], [ 541109.486299999989569, 3952081.054999999701977, 0.0 ], [ 542328.179299999959767, 3952528.056099999696016, 0.0 ], [ 542487.869300000369549, 3952675.256999999284744, 0.0 ], [ 542323.619400000199676, 3953045.553600000217557, 0.0 ], [ 543457.569500000216067, 3953249.2631, 0.0 ], [ 545160.947499999776483, 3953126.557, 0.0 ], [ 546683.707799999974668, 3953576.857599999755621, 0.0 ], [ 546973.764999999664724, 3953162.059699999168515, 0.0 ], [ 547274.088700000196695, 3953548.863099999725819, 0.0 ], [ 547080.087799999862909, 3954058.861999999731779, 0.0 ], [ 548366.908400000073016, 3954512.561899999156594, 0.0 ], [ 548596.655299999751151, 3954885.068099999800324, 0.0 ], [ 548228.657999999821186, 3955453.065700000151992, 0.0 ], [ 547757.149799999780953, 3955829.071399999782443, 0.0 ], [ 546305.955799999646842, 3956289.57039999961853, 0.0 ], [ 545477.013199999928474, 3956957.278300000354648, 0.0 ], [ 544666.945600000210106, 3958658.091600000858307, 0.0 ], [ 543660.188500000163913, 3959666.092299999669194, 0.0 ], [ 546105.82050000037998, 3959477.88910000026226, 0.0 ], [ 545262.200199999846518, 3960542.29839999973774, 0.0 ], [ 545826.013199999928474, 3961666.905600000172853, 0.0 ], [ 545944.449000000022352, 3963036.114399999380112, 0.0 ], [ 546914.899799999780953, 3963952.612700000405312, 0.0 ], [ 547181.646300000138581, 3964932.318600000813603, 0.0 ], [ 547187.459699999541044, 3965938.329500000923872, 0.0 ], [ 546518.644199999980628, 3966646.329500000923872, 0.0 ], [ 546693.209800000302494, 3967715.137700000777841, 0.0 ], [ 544376.073800000362098, 3969056.942500000819564, 0.0 ], [ 543851.503899999894202, 3972585.663899999111891, 0.0 ], [ 544207.817200000397861, 3973230.966199999675155, 0.0 ], [ 546089.586900000460446, 3973273.167400000616908, 0.0 ], [ 546745.902099999599159, 3973527.96680000051856, 0.0 ], [ 547095.025000000372529, 3974386.176899999380112, 0.0 ], [ 551163.292200000025332, 3977231.692700000479817, 0.0 ], [ 553238.247200000099838, 3979407.20160000026226, 0.0 ], [ 554078.437599999830127, 3979867.00029999949038, 0.0 ], [ 555147.262299999594688, 3982599.719200000166893, 0.0 ], [ 557378.518099999986589, 3984274.027300000190735, 0.0 ], [ 557694.715099999681115, 3984866.429999999701977, 0.0 ], [ 559059.278300000354648, 3985570.430299999192357, 0.0 ], [ 559596.473399999551475, 3986372.241499999538064, 0.0 ], [ 563022.682799999602139, 3988567.246200000867248, 0.0 ], [ 564070.620400000363588, 3990321.458799999207258, 0.0 ], [ 565438.935499999672174, 3991107.062899999320507, 0.0 ], [ 567687.524600000120699, 3993329.272399999201298, 0.0 ], [ 567882.210799999535084, 3995900.293600000441074, 0.0 ], [ 568263.335699999704957, 3995417.089199999347329, 0.0 ], [ 570057.591799999587238, 3994689.282600000500679, 0.0 ], [ 571726.601300000213087, 3994764.2873, 0.0 ], [ 572604.549700000323355, 3995135.4836, 0.0 ], [ 574164.061499999836087, 3993249.076500000432134, 0.0 ], [ 574552.062400000169873, 3989516.455, 0.0 ], [ 575744.995699999853969, 3990539.262199999764562, 0.0 ], [ 575851.879300000146031, 3991547.462600000202656, 0.0 ], [ 578839.703499999828637, 3991681.2652000002563, 0.0 ], [ 580555.565799999982119, 3990509.666600000113249, 0.0 ], [ 580418.593100000172853, 3989690.748700000345707, 0.0 ], [ 580681.282100000418723, 3988493.745400000363588, 0.0 ], [ 581934.912800000049174, 3987989.744799999520183, 0.0 ], [ 582997.296900000423193, 3988210.04079999960959, 0.0 ], [ 584083.478799999691546, 3988772.249099999666214, 0.0 ], [ 584804.235500000417233, 3988283.245699999853969, 0.0 ], [ 585778.619300000369549, 3988128.436000000685453, 0.0 ], [ 585739.987200000323355, 3987715.737700000405312, 0.0 ], [ 586013.313699999824166, 3987752.740299999713898, 0.0 ], [ 586562.498499999754131, 3988401.741599999368191, 0.0 ], [ 587163.252799999900162, 3988296.74210000038147, 0.0 ], [ 587081.495000000111759, 3988891.04450000077486, 0.0 ], [ 587526.443400000222027, 3989124.448200000450015, 0.0 ], [ 587718.563900000415742, 3987880.734300000593066, 0.0 ], [ 588980.762299999594688, 3987675.734400000423193, 0.0 ], [ 589627.833599999547005, 3987254.437599999830127, 0.0 ], [ 590986.401300000026822, 3985627.029100000858307, 0.0 ], [ 590735.45380000025034, 3985021.419099999591708, 0.0 ], [ 591891.214300000108778, 3985118.41950000077486, 0.0 ], [ 592613.850899999961257, 3984378.415699999779463, 0.0 ], [ 593964.667600000277162, 3983600.20920000039041, 0.0 ], [ 595659.982900000177324, 3987221.231799999251962, 0.0 ], [ 595904.111600000411272, 3989338.742599999532104, 0.0 ], [ 597790.879099999554455, 3990525.0471, 0.0 ], [ 598787.007399999536574, 3990642.253499999642372, 0.0 ], [ 600331.826000000350177, 3991752.753100000321865, 0.0 ], [ 602366.648299999535084, 3992552.463999999687076, 0.0 ], [ 602061.278800000436604, 3994184.771099999547005, 0.0 ], [ 601435.96030000038445, 3994788.2719, 0.0 ], [ 601335.327800000086427, 3995522.476600000634789, 0.0 ], [ 602280.967000000178814, 3996828.4879, 0.0 ], [ 602417.585199999623001, 3997406.48340000025928, 0.0 ], [ 602834.027400000020862, 3997376.089199999347329, 0.0 ], [ 603458.84360000025481, 3998189.488099999725819, 0.0 ], [ 605500.856499999761581, 3999021.292600000277162, 0.0 ], [ 607375.864799999631941, 3998976.790500000119209, 0.0 ], [ 607404.80379999987781, 3989706.445000000298023, 0.0 ], [ 612992.275999999605119, 3987685.4222999997437, 0.0 ], [ 612868.521099999547005, 3986563.424499999731779, 0.0 ], [ 613307.7034, 3982006.996200000867248, 0.0 ], [ 612688.081299999728799, 3979583.985999999567866, 0.0 ], [ 610906.942300000227988, 3975320.960899999365211, 0.0 ], [ 610089.255300000309944, 3975522.961100000888109, 0.0 ], [ 609522.810999999754131, 3973371.647299999371171, 0.0 ], [ 608356.74309999961406, 3973107.6502, 0.0 ], [ 608311.670800000429153, 3972482.344000000506639, 0.0 ], [ 607838.051199999637902, 3971692.140599999576807, 0.0 ], [ 606447.785400000400841, 3970210.934499999508262, 0.0 ], [ 606036.537399999797344, 3968651.623400000855327, 0.0 ], [ 606506.478400000371039, 3967533.11460000090301, 0.0 ], [ 605952.477800000458956, 3966722.315500000491738, 0.0 ], [ 605544.413399999961257, 3966512.917099999263883, 0.0 ], [ 605595.034699999727309, 3965896.609200000762939, 0.0 ], [ 604720.219800000078976, 3965441.6096, 0.0 ], [ 604479.52170000039041, 3964165.602399999275804, 0.0 ], [ 605181.840499999932945, 3963898.295, 0.0 ], [ 604640.522300000302494, 3963132.296800000593066, 0.0 ], [ 605372.838999999687076, 3961514.08699999935925, 0.0 ], [ 605973.345800000242889, 3961018.584899999201298, 0.0 ], [ 605852.782399999909103, 3960519.583699999377131, 0.0 ], [ 606855.037100000306964, 3960241.078400000929832, 0.0 ], [ 607243.162499999627471, 3959233.567800000309944, 0.0 ], [ 608659.484000000171363, 3957623.865900000557303, 0.0 ], [ 609085.490199999883771, 3955130.049599999561906, 0.0 ], [ 609729.296099999919534, 3954699.544600000604987, 0.0 ], [ 610061.934999999590218, 3954137.245799999684095, 0.0 ], [ 610571.365899999625981, 3953986.045499999076128, 0.0 ], [ 611253.804100000299513, 3954189.5449, 0.0 ], [ 611387.181599999777973, 3954633.546800000593066, 0.0 ], [ 612430.443099999800324, 3954255.841199999675155, 0.0 ], [ 612933.623200000263751, 3953080.033800000324845, 0.0 ], [ 613453.946800000034273, 3952546.529200000688434, 0.0 ], [ 613534.186900000087917, 3951330.519999999552965, 0.0 ], [ 612403.625199999660254, 3949545.214199999347329, 0.0 ], [ 613288.878499999642372, 3948301.810100000351667, 0.0 ], [ 614622.954699999652803, 3945171.78940000012517, 0.0 ], [ 614743.764399999752641, 3943474.985500000417233, 0.0 ], [ 618338.713600000366569, 3937730.641699999570847, 0.0 ], [ 616444.19550000037998, 3936929.441500000655651, 0.0 ], [ 615119.262799999676645, 3937293.449999999254942, 0.0 ], [ 614532.510200000368059, 3937687.7522, 0.0 ], [ 613272.908499999903142, 3935534.77930000051856, 0.0 ], [ 610113.981800000183284, 3933641.126000000163913, 0.0 ], [ 609974.733300000429153, 3933122.42879999987781, 0.0 ], [ 613871.251400000415742, 3928293.103900000452995, 0.0 ], [ 613834.177799999713898, 3928033.895400000736117, 0.0 ], [ 610819.792999999597669, 3925211.386099999770522, 0.0 ], [ 610538.919999999925494, 3921828.866599999368191, 0.0 ], [ 609770.658400000073016, 3921041.66300000064075, 0.0 ], [ 608308.909500000067055, 3920201.360200000926852, 0.0 ], [ 606887.894600000232458, 3918427.852299999445677, 0.0 ], [ 605646.573200000450015, 3913969.626499999314547, 0.0 ], [ 605495.004499999806285, 3911743.01799999922514, 0.0 ], [ 605677.197200000286102, 3911183.808700000867248, 0.0 ], [ 606554.76549999974668, 3910404.302999999374151, 0.0 ], [ 608201.963800000026822, 3910042.303899999707937, 0.0 ], [ 609227.273299999535084, 3908356.297800000756979, 0.0 ], [ 607999.516800000332296, 3905266.280799999833107, 0.0 ], [ 607029.567900000140071, 3901692.2599, 0.0 ], [ 607425.073200000450015, 3900477.9506, 0.0 ], [ 608242.825699999928474, 3899904.253900000825524, 0.0 ], [ 609168.6398, 3897307.938300000503659, 0.0 ], [ 610545.405299999751151, 3895430.529899999499321, 0.0 ], [ 611800.156700000166893, 3894343.224999999627471, 0.0 ], [ 610312.276600000448525, 3893203.71169999986887, 0.0 ], [ 611366.091000000014901, 3889792.497600000351667, 0.0 ], [ 608302.265300000086427, 3888740.487800000235438, 0.0 ], [ 604664.995900000445545, 3887885.688999999314547, 0.0 ], [ 604126.175599999725819, 3885630.87639999948442, 0.0 ], [ 603234.366600000299513, 3886043.684900000691414, 0.0 ], [ 602859.788499999791384, 3885105.881100000813603, 0.0 ], [ 601674.474999999627471, 3884315.468399999663234, 0.0 ], [ 600938.784599999897182, 3883117.166400000452995, 0.0 ], [ 599952.963700000196695, 3882225.463700000196695, 0.0 ], [ 598755.957600000314415, 3881575.46309999935329, 0.0 ], [ 596816.004700000397861, 3879689.448100000619888, 0.0 ], [ 596517.256000000052154, 3879339.847500000149012, 0.0 ], [ 596217.253600000403821, 3878074.13880000077188, 0.0 ], [ 595794.503499999642372, 3877825.438300000503659, 0.0 ], [ 596752.196299999952316, 3875624.434499999508262, 0.0 ], [ 596909.254599999636412, 3873104.614399999380112, 0.0 ], [ 594397.996100000105798, 3876516.138599999248981, 0.0 ], [ 593415.622399999760091, 3876581.636, 0.0 ], [ 593350.240899999625981, 3877030.1371, 0.0 ], [ 590823.033900000154972, 3878548.846699999645352, 0.0 ], [ 590086.224200000055134, 3882402.862500000745058, 0.0 ], [ 590486.727900000289083, 3884829.880999999120831, 0.0 ], [ 589974.857699999585748, 3888793.704900000244379, 0.0 ], [ 590352.725700000301003, 3889105.902899999171495, 0.0 ], [ 590326.611600000411272, 3890938.209499999880791, 0.0 ] ] ] } },
{ "type": "Feature", "properties": { "gouvernorat": "Kasserine" }, "geometry": { "type": "Polygon", "coordinates": [ [ [ 485008.931800000369549, 3846577.498700000345707, 0.0 ], [ 480324.263000000268221, 3844602.490299999713898, 0.0 ], [ 479088.155399999581277, 3843735.282400000840425, 0.0 ], [ 478507.99959999974817, 3842983.481599999591708, 0.0 ], [ 477286.173899999819696, 3842284.4803, 0.0 ], [ 476826.671900000423193, 3842687.68019999936223, 0.0 ], [ 472635.197900000028312, 3840701.674000000581145, 0.0 ], [ 470876.779500000178814, 3839543.663699999451637, 0.0 ], [ 464614.244599999859929, 3835052.644500000402331, 0.0 ], [ 461933.763500000350177, 3831201.61879999935627, 0.0 ], [ 461636.639600000344217, 3831059.916899999603629, 0.0 ], [ 461320.665500000119209, 3831176.223799999803305, 0.0 ], [ 461233.597199999727309, 3831723.925100000575185, 0.0 ], [ 460762.567400000058115, 3832049.93019999936223, 0.0 ], [ 460695.412899999879301, 3832404.42989999987185, 0.0 ], [ 457812.024400000460446, 3834859.641699999570847, 0.0 ], [ 457067.70920000039041, 3836729.450400000438094, 0.0 ], [ 455728.197999999858439, 3836950.446100000292063, 0.0 ], [ 454118.658800000324845, 3837569.45299999974668, 0.0 ], [ 455603.446700000204146, 3833655.930299999192357, 0.0 ], [ 455338.481900000013411, 3832443.43099999986589, 0.0 ], [ 454788.036100000143051, 3832311.427200000733137, 0.0 ], [ 454067.312699999660254, 3832926.224899999797344, 0.0 ], [ 452674.499800000339746, 3834814.439799999818206, 0.0 ], [ 450976.927400000393391, 3835836.9463, 0.0 ], [ 449264.891699999570847, 3837257.653899999335408, 0.0 ], [ 445875.30489999987185, 3838449.2566, 0.0 ], [ 444294.329199999570847, 3839421.46309999935329, 0.0 ], [ 441832.90749999973923, 3840364.965199999511242, 0.0 ], [ 437953.143500000238419, 3842780.974500000476837, 0.0 ], [ 434265.176699999719858, 3847140.324999999254942, 0.0 ], [ 433274.868800000287592, 3857643.807700000703335, 0.0 ], [ 432320.143299999646842, 3860039.869599999859929, 0.0 ], [ 431921.900399999693036, 3862816.033500000834465, 0.0 ], [ 431075.755800000391901, 3864002.819299999624491, 0.0 ], [ 431791.619199999608099, 3864709.71309999935329, 0.0 ], [ 434097.080500000156462, 3866156.871200000867248, 0.0 ], [ 437425.717299999669194, 3866992.26630000025034, 0.0 ], [ 437034.544999999925494, 3867840.290500000119209, 0.0 ], [ 437708.747100000269711, 3872803.976099999621511, 0.0 ], [ 437503.315799999982119, 3873806.42119999974966, 0.0 ], [ 440030.726999999955297, 3880683.6173, 0.0 ], [ 440391.678700000047684, 3881100.889399999752641, 0.0 ], [ 441383.993200000375509, 3883731.283299999311566, 0.0 ], [ 443248.313299999572337, 3884991.941400000825524, 0.0 ], [ 445447.699199999682605, 3886955.452099999412894, 0.0 ], [ 446833.361999999731779, 3889435.215299999341369, 0.0 ], [ 447301.676400000229478, 3892395.480799999088049, 0.0 ], [ 447898.616899999789894, 3892968.733999999240041, 0.0 ], [ 449741.719600000418723, 3895801.749199999496341, 0.0 ], [ 450289.909699999727309, 3897004.255699999630451, 0.0 ], [ 452345.888700000010431, 3899190.7676, 0.0 ], [ 451967.042899999767542, 3899272.267899999395013, 0.0 ], [ 450366.065899999812245, 3898817.0152000002563, 0.0 ], [ 449583.49930000025779, 3898902.0154, 0.0 ], [ 448285.367499999701977, 3899265.767000000923872, 0.0 ], [ 447390.862599999643862, 3899922.520300000905991, 0.0 ], [ 445961.073900000192225, 3899939.020099999383092, 0.0 ], [ 444727.785899999551475, 3901204.276399999856949, 0.0 ], [ 443399.747399999760091, 3902240.031600000336766, 0.0 ], [ 442461.30489999987185, 3902589.783299999311566, 0.0 ], [ 441680.519399999640882, 3903461.037599999457598, 0.0 ], [ 439481.72649999987334, 3903904.28940000012517, 0.0 ], [ 438574.940100000239909, 3905030.295099999755621, 0.0 ], [ 438464.689299999736249, 3906086.050599999725819, 0.0 ], [ 437379.651899999938905, 3907815.809499999508262, 0.0 ], [ 437371.526600000448525, 3908799.314799999818206, 0.0 ], [ 437893.841799999587238, 3908921.815400000661612, 0.0 ], [ 437952.841699999757111, 3910501.323899999260902, 0.0 ], [ 437552.557400000281632, 3913856.591600000858307, 0.0 ], [ 438021.372000000439584, 3915435.100199999287724, 0.0 ], [ 439130.283499999903142, 3917688.362500000745058, 0.0 ], [ 438706.78110000025481, 3918521.616800000891089, 0.0 ], [ 437762.494800000451505, 3918599.366900000721216, 0.0 ], [ 439163.470700000412762, 3919574.372500000521541, 0.0 ], [ 439985.286999999545515, 3922057.886, 0.0 ], [ 440943.541799999773502, 3923006.89130000025034, 0.0 ], [ 441233.636900000274181, 3923966.146500000730157, 0.0 ], [ 442941.645899999886751, 3924561.900100000202656, 0.0 ], [ 444042.651800000108778, 3924440.649700000882149, 0.0 ], [ 444241.340099999681115, 3925700.906600000336766, 0.0 ], [ 444206.277099999599159, 3926716.162000000476837, 0.0 ], [ 443229.115500000305474, 3927474.665899999439716, 0.0 ], [ 441931.357699999585748, 3930986.684399999678135, 0.0 ], [ 442215.4527000002563, 3932003.189899999648333, 0.0 ], [ 441370.259399999864399, 3937239.468100000172853, 0.0 ], [ 441180.476300000213087, 3940617.486300000920892, 0.0 ], [ 443229.332200000062585, 3941001.786399999633431, 0.0 ], [ 444587.430100000463426, 3940601.485999999567866, 0.0 ], [ 444422.676699999719858, 3942941.002499999478459, 0.0 ], [ 445336.313000000081956, 3943041.802799999713898, 0.0 ], [ 445617.275100000202656, 3943309.999800000339746, 0.0 ], [ 446784.158800000324845, 3944876.809599999338388, 0.0 ], [ 447088.943099999800324, 3945974.012299999594688, 0.0 ], [ 449001.832600000314415, 3946544.519600000232458, 0.0 ], [ 451035.153300000354648, 3946322.823999999091029, 0.0 ], [ 453397.361299999989569, 3947007.518899999558926, 0.0 ], [ 458619.474700000137091, 3946184.222899999469519, 0.0 ], [ 458957.39130000025034, 3946045.82039999961853, 0.0 ], [ 458694.199199999682605, 3945658.517000000923872, 0.0 ], [ 459166.202399999834597, 3944136.508600000292063, 0.0 ], [ 460792.901999999769032, 3943037.006699999794364, 0.0 ], [ 461791.330699999816716, 3943346.805500000715256, 0.0 ], [ 462353.559999999590218, 3943709.8037, 0.0 ], [ 462697.248700000345707, 3944280.810699999332428, 0.0 ], [ 465148.009100000374019, 3945463.816700000315905, 0.0 ], [ 464909.950299999676645, 3945507.817900000140071, 0.0 ], [ 464907.921699999831617, 3945753.019400000572205, 0.0 ], [ 465408.513199999928474, 3946460.519300000742078, 0.0 ], [ 465388.574500000104308, 3946982.025900000706315, 0.0 ], [ 465799.920599999837577, 3947294.02419999986887, 0.0 ], [ 465609.424100000411272, 3947485.026399999856949, 0.0 ], [ 466029.766400000080466, 3947497.524000000208616, 0.0 ], [ 466533.515999999828637, 3948198.235200000926852, 0.0 ], [ 466348.766800000332296, 3948443.236600000411272, 0.0 ], [ 466511.98589999973774, 3948873.031500000506639, 0.0 ], [ 466156.423100000247359, 3949073.541799999773502, 0.0 ], [ 465913.606200000271201, 3949974.543199999257922, 0.0 ], [ 466172.452600000426173, 3952470.059000000357628, 0.0 ], [ 465562.042299999855459, 3953133.557499999180436, 0.0 ], [ 465255.880599999800324, 3954195.567199999466538, 0.0 ], [ 465326.729100000113249, 3955066.574699999764562, 0.0 ], [ 465867.577100000344217, 3954626.071900000795722, 0.0 ], [ 466461.643899999558926, 3954614.064400000497699, 0.0 ], [ 466919.678199999965727, 3954848.268100000917912, 0.0 ], [ 466906.105499999597669, 3955562.0767, 0.0 ], [ 467200.887699999846518, 3955943.871200000867248, 0.0 ], [ 467877.652599999681115, 3955495.570000000298023, 0.0 ], [ 468402.305499999783933, 3956368.877100000157952, 0.0 ], [ 469008.592699999921024, 3956471.876800000667572, 0.0 ], [ 469673.755599999800324, 3956239.07289999909699, 0.0 ], [ 470003.376699999906123, 3957946.08500000089407, 0.0 ], [ 469892.724899999797344, 3959549.297399999573827, 0.0 ], [ 470910.317099999636412, 3959507.29590000025928, 0.0 ], [ 471401.293899999931455, 3959138.289100000634789, 0.0 ], [ 473033.138899999670684, 3959923.293700000271201, 0.0 ], [ 473821.833499999716878, 3959418.2939, 0.0 ], [ 473625.993800000287592, 3958286.887900000438094, 0.0 ], [ 473859.030899999663234, 3957924.28969999961555, 0.0 ], [ 474548.123300000093877, 3958166.59180000051856, 0.0 ], [ 476017.260499999858439, 3957622.089800000190735, 0.0 ], [ 476927.911799999885261, 3958122.890699999406934, 0.0 ], [ 478367.891400000080466, 3958272.891100000590086, 0.0 ], [ 479015.333899999968708, 3959127.0921, 0.0 ], [ 480094.753899999894202, 3958344.287100000306964, 0.0 ], [ 482065.884300000034273, 3958206.084699999541044, 0.0 ], [ 483498.921099999919534, 3956008.279999999329448, 0.0 ], [ 484772.333800000138581, 3955490.572799999266863, 0.0 ], [ 485986.656499999575317, 3954433.572000000625849, 0.0 ], [ 488985.051599999889731, 3953698.867799999192357, 0.0 ], [ 492194.153900000266731, 3951988.856499999761581, 0.0 ], [ 494597.17090000025928, 3951228.546599999070168, 0.0 ], [ 495628.302899999544024, 3951168.548499999567866, 0.0 ], [ 496446.402300000190735, 3950548.851199999451637, 0.0 ], [ 498712.356200000271201, 3950730.245999999344349, 0.0 ], [ 501042.735100000165403, 3949926.245300000533462, 0.0 ], [ 500426.396099999547005, 3949359.037599999457598, 0.0 ], [ 499870.977900000289083, 3949427.544099999591708, 0.0 ], [ 499467.25899999961257, 3948868.035000000149012, 0.0 ], [ 498223.028599999845028, 3948242.238800000399351, 0.0 ], [ 497890.752199999988079, 3947845.837400000542402, 0.0 ], [ 496837.496700000017881, 3947507.834300000220537, 0.0 ], [ 496658.181499999947846, 3946762.531899999827147, 0.0 ], [ 497122.375599999912083, 3946046.523900000378489, 0.0 ], [ 499585.604000000283122, 3944872.0164, 0.0 ], [ 500245.794700000435114, 3944160.817399999126792, 0.0 ], [ 502251.772099999710917, 3942920.802999999374151, 0.0 ], [ 506188.202800000086427, 3940939.995300000533462, 0.0 ], [ 507159.799300000071526, 3940041.193399999290705, 0.0 ], [ 507848.240299999713898, 3938788.481499999761581, 0.0 ], [ 508348.807000000029802, 3940151.191500000655651, 0.0 ], [ 509095.340300000272691, 3940748.193199999630451, 0.0 ], [ 509262.187599999830127, 3941401.793800000101328, 0.0 ], [ 510180.22719999961555, 3941622.999900000169873, 0.0 ], [ 511944.261900000274181, 3939681.784399999305606, 0.0 ], [ 514016.866100000217557, 3939557.18889999948442, 0.0 ], [ 514866.687300000339746, 3939851.7906, 0.0 ], [ 514828.937699999660254, 3939355.188999999314547, 0.0 ], [ 515258.309299999848008, 3938958.987400000914931, 0.0 ], [ 515187.914099999703467, 3938091.779200000688434, 0.0 ], [ 516094.475300000049174, 3938297.47829999960959, 0.0 ], [ 516206.066999999806285, 3939246.990299999713898, 0.0 ], [ 517422.294300000183284, 3937739.478900000452995, 0.0 ], [ 518457.516099999658763, 3936884.4682, 0.0 ], [ 518772.080199999734759, 3935860.970899999141693, 0.0 ], [ 519599.645600000396371, 3934526.755200000479817, 0.0 ], [ 523732.831299999728799, 3934003.758500000461936, 0.0 ], [ 525283.46239999961108, 3933307.75620000064373, 0.0 ], [ 525094.705699999816716, 3932872.95240000076592, 0.0 ], [ 525657.025700000114739, 3931562.742000000551343, 0.0 ], [ 526657.589999999850988, 3931115.440500000491738, 0.0 ], [ 526714.033099999651313, 3930613.739900000393391, 0.0 ], [ 527540.04009999986738, 3930142.133300000801682, 0.0 ], [ 527946.290199999697506, 3929193.131300000473857, 0.0 ], [ 529289.545400000177324, 3928510.126499999314547, 0.0 ], [ 529101.22580000013113, 3927654.925899999216199, 0.0 ], [ 529934.802500000223517, 3926867.121999999508262, 0.0 ], [ 529240.795400000177324, 3926350.4145, 0.0 ], [ 530111.049800000153482, 3925100.912100000306964, 0.0 ], [ 529121.229799999855459, 3923779.104100000113249, 0.0 ], [ 527777.908499999903142, 3922962.395999999716878, 0.0 ], [ 526345.152300000190735, 3922456.696599999442697, 0.0 ], [ 524927.8902000002563, 3920752.684399999678135, 0.0 ], [ 522992.69550000037998, 3920006.88230000063777, 0.0 ], [ 520205.18099999986589, 3916769.864299999549985, 0.0 ], [ 518132.453300000168383, 3914793.856100000441074, 0.0 ], [ 517146.698300000280142, 3912409.638900000602007, 0.0 ], [ 515488.590300000272691, 3910712.83530000038445, 0.0 ], [ 515653.870900000445545, 3909047.325500000268221, 0.0 ], [ 514155.114599999971688, 3906510.308599999174476, 0.0 ], [ 513887.716900000348687, 3905300.808399999514222, 0.0 ], [ 514141.937599999830127, 3904059.294600000604987, 0.0 ], [ 515137.867499999701977, 3902662.291400000452995, 0.0 ], [ 517639.513100000098348, 3901097.581499999389052, 0.0 ], [ 518767.707000000402331, 3899300.967700000852346, 0.0 ], [ 523074.789499999955297, 3897528.558800000697374, 0.0 ], [ 524854.020899999886751, 3895956.950300000607967, 0.0 ], [ 524353.891200000420213, 3895104.5494, 0.0 ], [ 523510.295699999667704, 3895284.55379999987781, 0.0 ], [ 521724.442599999718368, 3894035.941600000485778, 0.0 ], [ 522517.598000000230968, 3893608.246300000697374, 0.0 ], [ 523175.380099999718368, 3888966.516799999400973, 0.0 ], [ 521501.778300000354648, 3887400.707499999552965, 0.0 ], [ 521861.183400000445545, 3886470.701999999582767, 0.0 ], [ 522979.292600000277162, 3886185.498299999162555, 0.0 ], [ 523888.137799999676645, 3885488.69649999961257, 0.0 ], [ 523938.45409999974072, 3884254.691199999302626, 0.0 ], [ 525458.459599999710917, 3883397.191199999302626, 0.0 ], [ 526183.701899999752641, 3884122.487299999222159, 0.0 ], [ 527633.0318, 3883426.185200000181794, 0.0 ], [ 529675.166699999943376, 3881715.474300000816584, 0.0 ], [ 529084.596199999563396, 3881126.88120000064373, 0.0 ], [ 524894.134800000116229, 3874457.444700000807643, 0.0 ], [ 523389.911999999545515, 3874554.445699999108911, 0.0 ], [ 522408.098899999633431, 3874326.440899999812245, 0.0 ], [ 521606.310200000181794, 3874720.442800000309944, 0.0 ], [ 521076.470700000412762, 3874328.140799999237061, 0.0 ], [ 519747.299800000153482, 3874050.136, 0.0 ], [ 519179.669400000013411, 3873255.63370000012219, 0.0 ], [ 518800.210199999623001, 3873088.836799999698997, 0.0 ], [ 516692.627600000239909, 3873799.136, 0.0 ], [ 515307.590699999593198, 3873345.436200000345707, 0.0 ], [ 514921.402900000102818, 3872650.434100000187755, 0.0 ], [ 513640.049700000323355, 3871512.429999999701977, 0.0 ], [ 511534.668800000101328, 3871448.6327, 0.0 ], [ 511504.25789999961853, 3870535.123999999836087, 0.0 ], [ 510288.591500000096858, 3869076.613399999216199, 0.0 ], [ 510053.443500000052154, 3866994.806500000879169, 0.0 ], [ 509733.882299999706447, 3866449.804700000211596, 0.0 ], [ 508860.024600000120699, 3866116.6009, 0.0 ], [ 506873.706000000238419, 3866859.403599999845028, 0.0 ], [ 504124.189500000327826, 3865183.596100000664592, 0.0 ], [ 503301.373700000345707, 3863638.0929000005126, 0.0 ], [ 502487.051199999637902, 3863118.386, 0.0 ], [ 502261.583899999968708, 3862289.080600000917912, 0.0 ], [ 502766.933000000193715, 3861033.379699999466538, 0.0 ], [ 502399.496299999766052, 3859477.568499999120831, 0.0 ], [ 502492.369800000451505, 3859092.765000000596046, 0.0 ], [ 503720.470800000242889, 3859643.36570000089705, 0.0 ], [ 505153.22649999987334, 3859780.568399999290705, 0.0 ], [ 505628.387400000356138, 3859468.07039999961853, 0.0 ], [ 505780.292999999597669, 3858942.564600000157952, 0.0 ], [ 505169.479100000113249, 3857686.553999999538064, 0.0 ], [ 504139.881299999542534, 3857123.0559, 0.0 ], [ 503422.843700000084937, 3856370.055299999192357, 0.0 ], [ 501706.520299999974668, 3855696.348999999463558, 0.0 ], [ 498493.634499999694526, 3853582.038599999621511, 0.0 ], [ 498196.353799999691546, 3853616.541799999773502, 0.0 ], [ 497408.187400000169873, 3852794.535000000149012, 0.0 ], [ 495270.268299999646842, 3852686.336400000378489, 0.0 ], [ 493985.889200000092387, 3852350.532999999821186, 0.0 ], [ 492509.290199999697506, 3850964.328199999406934, 0.0 ], [ 490675.561900000087917, 3850257.518300000578165, 0.0 ], [ 488177.330799999646842, 3848817.713999999687076, 0.0 ], [ 485008.931800000369549, 3846577.498700000345707, 0.0 ] ] ] } },
{ "type": "Feature", "properties": { "gouvernorat": "Kebeli" }, "geometry": { "type": "Polygon", "coordinates": [ [ [ 550055.796699999831617, 3717581.387900000438094, 0.0 ], [ 551384.298799999989569, 3717628.688200000673532, 0.0 ], [ 552344.432500000111759, 3716762.08049999922514, 0.0 ], [ 553450.130800000391901, 3716210.080299999564886, 0.0 ], [ 556297.507699999958277, 3716084.874399999156594, 0.0 ], [ 554626.69400000013411, 3715175.375900000333786, 0.0 ], [ 553958.381400000303984, 3713050.659099999815226, 0.0 ], [ 552448.123300000093877, 3711983.8619, 0.0 ], [ 551711.559899999760091, 3710901.3575, 0.0 ], [ 550934.484400000423193, 3710248.347799999639392, 0.0 ], [ 550509.483300000429153, 3709375.851700000464916, 0.0 ], [ 550866.735700000077486, 3707899.645500000566244, 0.0 ], [ 550806.367300000041723, 3706895.83530000038445, 0.0 ], [ 547871.353000000119209, 3705103.033099999651313, 0.0 ], [ 547670.161799999885261, 3704942.025100000202656, 0.0 ], [ 547775.659400000236928, 3704668.829500000923872, 0.0 ], [ 549089.285600000061095, 3703142.623099999502301, 0.0 ], [ 551356.053100000135601, 3701693.811200000345707, 0.0 ], [ 552542.486499999649823, 3700419.604699999094009, 0.0 ], [ 554091.804700000211596, 3699215.004300000146031, 0.0 ], [ 556358.077399999834597, 3698035.998500000685453, 0.0 ], [ 557884.892400000244379, 3696794.5954, 0.0 ], [ 558711.393099999986589, 3695317.979299999773502, 0.0 ], [ 559587.517, 3691945.7708, 0.0 ], [ 560201.208200000226498, 3691214.566199999302626, 0.0 ], [ 560744.520499999634922, 3689670.963600000366569, 0.0 ], [ 561615.095499999821186, 3688807.255300000309944, 0.0 ], [ 561833.27280000038445, 3687272.950999999418855, 0.0 ], [ 562486.601999999955297, 3686842.246600000187755, 0.0 ], [ 563391.414200000464916, 3686647.945000000298023, 0.0 ], [ 563957.914099999703467, 3685525.238600000739098, 0.0 ], [ 565359.787299999967217, 3684204.731200000271201, 0.0 ], [ 566455.79619999974966, 3682221.526100000366569, 0.0 ], [ 565837.041699999943376, 3682020.726199999451637, 0.0 ], [ 565896.610000000335276, 3681787.522600000724196, 0.0 ], [ 567911.300499999895692, 3680396.519200000911951, 0.0 ], [ 571168.636300000362098, 3677079.8991, 0.0 ], [ 572195.256199999712408, 3676334.1974, 0.0 ], [ 572973.452600000426173, 3675147.19370000064373, 0.0 ], [ 574107.705900000408292, 3674079.686000000685453, 0.0 ], [ 574864.957899999804795, 3673805.8903, 0.0 ], [ 577778.532100000418723, 3673567.886700000613928, 0.0 ], [ 581102.981999999843538, 3673671.684800000861287, 0.0 ], [ 582888.989799999631941, 3672998.878200000151992, 0.0 ], [ 584377.246899999678135, 3671955.675599999725819, 0.0 ], [ 584876.691100000403821, 3671060.873700000345707, 0.0 ], [ 585779.563099999912083, 3664873.146600000560284, 0.0 ], [ 585397.744500000029802, 3661379.133099999278784, 0.0 ], [ 585401.189899999648333, 3657614.113800000399351, 0.0 ], [ 583866.607099999673665, 3657420.812899999320507, 0.0 ], [ 582814.671400000341237, 3655803.805500000715256, 0.0 ], [ 583645.921699999831617, 3654914.402599999681115, 0.0 ], [ 584272.987900000065565, 3655343.4068, 0.0 ], [ 585175.111499999649823, 3654649.104900000616908, 0.0 ], [ 584953.494400000199676, 3652399.393500000238419, 0.0 ], [ 585354.557300000451505, 3651754.392000000923872, 0.0 ], [ 588418.502299999818206, 3649699.08049999922514, 0.0 ], [ 588775.375199999660254, 3648566.076199999079108, 0.0 ], [ 589103.437300000339746, 3648300.5691, 0.0 ], [ 590110.514700000174344, 3648253.76799999922514, 0.0 ], [ 590392.441100000403821, 3648024.073699999600649, 0.0 ], [ 590344.441499999724329, 3647181.771600000560284, 0.0 ], [ 590024.0148, 3646769.563999999314547, 0.0 ], [ 589273.697499999776483, 3646504.367200000211596, 0.0 ], [ 587597.36809999961406, 3646486.571399999782443, 0.0 ], [ 587061.691100000403821, 3646237.761199999600649, 0.0 ], [ 586499.000099999830127, 3644987.560699999332428, 0.0 ], [ 587274.92850000038743, 3643866.754000000655651, 0.0 ], [ 587086.188000000081956, 3642387.348999999463558, 0.0 ], [ 588077.81209999974817, 3640995.346200000494719, 0.0 ], [ 587932.371000000275671, 3640250.044800000265241, 0.0 ], [ 587524.059700000099838, 3640099.535199999809265, 0.0 ], [ 587372.871299999766052, 3639523.7401, 0.0 ], [ 587770.750900000333786, 3638355.032999999821186, 0.0 ], [ 589039.93099999986589, 3636517.528899999335408, 0.0 ], [ 590461.198699999600649, 3636405.720599999651313, 0.0 ], [ 590463.202200000174344, 3635866.718100000172853, 0.0 ], [ 591636.887099999934435, 3634983.7138, 0.0 ], [ 591792.387799999676645, 3634409.518200000748038, 0.0 ], [ 590035.759300000034273, 3632620.005899999290705, 0.0 ], [ 588155.871199999935925, 3629633.692399999126792, 0.0 ], [ 587839.493300000205636, 3629498.999399999156594, 0.0 ], [ 586109.549599999561906, 3630148.3004, 0.0 ], [ 585394.739099999889731, 3629955.299200000241399, 0.0 ], [ 584934.042100000195205, 3630148.300899999216199, 0.0 ], [ 584817.60190000012517, 3629844.70160000026226, 0.0 ], [ 585326.355200000107288, 3627726.693800000473857, 0.0 ], [ 586223.110700000077486, 3627099.288599999621511, 0.0 ], [ 583451.224000000394881, 3622091.268899999558926, 0.0 ], [ 582707.527999999932945, 3621420.462899999693036, 0.0 ], [ 583567.284400000236928, 3621105.965399999171495, 0.0 ], [ 584205.910600000061095, 3619804.954700000584126, 0.0 ], [ 587224.238400000147521, 3616286.2456, 0.0 ], [ 589773.368300000205636, 3615229.635500000789762, 0.0 ], [ 590092.615500000305474, 3614594.432, 0.0 ], [ 590978.8739, 3614038.932499999180436, 0.0 ], [ 591574.877299999818206, 3613184.232799999415874, 0.0 ], [ 591382.311200000345707, 3612746.93019999936223, 0.0 ], [ 590887.690299999900162, 3612441.931199999526143, 0.0 ], [ 589002.616799999959767, 3612217.626800000667572, 0.0 ], [ 588891.181900000199676, 3611939.9222999997437, 0.0 ], [ 588171.613599999807775, 3611654.429500000551343, 0.0 ], [ 585524.168100000359118, 3613023.427300000563264, 0.0 ], [ 584688.597099999897182, 3613697.433199999853969, 0.0 ], [ 583581.473500000312924, 3615930.94789999909699, 0.0 ], [ 581273.33739999961108, 3616762.442900000140071, 0.0 ], [ 580749.58420000039041, 3617417.45240000076592, 0.0 ], [ 578892.143000000156462, 3618014.653899999335408, 0.0 ], [ 578001.448599999770522, 3619756.456599999219179, 0.0 ], [ 577329.508799999952316, 3620410.466399999335408, 0.0 ], [ 575003.627100000157952, 3620507.967800000682473, 0.0 ], [ 573640.997200000099838, 3624095.682399999350309, 0.0 ], [ 573051.804700000211596, 3624488.284299999475479, 0.0 ], [ 572685.55599999986589, 3625400.4824, 0.0 ], [ 572308.743999999947846, 3625018.988700000569224, 0.0 ], [ 572149.491499999538064, 3625233.685900000855327, 0.0 ], [ 571512.926900000311434, 3627371.989499999210238, 0.0 ], [ 570786.67949999962002, 3627507.2928, 0.0 ], [ 570304.485500000417233, 3627987.697100000455976, 0.0 ], [ 570015.425999999977648, 3627380.498299999162555, 0.0 ], [ 569693.424599999561906, 3627384.29759999923408, 0.0 ], [ 569229.792200000025332, 3628362.702600000426173, 0.0 ], [ 567870.533400000073016, 3628284.6985, 0.0 ], [ 567388.661000000312924, 3628678.00029999949038, 0.0 ], [ 566726.409599999897182, 3628099.995799999684095, 0.0 ], [ 566294.96889999974519, 3628667.7027000002563, 0.0 ], [ 565431.155500000342727, 3628694.697499999776483, 0.0 ], [ 563835.586199999786913, 3627573.501700000837445, 0.0 ], [ 563404.648000000044703, 3626637.288699999451637, 0.0 ], [ 561549.639000000432134, 3626572.292099999263883, 0.0 ], [ 560672.813299999572337, 3625957.494999999180436, 0.0 ], [ 559768.438500000163913, 3625886.689400000497699, 0.0 ], [ 558590.432300000451505, 3625198.4869, 0.0 ], [ 557185.433699999935925, 3625058.6853, 0.0 ], [ 552255.412700000219047, 3623147.277799999341369, 0.0 ], [ 551184.965699999593198, 3622382.480599999427795, 0.0 ], [ 548843.836799999698997, 3619722.671800000593066, 0.0 ], [ 519550.588000000454485, 3611472.442800000309944, 0.0 ], [ 442580.988499999977648, 3595973.003699999302626, 0.0 ], [ 439587.661000000312924, 3595791.005400000140071, 0.0 ], [ 436616.469100000336766, 3631447.196399999782443, 0.0 ], [ 416362.827499999664724, 3656739.333799999207258, 0.0 ], [ 416665.558000000193715, 3658579.211500000208616, 0.0 ], [ 420058.861499999649823, 3660478.730699999257922, 0.0 ], [ 395947.225499999709427, 3671418.006899999454618, 0.0 ], [ 393117.183699999935925, 3671084.154100000858307, 0.0 ], [ 391911.747700000181794, 3672998.811599999666214, 0.0 ], [ 390766.892400000244379, 3673760.914300000295043, 0.0 ], [ 388907.004099999554455, 3674483.696399999782443, 0.0 ], [ 389097.234600000083447, 3675243.1798, 0.0 ], [ 387203.163900000043213, 3680339.810599999502301, 0.0 ], [ 383132.016900000162423, 3698684.207900000736117, 0.0 ], [ 393423.366399999707937, 3702169.996899999678135, 0.0 ], [ 455419.55449999962002, 3752529.244200000539422, 0.0 ], [ 464325.220700000412762, 3764857.103900000452995, 0.0 ], [ 464553.343100000172853, 3765282.909199999645352, 0.0 ], [ 464573.223600000143051, 3766656.315999999642372, 0.0 ], [ 466207.953200000338256, 3767968.615299999713898, 0.0 ], [ 466338.47690000012517, 3770643.05350000038743, 0.0 ], [ 467549.360000000335276, 3770724.327600000426173, 0.0 ], [ 468223.642400000244379, 3770370.328099999576807, 0.0 ], [ 468741.714700000360608, 3770407.630699999630451, 0.0 ], [ 471538.008899999782443, 3771272.629100000485778, 0.0 ], [ 472236.072399999946356, 3771182.337200000882149, 0.0 ], [ 477057.431800000369549, 3771974.640100000426173, 0.0 ], [ 481516.302199999801815, 3771627.139599999412894, 0.0 ], [ 485452.540400000289083, 3771801.135199999436736, 0.0 ], [ 486101.268799999728799, 3772243.93720000050962, 0.0 ], [ 486612.200100000016391, 3773038.6392, 0.0 ], [ 487494.171400000341237, 3773246.648, 0.0 ], [ 488193.867499999701977, 3775379.353900000452995, 0.0 ], [ 488571.454800000414252, 3775467.956399999558926, 0.0 ], [ 490647.289800000376999, 3775338.35219999961555, 0.0 ], [ 491974.382299999706447, 3773066.144099999219179, 0.0 ], [ 493244.949300000444055, 3771635.938400000333786, 0.0 ], [ 495541.18030000012368, 3771379.139599999412894, 0.0 ], [ 498168.96999999973923, 3771722.6414, 0.0 ], [ 503221.057500000111759, 3773313.644999999552965, 0.0 ], [ 502989.306900000199676, 3774255.147700000554323, 0.0 ], [ 501293.293800000101328, 3777153.961500000208616, 0.0 ], [ 501541.898900000378489, 3777930.367000000551343, 0.0 ], [ 503084.588200000114739, 3778773.16950000077486, 0.0 ], [ 505720.475499999709427, 3781010.684599999338388, 0.0 ], [ 507834.365500000305474, 3782208.386399999260902, 0.0 ], [ 509904.090400000102818, 3782611.386199999600649, 0.0 ], [ 517905.78830000013113, 3781153.385600000619888, 0.0 ], [ 520327.265999999828637, 3781245.676999999210238, 0.0 ], [ 522611.713999999687076, 3782500.387399999424815, 0.0 ], [ 523753.471900000236928, 3782258.985300000756979, 0.0 ], [ 532401.794400000013411, 3774960.155300000682473, 0.0 ], [ 532520.856599999591708, 3774039.148399999365211, 0.0 ], [ 530954.905600000172853, 3772836.337799999862909, 0.0 ], [ 530132.2796, 3771210.331199999898672, 0.0 ], [ 525306.186599999666214, 3769032.924799999222159, 0.0 ], [ 525125.873999999836087, 3768577.125499999150634, 0.0 ], [ 523985.649699999950826, 3767767.916500000283122, 0.0 ], [ 523345.397900000214577, 3765875.312999999150634, 0.0 ], [ 523000.274500000290573, 3763490.2972999997437, 0.0 ], [ 523948.443599999882281, 3760825.087400000542402, 0.0 ], [ 522994.213299999944866, 3757982.572699999436736, 0.0 ], [ 523308.397599999792874, 3756525.862400000914931, 0.0 ], [ 522920.057799999602139, 3756112.264699999243021, 0.0 ], [ 522650.557400000281632, 3753167.050599999725819, 0.0 ], [ 522041.895700000226498, 3752717.250199999660254, 0.0 ], [ 524734.315700000151992, 3745470.511600000783801, 0.0 ], [ 528652.387000000104308, 3739804.1886, 0.0 ], [ 528534.198499999940395, 3738463.985300000756979, 0.0 ], [ 528820.767500000074506, 3737597.777599999681115, 0.0 ], [ 530424.146200000308454, 3736281.169399999082088, 0.0 ], [ 530853.335799999535084, 3734905.16330000013113, 0.0 ], [ 530670.08739999961108, 3733906.46199999935925, 0.0 ], [ 530931.341599999926984, 3733046.95299999974668, 0.0 ], [ 531362.650600000284612, 3732689.754100000485778, 0.0 ], [ 531422.029199999757111, 3731534.153999999165535, 0.0 ], [ 531819.472199999727309, 3730766.7467, 0.0 ], [ 532089.978099999949336, 3729130.7423, 0.0 ], [ 534804.54700000025332, 3729546.938999999314547, 0.0 ], [ 535426.66579999960959, 3729427.442600000649691, 0.0 ], [ 536785.677299999631941, 3726919.431600000709295, 0.0 ], [ 539065.375199999660254, 3728082.4298, 0.0 ], [ 539426.4375, 3727839.428099999204278, 0.0 ], [ 542218.756299999542534, 3725316.419800000265241, 0.0 ], [ 542442.079300000332296, 3724527.116900000721216, 0.0 ], [ 542054.951299999840558, 3722339.902300000190735, 0.0 ], [ 542686.197999999858439, 3721088.701199999079108, 0.0 ], [ 544785.030199999921024, 3720362.395500000566244, 0.0 ], [ 549024.048299999907613, 3722038.900699999183416, 0.0 ], [ 549720.610700000077486, 3721228.701899999752641, 0.0 ], [ 550055.796699999831617, 3717581.387900000438094, 0.0 ] ] ] } },
{ "type": "Feature", "properties": { "gouvernorat": "Mahdia" }, "geometry": { "type": "MultiPolygon", "coordinates": [ [ [ [ 642497.007699999958277, 3897113.718900000676513, 0.0 ], [ 644003.645499999634922, 3894955.2061, 0.0 ], [ 644003.644500000402331, 3893293.4956, 0.0 ], [ 643597.006299999542534, 3892653.892699999734759, 0.0 ], [ 640315.56180000025779, 3889376.874600000679493, 0.0 ], [ 633057.075799999758601, 3884680.860200000926852, 0.0 ], [ 630935.003800000064075, 3882484.846999999135733, 0.0 ], [ 628463.555200000293553, 3883116.852900000289083, 0.0 ], [ 627536.363300000317395, 3883948.158600000664592, 0.0 ], [ 626631.294900000095367, 3884284.462400000542402, 0.0 ], [ 625699.848500000312924, 3885504.67090000025928, 0.0 ], [ 625555.53760000038892, 3886282.1667, 0.0 ], [ 624224.841799999587238, 3887677.880699999630451, 0.0 ], [ 623138.149400000460446, 3887890.879000000655651, 0.0 ], [ 622144.462199999950826, 3887516.183800000697374, 0.0 ], [ 620904.330400000326335, 3887805.17710000090301, 0.0 ], [ 620180.820199999958277, 3888802.889599999412894, 0.0 ], [ 618557.501600000075996, 3888133.183299999684095, 0.0 ], [ 617954.125, 3887634.882400000467896, 0.0 ], [ 616824.248700000345707, 3887292.680800000205636, 0.0 ], [ 611244.645700000226498, 3889964.693600000813603, 0.0 ], [ 610312.276600000448525, 3893203.71169999986887, 0.0 ], [ 611800.156700000166893, 3894343.224999999627471, 0.0 ], [ 610545.405299999751151, 3895430.529899999499321, 0.0 ], [ 609168.6398, 3897307.938300000503659, 0.0 ], [ 608242.825699999928474, 3899904.253900000825524, 0.0 ], [ 607425.073200000450015, 3900477.9506, 0.0 ], [ 607029.567900000140071, 3901692.2599, 0.0 ], [ 607999.516800000332296, 3905266.280799999833107, 0.0 ], [ 609227.273299999535084, 3908356.297800000756979, 0.0 ], [ 608201.963800000026822, 3910042.303899999707937, 0.0 ], [ 606554.76549999974668, 3910404.302999999374151, 0.0 ], [ 605783.948400000110269, 3911017.311699999496341, 0.0 ], [ 605495.004499999806285, 3911743.01799999922514, 0.0 ], [ 605627.508500000461936, 3913695.020999999716878, 0.0 ], [ 606013.392300000414252, 3915838.335999999195337, 0.0 ], [ 606887.894600000232458, 3918427.852299999445677, 0.0 ], [ 608308.909500000067055, 3920201.360200000926852, 0.0 ], [ 609770.658400000073016, 3921041.66300000064075, 0.0 ], [ 610538.919999999925494, 3921828.866599999368191, 0.0 ], [ 610819.792999999597669, 3925211.386099999770522, 0.0 ], [ 613834.177799999713898, 3928033.895400000736117, 0.0 ], [ 613871.251400000415742, 3928293.103900000452995, 0.0 ], [ 609974.733300000429153, 3933122.42879999987781, 0.0 ], [ 610113.981800000183284, 3933641.126000000163913, 0.0 ], [ 613272.908499999903142, 3935534.77930000051856, 0.0 ], [ 614532.510200000368059, 3937687.7522, 0.0 ], [ 615119.262799999676645, 3937293.449999999254942, 0.0 ], [ 616444.19550000037998, 3936929.441500000655651, 0.0 ], [ 618446.899699999950826, 3937789.449999999254942, 0.0 ], [ 619781.909699999727309, 3938961.4572, 0.0 ], [ 620416.348299999721348, 3938951.958699999377131, 0.0 ], [ 620521.854299999773502, 3938628.152799999341369, 0.0 ], [ 619895.216099999845028, 3938526.953199999406934, 0.0 ], [ 619789.033499999903142, 3937731.150900000706315, 0.0 ], [ 620105.848600000143051, 3937301.145899999886751, 0.0 ], [ 619903.782700000330806, 3936770.7412, 0.0 ], [ 620129.654000000096858, 3936492.936000000685453, 0.0 ], [ 619910.973000000230968, 3936393.935799999162555, 0.0 ], [ 619022.404799999669194, 3937279.4408, 0.0 ], [ 619109.340900000184774, 3936857.744300000369549, 0.0 ], [ 619727.905899999663234, 3936184.437300000339746, 0.0 ], [ 619011.148699999786913, 3936562.442800000309944, 0.0 ], [ 618464.281200000084937, 3936336.737800000235438, 0.0 ], [ 618543.589900000020862, 3935794.13539999909699, 0.0 ], [ 617855.832999999634922, 3935245.934299999848008, 0.0 ], [ 617736.465200000442564, 3934264.128900000825524, 0.0 ], [ 617018.957299999892712, 3934077.926100000739098, 0.0 ], [ 617254.772599999792874, 3932750.418999999761581, 0.0 ], [ 618177.338899999856949, 3932432.721599999815226, 0.0 ], [ 618475.963499999605119, 3932049.417300000786781, 0.0 ], [ 617775.705900000408292, 3931294.717199999839067, 0.0 ], [ 618311.333899999968708, 3931080.10950000025332, 0.0 ], [ 618792.028300000354648, 3931604.115399999544024, 0.0 ], [ 619066.030299999751151, 3930559.912200000137091, 0.0 ], [ 619508.282200000248849, 3930886.107300000265241, 0.0 ], [ 621075.099000000394881, 3928757.398299999535084, 0.0 ], [ 622099.543300000019372, 3928738.901499999687076, 0.0 ], [ 622163.984699999913573, 3928100.897900000214577, 0.0 ], [ 622639.986600000411272, 3927589.888900000602007, 0.0 ], [ 623378.166799999773502, 3927774.092000000178814, 0.0 ], [ 624318.61739999987185, 3925337.6744, 0.0 ], [ 624849.999200000427663, 3925920.67850000038743, 0.0 ], [ 625440.74309999961406, 3926020.878399999812245, 0.0 ], [ 625635.065799999982119, 3926515.080299999564886, 0.0 ], [ 625632.740600000135601, 3926703.683000000193715, 0.0 ], [ 624877.235700000077486, 3926697.084699999541044, 0.0 ], [ 624937.496899999678135, 3926933.687699999660254, 0.0 ], [ 625601.184000000357628, 3927630.8893, 0.0 ], [ 625982.81209999974817, 3927691.3871, 0.0 ], [ 625575.935300000011921, 3927775.090600000694394, 0.0 ], [ 624964.559999999590218, 3927322.890699999406934, 0.0 ], [ 625157.003100000321865, 3927992.887700000777841, 0.0 ], [ 626189.009200000204146, 3928292.697799999266863, 0.0 ], [ 626434.876799999736249, 3928228.3904, 0.0 ], [ 626187.318400000222027, 3927597.685399999842048, 0.0 ], [ 626498.938900000415742, 3927955.894300000742078, 0.0 ], [ 626822.070299999788404, 3927529.888599999248981, 0.0 ], [ 627583.322399999946356, 3927398.0844, 0.0 ], [ 628999.949900000356138, 3928218.690899999812245, 0.0 ], [ 629580.954699999652803, 3927085.085200000554323, 0.0 ], [ 630819.033200000412762, 3926339.88230000063777, 0.0 ], [ 631369.462899999693036, 3926652.879899999126792, 0.0 ], [ 631724.712199999950826, 3926343.380999999120831, 0.0 ], [ 632236.970999999903142, 3925548.8783, 0.0 ], [ 632197.843799999915063, 3924820.67259999923408, 0.0 ], [ 632924.718100000172853, 3923385.066600000485778, 0.0 ], [ 632964.776300000026822, 3922826.057399999350309, 0.0 ], [ 634979.551199999637902, 3921398.0493, 0.0 ], [ 635174.169900000095367, 3920272.042300000786781, 0.0 ], [ 635579.924999999813735, 3919790.847500000149012, 0.0 ], [ 636802.740500000305474, 3919119.339800000190735, 0.0 ], [ 638182.994800000451505, 3918921.338300000876188, 0.0 ], [ 639601.131000000052154, 3919149.032199999317527, 0.0 ], [ 641351.584300000220537, 3918450.629699999466538, 0.0 ], [ 641683.011300000362098, 3918484.0329, 0.0 ], [ 642106.017799999564886, 3919711.339400000870228, 0.0 ], [ 642520.457299999892712, 3921563.852, 0.0 ], [ 642359.456899999640882, 3922587.849199999123812, 0.0 ], [ 642562.207200000062585, 3923256.056600000709295, 0.0 ], [ 643996.662200000137091, 3923750.357699999585748, 0.0 ], [ 643837.904199999757111, 3923904.857300000265241, 0.0 ], [ 644110.645399999804795, 3924246.689300000667572, 0.0 ], [ 644389.339700000360608, 3923856.856499999761581, 0.0 ], [ 644423.222299999557436, 3924097.8586, 0.0 ], [ 644700.720999999903142, 3923887.360200000926852, 0.0 ], [ 646012.848799999803305, 3925093.660299999639392, 0.0 ], [ 646125.851300000213087, 3926583.875, 0.0 ], [ 645639.542100000195205, 3927103.6722999997437, 0.0 ], [ 645773.422600000165403, 3927496.674200000241399, 0.0 ], [ 648930.501299999654293, 3927756.080900000408292, 0.0 ], [ 651651.512199999764562, 3927101.6689, 0.0 ], [ 652329.382299999706447, 3927595.070699999108911, 0.0 ], [ 652892.765800000168383, 3927162.676000000908971, 0.0 ], [ 655724.469899999909103, 3927099.666600000113249, 0.0 ], [ 655947.595700000412762, 3927690.369400000199676, 0.0 ], [ 657403.910099999979138, 3927471.371799999848008, 0.0 ], [ 656948.406600000336766, 3926234.367200000211596, 0.0 ], [ 658128.293499999679625, 3925190.653400000184774, 0.0 ], [ 659148.359199999831617, 3924912.657800000160933, 0.0 ], [ 659267.107200000435114, 3923350.647199999541044, 0.0 ], [ 660543.058899999596179, 3922503.044299999251962, 0.0 ], [ 660400.998300000093877, 3921946.334699999541044, 0.0 ], [ 662752.00800000037998, 3921686.634600000455976, 0.0 ], [ 665374.769700000062585, 3921946.331299999728799, 0.0 ], [ 667079.458399999886751, 3921519.834699999541044, 0.0 ], [ 666888.220599999651313, 3922655.339700000360608, 0.0 ], [ 667448.842899999581277, 3923874.347799999639392, 0.0 ], [ 666863.459099999628961, 3923942.644600000232458, 0.0 ], [ 666458.776100000366569, 3924547.845000000670552, 0.0 ], [ 667174.784300000406802, 3926381.661100000143051, 0.0 ], [ 668622.160899999551475, 3927098.857999999076128, 0.0 ], [ 668531.217199999839067, 3927393.749500000849366, 0.0 ], [ 669177.167200000025332, 3927420.663799999281764, 0.0 ], [ 669574.916899999603629, 3928987.872999999672174, 0.0 ], [ 670058.373300000093877, 3929360.218599999323487, 0.0 ], [ 670049.978900000452995, 3928791.671499999240041, 0.0 ], [ 672005.92949999962002, 3930348.671599999070168, 0.0 ], [ 671989.750599999912083, 3929565.066800000146031, 0.0 ], [ 672590.99959999974817, 3929723.874900000169873, 0.0 ], [ 672722.125500000081956, 3929451.068900000303984, 0.0 ], [ 674210.195700000040233, 3930139.671399999409914, 0.0 ], [ 674331.138199999928474, 3930251.869100000709295, 0.0 ], [ 673604.32149999961257, 3931213.678899999707937, 0.0 ], [ 675595.334599999710917, 3933886.887800000607967, 0.0 ], [ 676789.900100000202656, 3934125.889599999412894, 0.0 ], [ 677115.282200000248849, 3933206.39159999974072, 0.0 ], [ 677524.657999999821186, 3933864.091, 0.0 ], [ 678549.160199999809265, 3933765.389799999073148, 0.0 ], [ 679454.798299999907613, 3934265.089999999850988, 0.0 ], [ 680393.040000000037253, 3934057.690400000661612, 0.0 ], [ 680625.112599999643862, 3934337.394799999892712, 0.0 ], [ 680328.112900000065565, 3935214.691199999302626, 0.0 ], [ 680591.30530000012368, 3935478.698799999430776, 0.0 ], [ 680963.367999999783933, 3935362.691400000825524, 0.0 ], [ 681265.044099999591708, 3935582.697599999606609, 0.0 ], [ 682987.626199999824166, 3934964.38880000077188, 0.0 ], [ 684026.042200000025332, 3935803.697699999436736, 0.0 ], [ 684643.044900000095367, 3933334.880200000479817, 0.0 ], [ 685783.832700000144541, 3931623.884600000455976, 0.0 ], [ 686907.577499999664724, 3930770.550599999725819, 0.0 ], [ 687562.523199999704957, 3930554.812300000339746, 0.0 ], [ 688796.184799999929965, 3931114.260800000280142, 0.0 ], [ 688532.253200000151992, 3930558.100700000301003, 0.0 ], [ 687790.78139999974519, 3930288.077500000596046, 0.0 ], [ 687684.631099999882281, 3929875.902899999171495, 0.0 ], [ 687629.386500000022352, 3930248.191700000315905, 0.0 ], [ 687346.449000000022352, 3930141.243200000375509, 0.0 ], [ 687515.862999999895692, 3929986.0165, 0.0 ], [ 687155.900999999605119, 3929998.282299999147654, 0.0 ], [ 687070.910099999979138, 3929721.705700000748038, 0.0 ], [ 687319.900299999862909, 3929844.746899999678135, 0.0 ], [ 687230.972799999639392, 3929631.727299999445677, 0.0 ], [ 687429.865199999883771, 3929748.8596, 0.0 ], [ 687455.361899999901652, 3929499.739900000393391, 0.0 ], [ 687845.473399999551475, 3929900.4846, 0.0 ], [ 687526.946999999694526, 3929501.470300000160933, 0.0 ], [ 687456.644199999980628, 3929477.781099999323487, 0.0 ], [ 687015.717199999839067, 3929652.261399999260902, 0.0 ], [ 686749.018400000408292, 3929242.89809999987483, 0.0 ], [ 685443.215800000354648, 3923985.055099999532104, 0.0 ], [ 685226.004700000397861, 3920942.683199999853969, 0.0 ], [ 686147.158900000154972, 3917859.924900000914931, 0.0 ], [ 685841.588800000026822, 3917757.340800000354648, 0.0 ], [ 685933.615100000053644, 3917993.023299999535084, 0.0 ], [ 685381.393000000156462, 3917459.8147, 0.0 ], [ 684993.7045, 3917449.1765, 0.0 ], [ 684595.459400000050664, 3916579.035399999469519, 0.0 ], [ 684561.300699999555945, 3914501.800799999386072, 0.0 ], [ 684966.459400000050664, 3912081.9079, 0.0 ], [ 685582.137299999594688, 3910496.6392, 0.0 ], [ 686718.005400000140071, 3908839.821000000461936, 0.0 ], [ 690956.728199999779463, 3904223.033800000324845, 0.0 ], [ 692178.785299999639392, 3903503.542899999767542, 0.0 ], [ 693858.708800000138581, 3901940.917199999094009, 0.0 ], [ 695231.012400000356138, 3901129.728499999269843, 0.0 ], [ 695875.088299999944866, 3901026.555400000885129, 0.0 ], [ 696793.043600000441074, 3900578.82740000076592, 0.0 ], [ 697075.888299999758601, 3900320.126199999824166, 0.0 ], [ 696788.691399999894202, 3900567.19539999961853, 0.0 ], [ 696334.894399999640882, 3900520.876900000497699, 0.0 ], [ 696069.800099999643862, 3899577.237099999561906, 0.0 ], [ 695671.653599999845028, 3899328.252800000831485, 0.0 ], [ 695005.888199999928474, 3899741.593699999153614, 0.0 ], [ 694647.850599999539554, 3899409.4517, 0.0 ], [ 694191.288399999961257, 3899894.284299999475479, 0.0 ], [ 693526.277900000102818, 3899740.497999999672174, 0.0 ], [ 693740.274699999950826, 3899395.565300000831485, 0.0 ], [ 693471.055100000463426, 3899639.082699999213219, 0.0 ], [ 692711.843299999833107, 3899337.603800000622869, 0.0 ], [ 692769.021200000308454, 3898954.129599999636412, 0.0 ], [ 691882.408400000073016, 3898055.403200000524521, 0.0 ], [ 691749.202499999664724, 3897256.6974, 0.0 ], [ 692002.046099999919534, 3896506.533500000834465, 0.0 ], [ 691844.328200000338256, 3896152.742200000211596, 0.0 ], [ 691068.955099999904633, 3895827.014000000432134, 0.0 ], [ 690835.431499999947846, 3895376.05629999935627, 0.0 ], [ 690988.493800000287592, 3894983.548100000247359, 0.0 ], [ 690272.129700000397861, 3894658.920299999415874, 0.0 ], [ 689557.856599999591708, 3893341.003100000321865, 0.0 ], [ 689573.463200000114739, 3893011.324500000104308, 0.0 ], [ 690129.887400000356138, 3892443.134099999442697, 0.0 ], [ 687451.629999999888241, 3892158.974899999797344, 0.0 ], [ 686800.737999999895692, 3891359.191400000825524, 0.0 ], [ 687676.082399999722838, 3890800.635199999436736, 0.0 ], [ 687633.441599999554455, 3890721.999099999666214, 0.0 ], [ 686759.122700000181794, 3891154.542300000786781, 0.0 ], [ 685683.251400000415742, 3889503.306199999526143, 0.0 ], [ 684347.271399999968708, 3886512.813400000333786, 0.0 ], [ 684150.606900000013411, 3884228.406500000506639, 0.0 ], [ 682190.894000000320375, 3884255.421499999240041, 0.0 ], [ 682011.009399999864399, 3883524.616599999368191, 0.0 ], [ 680873.448800000362098, 3884264.820699999108911, 0.0 ], [ 677683.182000000029802, 3885606.636900000274181, 0.0 ], [ 676239.675200000405312, 3887754.642000000923872, 0.0 ], [ 674843.358799999579787, 3889007.454600000753999, 0.0 ], [ 676689.177199999801815, 3890817.66440000012517, 0.0 ], [ 674391.858199999667704, 3893079.677400000393391, 0.0 ], [ 674010.106399999931455, 3892780.477, 0.0 ], [ 672900.350499999709427, 3893372.880400000140071, 0.0 ], [ 672330.971300000324845, 3892327.4781, 0.0 ], [ 670842.777400000020862, 3891084.665699999779463, 0.0 ], [ 668017.076000000350177, 3889949.162900000810623, 0.0 ], [ 666747.934700000099838, 3889713.4605, 0.0 ], [ 667177.702600000426173, 3890243.165200000628829, 0.0 ], [ 667202.070000000298023, 3891412.473200000822544, 0.0 ], [ 665207.754999999888241, 3894661.690300000831485, 0.0 ], [ 664130.307699999772012, 3896905.905999999493361, 0.0 ], [ 664091.249699999578297, 3901051.224300000816584, 0.0 ], [ 662786.249400000087917, 3904012.537900000810623, 0.0 ], [ 661507.856499999761581, 3904051.74100000038743, 0.0 ], [ 661173.484299999661744, 3901858.23619999922812, 0.0 ], [ 660684.411899999715388, 3901153.926200000569224, 0.0 ], [ 659738.599999999627471, 3900678.520999999716878, 0.0 ], [ 659858.791400000452995, 3899831.219000000506639, 0.0 ], [ 658370.342400000430644, 3899143.916300000622869, 0.0 ], [ 658206.661700000055134, 3899441.717399999499321, 0.0 ], [ 657832.158200000412762, 3899451.52559999935329, 0.0 ], [ 656970.578200000338256, 3899033.519200000911951, 0.0 ], [ 655666.646599999628961, 3897316.910399999469519, 0.0 ], [ 655200.143899999558926, 3897608.912699999287724, 0.0 ], [ 655095.75899999961257, 3897329.508199999108911, 0.0 ], [ 653837.065700000151992, 3897531.508899999782443, 0.0 ], [ 650822.485500000417233, 3898737.721799999475479, 0.0 ], [ 650455.798899999819696, 3898409.916999999433756, 0.0 ], [ 649722.7977, 3899120.726500000804663, 0.0 ], [ 649413.734299999661744, 3900289.535000000149012, 0.0 ], [ 647885.664099999703467, 3900225.528599999845028, 0.0 ], [ 648206.289599999785423, 3901289.237500000745058, 0.0 ], [ 647974.605200000107288, 3901865.24349999986589, 0.0 ], [ 644953.02240000013262, 3900016.731799999251962, 0.0 ], [ 645186.330599999986589, 3898690.524700000882149, 0.0 ], [ 642497.007699999958277, 3897113.718900000676513, 0.0 ] ] ], [ [ [ 684176.776899999938905, 3884223.947100000455976, 0.0 ], [ 684249.707600000314415, 3884273.347899999469519, 0.0 ], [ 684295.388600000180304, 3884203.736300000920892, 0.0 ], [ 684176.776899999938905, 3884223.947100000455976, 0.0 ] ] ], [ [ [ 696846.723899999633431, 3897966.517300000414252, 0.0 ], [ 697210.314399999566376, 3897816.5165, 0.0 ], [ 697254.761500000022352, 3897515.427999999374151, 0.0 ], [ 697224.218100000172853, 3897390.373299999162555, 0.0 ], [ 697205.628700000233948, 3897734.7939, 0.0 ], [ 696846.723899999633431, 3897966.517300000414252, 0.0 ] ] ], [ [ [ 696901.782100000418723, 3900372.5044, 0.0 ], [ 696513.079400000162423, 3899475.795299999415874, 0.0 ], [ 696368.880699999630451, 3898811.848200000822544, 0.0 ], [ 696267.192800000309944, 3900033.405799999833107, 0.0 ], [ 696901.782100000418723, 3900372.5044, 0.0 ] ] ] ] } },
{ "type": "Feature", "properties": { "gouvernorat": "Manouba" }, "geometry": { "type": "Polygon", "coordinates": [ [ [ 589428.412700000219047, 4070809.365000000223517, 0.0 ], [ 591591.615000000223517, 4068928.505799999460578, 0.0 ], [ 591560.783099999651313, 4067700.718399999663234, 0.0 ], [ 592508.433699999935925, 4066455.76410000026226, 0.0 ], [ 591988.150399999693036, 4065489.5252, 0.0 ], [ 593214.537299999967217, 4065099.311699999496341, 0.0 ], [ 594444.626299999654293, 4064298.179700000211596, 0.0 ], [ 596094.662200000137091, 4063631.370799999684095, 0.0 ], [ 595723.035799999721348, 4062219.17, 0.0 ], [ 597555.90749999973923, 4060587.4517, 0.0 ], [ 596732.900299999862909, 4057802.1425, 0.0 ], [ 594666.948599999770522, 4055315.124800000339746, 0.0 ], [ 593834.558100000023842, 4053867.121300000697374, 0.0 ], [ 592510.993599999696016, 4054277.4507, 0.0 ], [ 592378.300800000317395, 4054693.818399999290705, 0.0 ], [ 591409.985999999567866, 4055567.426100000739098, 0.0 ], [ 591874.30420000012964, 4056136.833499999716878, 0.0 ], [ 591353.29590000025928, 4056787.634999999776483, 0.0 ], [ 590792.797899999655783, 4056991.435000000521541, 0.0 ], [ 589226.976300000213087, 4055055.828099999576807, 0.0 ], [ 588891.96999999973923, 4053901.61629999987781, 0.0 ], [ 587610.153800000436604, 4052296.81389999948442, 0.0 ], [ 587581.713499999605119, 4051970.6085, 0.0 ], [ 586001.767300000414252, 4051641.403999999165535, 0.0 ], [ 585117.832100000232458, 4050894.801999999210238, 0.0 ], [ 584772.824000000022352, 4050975.606200000271201, 0.0 ], [ 583007.749099999666214, 4049967.096100000664592, 0.0 ], [ 581167.133799999952316, 4049668.525699999183416, 0.0 ], [ 580919.921900000423193, 4049428.093399999663234, 0.0 ], [ 580230.919900000095367, 4049526.394099999219179, 0.0 ], [ 579691.86089999973774, 4048884.091199999675155, 0.0 ], [ 577129.622899999842048, 4048513.255400000140071, 0.0 ], [ 576553.895100000314415, 4049782.394600000232458, 0.0 ], [ 575874.08739999961108, 4050476.607599999755621, 0.0 ], [ 573072.627799999900162, 4050345.804500000551343, 0.0 ], [ 572124.49100000038743, 4052406.417400000616908, 0.0 ], [ 572479.567699999548495, 4053568.627499999478459, 0.0 ], [ 572368.817300000227988, 4054278.127399999648333, 0.0 ], [ 572033.374499999918044, 4054707.432700000703335, 0.0 ], [ 571029.247100000269711, 4053825.627299999818206, 0.0 ], [ 569890.110399999655783, 4055231.829600000753999, 0.0 ], [ 571145.490399999544024, 4056727.6436, 0.0 ], [ 570560.559999999590218, 4058027.146999999880791, 0.0 ], [ 569526.673700000159442, 4058518.850099999457598, 0.0 ], [ 569213.47829999960959, 4059248.155999999493361, 0.0 ], [ 569940.115500000305474, 4062127.176899999380112, 0.0 ], [ 569430.667999999597669, 4062935.177400000393391, 0.0 ], [ 568470.854399999603629, 4063390.677500000223517, 0.0 ], [ 568861.734699999913573, 4064141.689099999144673, 0.0 ], [ 567747.788800000213087, 4064320.184100000187755, 0.0 ], [ 567193.969700000248849, 4063349.486099999397993, 0.0 ], [ 566142.147900000214577, 4062287.176300000399351, 0.0 ], [ 565598.216000000014901, 4062946.676100000739098, 0.0 ], [ 565786.717199999839067, 4063377.18099999986589, 0.0 ], [ 563511.890100000426173, 4064696.490900000557303, 0.0 ], [ 563054.705000000074506, 4065368.898199999704957, 0.0 ], [ 563469.324900000356138, 4065405.490900000557303, 0.0 ], [ 563080.762099999934435, 4065781.696599999442697, 0.0 ], [ 561437.693799999542534, 4066244.205600000917912, 0.0 ], [ 560599.812199999578297, 4067001.50620000064373, 0.0 ], [ 559204.260999999940395, 4067355.026699999347329, 0.0 ], [ 558557.419999999925494, 4067206.206199999898672, 0.0 ], [ 557662.039800000376999, 4067390.21000000089407, 0.0 ], [ 556887.28870000038296, 4067849.209599999710917, 0.0 ], [ 554916.025799999944866, 4069359.521600000560284, 0.0 ], [ 554019.021300000138581, 4070628.531099999323487, 0.0 ], [ 553371.207600000314415, 4071105.527000000700355, 0.0 ], [ 552844.451899999752641, 4072177.535399999469519, 0.0 ], [ 551326.564699999988079, 4073934.948400000110269, 0.0 ], [ 550444.444199999794364, 4076504.261, 0.0 ], [ 551173.505199999548495, 4077653.773800000548363, 0.0 ], [ 552407.882699999958277, 4078420.771999999880791, 0.0 ], [ 552992.145499999634922, 4078536.778899999335408, 0.0 ], [ 553278.02240000013262, 4078924.282299999147654, 0.0 ], [ 555356.845300000160933, 4079211.275100000202656, 0.0 ], [ 555750.347599999979138, 4079499.578199999406934, 0.0 ], [ 556178.474299999885261, 4079075.981799999251962, 0.0 ], [ 556126.904400000348687, 4078459.5735, 0.0 ], [ 556578.97719999961555, 4078371.970799999311566, 0.0 ], [ 556820.227400000207126, 4078900.57630000077188, 0.0 ], [ 558444.487200000323355, 4079411.784800000488758, 0.0 ], [ 558458.991899999789894, 4080058.287200000137091, 0.0 ], [ 560193.557000000029802, 4081002.590199999511242, 0.0 ], [ 560193.812699999660254, 4081220.287200000137091, 0.0 ], [ 561185.067999999970198, 4081158.789200000464916, 0.0 ], [ 562086.385599999688566, 4081571.7873, 0.0 ], [ 563383.52280000038445, 4083244.606499999761581, 0.0 ], [ 566460.15610000025481, 4081898.791600000113249, 0.0 ], [ 568198.415199999697506, 4082136.594100000336766, 0.0 ], [ 568732.419800000265241, 4083575.5998, 0.0 ], [ 568764.612099999561906, 4084743.809000000357628, 0.0 ], [ 569794.310200000181794, 4086060.31870000064373, 0.0 ], [ 570146.871899999678135, 4086956.621600000187755, 0.0 ], [ 571255.441899999976158, 4088019.331399999558926, 0.0 ], [ 572628.787200000137091, 4087857.622899999842048, 0.0 ], [ 572255.69400000013411, 4089416.33500000089407, 0.0 ], [ 573057.3273, 4091136.645199999213219, 0.0 ], [ 574915.399000000208616, 4089979.643100000917912, 0.0 ], [ 576495.287299999967217, 4089436.639799999073148, 0.0 ], [ 576879.917000000365078, 4089379.330900000408292, 0.0 ], [ 577277.913399999961257, 4089650.037399999797344, 0.0 ], [ 578480.610000000335276, 4089373.031700000166893, 0.0 ], [ 579145.550499999895692, 4088904.334100000560284, 0.0 ], [ 580838.498499999754131, 4088868.0307, 0.0 ], [ 581342.998700000345707, 4088636.626199999824166, 0.0 ], [ 582391.752799999900162, 4088995.335100000724196, 0.0 ], [ 584059.335199999623001, 4085387.00730000063777, 0.0 ], [ 583969.265100000426173, 4084957.0022, 0.0 ], [ 586882.416199999861419, 4086170.311499999836087, 0.0 ], [ 588719.147599999792874, 4085527.547900000587106, 0.0 ], [ 589915.733, 4083149.757099999114871, 0.0 ], [ 589331.824500000104308, 4082227.789300000295043, 0.0 ], [ 589301.099999999627471, 4081382.656199999153614, 0.0 ], [ 588717.174999999813735, 4080368.4868, 0.0 ], [ 588425.220300000160933, 4079031.630999999120831, 0.0 ], [ 588025.706600000150502, 4078724.311799999326468, 0.0 ], [ 586765.684700000099838, 4078693.578400000929832, 0.0 ], [ 587119.10329999960959, 4077525.748999999836087, 0.0 ], [ 586965.350200000219047, 4077300.563400000333786, 0.0 ], [ 585892.77379999961704, 4077091.55519999936223, 0.0 ], [ 586058.903699999675155, 4076834.755799999460578, 0.0 ], [ 590072.864199999719858, 4076277.254599999636412, 0.0 ], [ 589891.678000000305474, 4078013.761600000783801, 0.0 ], [ 591273.689600000157952, 4077685.5559, 0.0 ], [ 592002.88260000012815, 4078494.5658, 0.0 ], [ 593010.448900000192225, 4080440.770999999716878, 0.0 ], [ 592964.890599999576807, 4081036.983300000429153, 0.0 ], [ 593230.259999999776483, 4081245.581800000742078, 0.0 ], [ 594442.826999999582767, 4081170.57630000077188, 0.0 ], [ 594748.955500000156462, 4080683.772399999201298, 0.0 ], [ 595576.018500000238419, 4080437.970499999821186, 0.0 ], [ 595765.830599999986589, 4080038.569299999624491, 0.0 ], [ 596692.27309999987483, 4079664.493000000715256, 0.0 ], [ 596564.841099999845028, 4079498.965700000524521, 0.0 ], [ 595983.835500000044703, 4079745.9671, 0.0 ], [ 596911.217699999921024, 4078588.965199999511242, 0.0 ], [ 596768.777900000102818, 4077948.961799999698997, 0.0 ], [ 597592.921400000341237, 4076708.19649999961257, 0.0 ], [ 597664.652200000360608, 4075992.7478, 0.0 ], [ 598154.153099999763072, 4075893.247300000861287, 0.0 ], [ 598499.78760000038892, 4074849.4035, 0.0 ], [ 598785.598600000143051, 4074993.544800000265241, 0.0 ], [ 599471.252700000070035, 4074672.547900000587106, 0.0 ], [ 599788.42200000025332, 4072731.461300000548363, 0.0 ], [ 599464.910799999721348, 4072414.284099999815226, 0.0 ], [ 599648.86809999961406, 4071811.653100000694394, 0.0 ], [ 598449.956600000150502, 4072097.117200000211596, 0.0 ], [ 597692.670400000177324, 4072587.650499999523163, 0.0 ], [ 597153.817800000309944, 4072531.921700000762939, 0.0 ], [ 594606.949699999764562, 4071996.5285, 0.0 ], [ 593761.258600000292063, 4070768.521500000730157, 0.0 ], [ 592248.294400000013411, 4072253.198699999600649, 0.0 ], [ 591597.949099999852479, 4072383.273299999535084, 0.0 ], [ 590780.360500000417233, 4072141.701199999079108, 0.0 ], [ 589428.412700000219047, 4070809.365000000223517, 0.0 ] ] ] } },
{ "type": "Feature", "properties": { "gouvernorat": "Medenine" }, "geometry": { "type": "MultiPolygon", "coordinates": [ [ [ [ 614268.753600000403821, 3697215.569700000807643, 0.0 ], [ 615818.89670000039041, 3697427.966700000688434, 0.0 ], [ 618609.847500000149012, 3698575.276799999177456, 0.0 ], [ 618970.275000000372529, 3698968.778200000524521, 0.0 ], [ 619346.534799999557436, 3699491.773700000718236, 0.0 ], [ 619868.780899999663234, 3702245.2851, 0.0 ], [ 624040.934999999590218, 3706684.608799999579787, 0.0 ], [ 624613.810100000351667, 3708185.6096, 0.0 ], [ 626234.06900000013411, 3710176.822200000286102, 0.0 ], [ 626434.947200000286102, 3710648.018300000578165, 0.0 ], [ 626239.892, 3712476.334499999880791, 0.0 ], [ 626966.824599999934435, 3713439.032299999147654, 0.0 ], [ 627080.767, 3714855.040400000289083, 0.0 ], [ 628325.961500000208616, 3715728.34569999948144, 0.0 ], [ 628455.636599999852479, 3716409.350099999457598, 0.0 ], [ 628983.332100000232458, 3716945.05320000089705, 0.0 ], [ 629772.215599999763072, 3717182.645400000736117, 0.0 ], [ 630636.342699999921024, 3717039.653400000184774, 0.0 ], [ 631228.150500000454485, 3718674.357599999755621, 0.0 ], [ 630933.475999999791384, 3719340.355200000107288, 0.0 ], [ 631614.413099999539554, 3720125.85840000025928, 0.0 ], [ 633585.162999999709427, 3721414.670700000599027, 0.0 ], [ 635496.434700000099838, 3721735.86570000089705, 0.0 ], [ 636757.026399999856949, 3723088.75929999910295, 0.0 ], [ 636857.100599999539554, 3722818.379799999296665, 0.0 ], [ 636636.685200000181794, 3722696.869300000369549, 0.0 ], [ 636534.776899999938905, 3722498.052500000223517, 0.0 ], [ 636928.239199999719858, 3722776.440199999138713, 0.0 ], [ 637017.948499999940395, 3722469.06279999949038, 0.0 ], [ 636672.13219999987632, 3722198.557600000873208, 0.0 ], [ 637271.628499999642372, 3722246.9353, 0.0 ], [ 637794.01630000025034, 3721352.356200000271201, 0.0 ], [ 637571.742300000041723, 3721925.862299999222159, 0.0 ], [ 637780.40610000025481, 3722222.704600000753999, 0.0 ], [ 638808.368800000287592, 3722654.07039999961853, 0.0 ], [ 639992.81209999974817, 3722781.206000000238419, 0.0 ], [ 640712.007699999958277, 3723204.846699999645352, 0.0 ], [ 640918.108, 3723636.220300000160933, 0.0 ], [ 644066.770800000056624, 3723912.47749999910593, 0.0 ], [ 645347.6875, 3724635.6261, 0.0 ], [ 645097.312599999830127, 3723550.349600000306964, 0.0 ], [ 644122.809399999678135, 3721996.456599999219179, 0.0 ], [ 644033.435800000093877, 3721146.203400000929832, 0.0 ], [ 643649.785299999639392, 3720506.403300000354648, 0.0 ], [ 644138.052699999883771, 3721074.055800000205636, 0.0 ], [ 644371.7955, 3721861.096899999305606, 0.0 ], [ 644986.909699999727309, 3722145.618200000375509, 0.0 ], [ 645763.800800000317395, 3722226.8596, 0.0 ], [ 646495.490899999625981, 3721748.239800000563264, 0.0 ], [ 647167.962500000372529, 3721796.060000000521541, 0.0 ], [ 647864.353699999861419, 3722309.55629999935627, 0.0 ], [ 647857.963700000196695, 3723002.577299999073148, 0.0 ], [ 646560.830400000326335, 3722328.44539999961853, 0.0 ], [ 645441.937599999830127, 3722804.816500000655651, 0.0 ], [ 645178.406700000166893, 3723319.906199999153614, 0.0 ], [ 645680.278400000184774, 3724521.855699999257922, 0.0 ], [ 648286.411100000143051, 3725221.353900000452995, 0.0 ], [ 648317.138399999588728, 3725513.792500000447035, 0.0 ], [ 649196.050999999977648, 3726184.965700000524521, 0.0 ], [ 652451.635499999858439, 3726856.125700000673532, 0.0 ], [ 655443.643000000156462, 3729345.134700000286102, 0.0 ], [ 656702.084099999628961, 3729821.919700000435114, 0.0 ], [ 657274.373100000433624, 3730327.774599999189377, 0.0 ], [ 659128.197200000286102, 3730641.58420000039041, 0.0 ], [ 659668.228699999861419, 3730532.981599999591708, 0.0 ], [ 660831.965900000184774, 3729560.907500000670552, 0.0 ], [ 661728.261800000444055, 3727303.677799999713898, 0.0 ], [ 661153.773599999956787, 3725137.95160000026226, 0.0 ], [ 660940.148400000296533, 3725429.062999999150634, 0.0 ], [ 660456.627700000070035, 3723772.70920000039041, 0.0 ], [ 660517.630699999630451, 3721638.003100000321865, 0.0 ], [ 661046.475899999961257, 3719925.555299999192357, 0.0 ], [ 660837.020100000314415, 3718698.917500000447035, 0.0 ], [ 660103.650500000454485, 3718125.404999999329448, 0.0 ], [ 659653.729799999855459, 3715978.9112, 0.0 ], [ 658883.936300000175834, 3715879.520099999383092, 0.0 ], [ 658182.552199999801815, 3715037.699699999764562, 0.0 ], [ 656613.102099999785423, 3713948.411499999463558, 0.0 ], [ 656004.833700000308454, 3712236.650699999183416, 0.0 ], [ 656771.809100000187755, 3712088.25139999948442, 0.0 ], [ 656800.352099999785423, 3711953.333799999207258, 0.0 ], [ 656087.46239999961108, 3712050.350199999287724, 0.0 ], [ 656006.026600000448525, 3711310.82630000077188, 0.0 ], [ 656253.919099999591708, 3710928.663200000301003, 0.0 ], [ 656841.685700000263751, 3710990.337300000712276, 0.0 ], [ 657146.449400000274181, 3710779.012499999254942, 0.0 ], [ 658029.345999999903142, 3709783.314099999144673, 0.0 ], [ 658053.753999999724329, 3708819.4695999994874, 0.0 ], [ 657528.741600000299513, 3707461.923800000920892, 0.0 ], [ 657894.543300000019372, 3706722.682099999859929, 0.0 ], [ 660362.323099999688566, 3706516.737199999392033, 0.0 ], [ 662576.737499999813735, 3704493.95549999922514, 0.0 ], [ 663981.436099999584258, 3704908.31279999949038, 0.0 ], [ 664286.531700000166893, 3704757.394500000402331, 0.0 ], [ 665320.33490000013262, 3704928.430099999532104, 0.0 ], [ 665378.379900000058115, 3704630.482300000265241, 0.0 ], [ 665487.162399999797344, 3705137.94789999909699, 0.0 ], [ 665566.754399999976158, 3704638.718100000172853, 0.0 ], [ 665911.021399999968708, 3705669.586899999529123, 0.0 ], [ 667191.511900000274181, 3705901.050300000235438, 0.0 ], [ 667779.165500000119209, 3707164.619200000539422, 0.0 ], [ 669745.599799999967217, 3707375.432199999690056, 0.0 ], [ 671180.463800000026822, 3707953.798100000247359, 0.0 ], [ 671955.918100000359118, 3708880.145099999383092, 0.0 ], [ 673231.907399999909103, 3709135.199699999764562, 0.0 ], [ 678721.99239999987185, 3711099.453299999237061, 0.0 ], [ 678685.985100000165403, 3711462.86769999936223, 0.0 ], [ 679085.93030000012368, 3711673.979800000786781, 0.0 ], [ 679001.072499999776483, 3711948.650699999183416, 0.0 ], [ 680339.41440000012517, 3713742.3213, 0.0 ], [ 680391.947300000116229, 3714479.06980000063777, 0.0 ], [ 680849.773699999786913, 3715219.38370000012219, 0.0 ], [ 680114.369699999690056, 3716656.542199999094009, 0.0 ], [ 679772.503399999812245, 3716463.1392, 0.0 ], [ 680072.519199999980628, 3716691.435900000855327, 0.0 ], [ 679963.343100000172853, 3716998.239, 0.0 ], [ 678751.669599999673665, 3718953.151699999347329, 0.0 ], [ 677412.74170000012964, 3719404.5888, 0.0 ], [ 677415.85869999974966, 3720231.92710000090301, 0.0 ], [ 677230.797600000165403, 3720268.015100000426173, 0.0 ], [ 678196.239199999719858, 3721195.642200000584126, 0.0 ], [ 678634.145399999804795, 3721127.219000000506639, 0.0 ], [ 679611.618599999696016, 3721761.333799999207258, 0.0 ], [ 680244.854500000365078, 3721731.960400000214577, 0.0 ], [ 680566.724700000137091, 3722538.292899999767542, 0.0 ], [ 681914.097599999979138, 3721964.819900000467896, 0.0 ], [ 682182.892199999652803, 3722042.6053, 0.0 ], [ 682920.527099999599159, 3721556.241800000891089, 0.0 ], [ 684033.161100000143051, 3721589.357799999415874, 0.0 ], [ 685041.263100000098348, 3722242.341299999505281, 0.0 ], [ 685006.546699999831617, 3723141.300799999386072, 0.0 ], [ 684799.101400000043213, 3723160.929300000891089, 0.0 ], [ 684690.446100000292063, 3722858.474600000306964, 0.0 ], [ 684295.977400000207126, 3723108.382999999448657, 0.0 ], [ 684606.184600000269711, 3723563.715099999681115, 0.0 ], [ 685614.812800000421703, 3723251.498299999162555, 0.0 ], [ 686151.802199999801815, 3723467.11629999987781, 0.0 ], [ 688543.141499999910593, 3721851.104000000283122, 0.0 ], [ 689995.244199999608099, 3721874.973899999633431, 0.0 ], [ 691061.669900000095367, 3720486.214400000870228, 0.0 ], [ 691710.00650000013411, 3720146.83809999935329, 0.0 ], [ 691497.99210000038147, 3719967.44480000063777, 0.0 ], [ 691665.518199999816716, 3719581.33809999935329, 0.0 ], [ 692756.291299999691546, 3718656.671900000423193, 0.0 ], [ 695385.41399999987334, 3715078.296800000593066, 0.0 ], [ 696378.390999999828637, 3712167.156999999657273, 0.0 ], [ 696670.902099999599159, 3708553.65059999935329, 0.0 ], [ 697136.406700000166893, 3707326.674799999222159, 0.0 ], [ 697993.568900000303984, 3706043.365299999713898, 0.0 ], [ 697059.471599999815226, 3707304.322499999776483, 0.0 ], [ 696899.885800000280142, 3707761.653100000694394, 0.0 ], [ 696675.625500000081956, 3707798.441199999302626, 0.0 ], [ 696512.303700000047684, 3707332.9331, 0.0 ], [ 696982.805100000463426, 3707277.570900000631809, 0.0 ], [ 696699.793700000271201, 3707168.806199999526143, 0.0 ], [ 696381.818300000391901, 3707406.764499999582767, 0.0 ], [ 696145.441399999894202, 3707028.8849, 0.0 ], [ 696461.450400000438094, 3706657.125600000843406, 0.0 ], [ 696596.155100000090897, 3706764.185100000351667, 0.0 ], [ 697004.62569999974221, 3706094.964199999347329, 0.0 ], [ 696173.965599999763072, 3705675.012700000777841, 0.0 ], [ 696196.775700000114739, 3704970.1075, 0.0 ], [ 696061.351800000295043, 3705521.207399999722838, 0.0 ], [ 695715.616600000299513, 3705538.109400000423193, 0.0 ], [ 695389.774299999698997, 3703910.710400000214577, 0.0 ], [ 694770.121299999766052, 3703072.384800000116229, 0.0 ], [ 694601.97719999961555, 3702425.109899999573827, 0.0 ], [ 694556.554100000299513, 3700539.577600000426173, 0.0 ], [ 695831.767199999652803, 3698514.125199999660254, 0.0 ], [ 695861.644100000150502, 3697434.916500000283122, 0.0 ], [ 697399.932599999941885, 3695304.531999999657273, 0.0 ], [ 697423.559500000439584, 3694451.180600000545382, 0.0 ], [ 696462.406700000166893, 3693171.136499999091029, 0.0 ], [ 695720.121199999935925, 3693106.834499999880791, 0.0 ], [ 695584.091199999675155, 3693475.363199999555945, 0.0 ], [ 695005.724000000394881, 3693410.39949999935925, 0.0 ], [ 694570.063500000163913, 3692861.3597999997437, 0.0 ], [ 694681.557599999941885, 3692269.145099999383092, 0.0 ], [ 696171.766400000080466, 3692238.2785, 0.0 ], [ 696861.224899999797344, 3692459.200200000777841, 0.0 ], [ 697794.779099999926984, 3693259.484300000593066, 0.0 ], [ 697833.8454, 3693617.619400000199676, 0.0 ], [ 698607.871700000017881, 3693902.517100000753999, 0.0 ], [ 699865.077100000344217, 3693244.168800000101328, 0.0 ], [ 701712.689000000245869, 3691383.244100000709295, 0.0 ], [ 702255.864799999631941, 3690695.309900000691414, 0.0 ], [ 702297.984400000423193, 3689461.117799999192357, 0.0 ], [ 703021.199799999594688, 3689196.642100000753999, 0.0 ], [ 703259.685700000263751, 3688846.386900000274181, 0.0 ], [ 703955.003399999812245, 3688606.50760000012815, 0.0 ], [ 704200.326000000350177, 3688795.135600000619888, 0.0 ], [ 708496.687199999578297, 3687067.846799999475479, 0.0 ], [ 713587.060600000433624, 3684093.57179999910295, 0.0 ], [ 713443.556499999947846, 3683864.404100000858307, 0.0 ], [ 712484.301199999637902, 3684493.745100000873208, 0.0 ], [ 710314.508399999700487, 3685059.777300000190735, 0.0 ], [ 708526.585900000296533, 3685880.0603, 0.0 ], [ 705726.81180000025779, 3686676.312300000339746, 0.0 ], [ 702455.190799999982119, 3687959.392799999564886, 0.0 ], [ 699791.246399999596179, 3688306.044399999082088, 0.0 ], [ 699087.838399999774992, 3687654.447799999266863, 0.0 ], [ 698167.465400000102818, 3687832.973999999463558, 0.0 ], [ 697708.763399999588728, 3686922.8333, 0.0 ], [ 697647.715599999763072, 3685627.929400000721216, 0.0 ], [ 697368.079199999570847, 3685354.924699999392033, 0.0 ], [ 697094.890100000426173, 3685456.504899999126792, 0.0 ], [ 697064.619900000281632, 3685156.162100000306964, 0.0 ], [ 696805.893299999646842, 3685326.871300000697374, 0.0 ], [ 697047.767799999564886, 3684514.9222, 0.0 ], [ 697612.273599999956787, 3684026.243200000375509, 0.0 ], [ 697797.862999999895692, 3684302.893200000748038, 0.0 ], [ 698891.996600000187755, 3682559.9627, 0.0 ], [ 701134.075699999928474, 3680905.719399999827147, 0.0 ], [ 701269.032399999909103, 3679948.8925, 0.0 ], [ 701935.618800000287592, 3679150.642699999734759, 0.0 ], [ 701873.127999999560416, 3677555.6382, 0.0 ], [ 702677.785500000230968, 3675986.722500000149012, 0.0 ], [ 703688.402099999599159, 3675394.495899999514222, 0.0 ], [ 704260.49239999987185, 3675335.631400000303984, 0.0 ], [ 704849.122600000351667, 3675642.418199999257922, 0.0 ], [ 704227.528199999593198, 3675692.054999999701977, 0.0 ], [ 706052.581899999640882, 3676013.240900000557303, 0.0 ], [ 706180.233099999837577, 3676214.089500000700355, 0.0 ], [ 708660.761099999770522, 3675719.40430000051856, 0.0 ], [ 710873.621600000187755, 3675938.8498, 0.0 ], [ 714141.283300000242889, 3674900.964500000700355, 0.0 ], [ 720682.740100000053644, 3673305.381699999794364, 0.0 ], [ 721553.692499999888241, 3673365.490499999374151, 0.0 ], [ 722038.406999999657273, 3673813.023900000378489, 0.0 ], [ 722464.801199999637902, 3673751.240199999883771, 0.0 ], [ 722866.039800000376999, 3674323.421, 0.0 ], [ 725420.06290000025183, 3673015.193499999120831, 0.0 ], [ 726414.85329999960959, 3673069.264799999073148, 0.0 ], [ 727209.012699999846518, 3673638.709799999371171, 0.0 ], [ 727528.801900000311434, 3673345.803300000727177, 0.0 ], [ 727917.35080000013113, 3673352.790200000628829, 0.0 ], [ 727564.695700000040233, 3673409.705900000408292, 0.0 ], [ 727334.247600000351667, 3673747.4518, 0.0 ], [ 727741.685800000093877, 3673983.831599999219179, 0.0 ], [ 727701.128299999982119, 3674219.821900000795722, 0.0 ], [ 727978.684600000269711, 3674154.11119999922812, 0.0 ], [ 727502.764399999752641, 3675246.3278, 0.0 ], [ 725190.753399999812245, 3676538.676899999380112, 0.0 ], [ 725279.667500000447035, 3676335.076099999248981, 0.0 ], [ 719285.913099999539554, 3681232.692099999636412, 0.0 ], [ 716342.904699999839067, 3682605.9748, 0.0 ], [ 716313.121199999935925, 3682828.822300000116229, 0.0 ], [ 716516.331299999728799, 3682841.065199999138713, 0.0 ], [ 719520.420599999837577, 3681445.0801, 0.0 ], [ 724456.604899999685585, 3677621.293999999761581, 0.0 ], [ 731502.971300000324845, 3673775.635900000110269, 0.0 ], [ 732189.688900000415742, 3673624.9781, 0.0 ], [ 732192.129099999554455, 3674111.7027000002563, 0.0 ], [ 731964.03760000038892, 3674248.053899999707937, 0.0 ], [ 732188.723699999973178, 3674284.819499999284744, 0.0 ], [ 732242.733599999919534, 3673640.427300000563264, 0.0 ], [ 734216.287499999627471, 3672695.068399999290705, 0.0 ], [ 737291.464599999599159, 3672037.909099999815226, 0.0 ], [ 738305.217699999921024, 3672321.663599999621511, 0.0 ], [ 738859.666400000452995, 3672237.928099999204278, 0.0 ], [ 738546.838100000284612, 3668789.544299999251962, 0.0 ], [ 735756.252600000239909, 3661194.7697, 0.0 ], [ 735633.059299999848008, 3654784.488700000569224, 0.0 ], [ 736305.433500000275671, 3651976.229100000113249, 0.0 ], [ 735279.364599999971688, 3650760.476299999281764, 0.0 ], [ 735121.799700000323355, 3649147.719699999317527, 0.0 ], [ 733941.791299999691546, 3645837.457100000232458, 0.0 ], [ 732785.594100000336766, 3641203.688999999314547, 0.0 ], [ 734110.96239999961108, 3636668.942800000309944, 0.0 ], [ 733145.832399999722838, 3628781.887599999085069, 0.0 ], [ 733209.955199999734759, 3626455.878000000491738, 0.0 ], [ 733788.3898, 3623275.613700000569224, 0.0 ], [ 734006.815999999642372, 3620211.520500000566244, 0.0 ], [ 732920.691800000146031, 3614676.580199999734759, 0.0 ], [ 735014.94510000012815, 3610199.8103, 0.0 ], [ 737457.9527000002563, 3608235.299699999392033, 0.0 ], [ 739635.894899999722838, 3606942.5461, 0.0 ], [ 743085.1568, 3602522.024399999529123, 0.0 ], [ 744455.158300000242889, 3599456.757099999114871, 0.0 ], [ 744975.277999999932945, 3596363.241599999368191, 0.0 ], [ 745167.21750000026077, 3594064.734899999573827, 0.0 ], [ 744993.153800000436604, 3593627.48340000025928, 0.0 ], [ 742835.705599999986589, 3591582.227800000458956, 0.0 ], [ 739967.815100000239909, 3587714.465800000354648, 0.0 ], [ 737657.742899999953806, 3587002.215600000694394, 0.0 ], [ 736274.176799999549985, 3586303.219399999827147, 0.0 ], [ 730981.152999999932945, 3582334.457499999552965, 0.0 ], [ 727519.760099999606609, 3581273.704199999570847, 0.0 ], [ 721177.355999999679625, 3576726.193199999630451, 0.0 ], [ 716352.398599999956787, 3575308.442600000649691, 0.0 ], [ 703905.626600000075996, 3570828.52309999987483, 0.0 ], [ 705132.674800000153482, 3575322.003699999302626, 0.0 ], [ 707271.300999999977648, 3575939.208499999716878, 0.0 ], [ 708600.553700000047684, 3577006.004200000315905, 0.0 ], [ 710996.566599999554455, 3577521.708799999207258, 0.0 ], [ 711959.635900000110269, 3577960.71030000038445, 0.0 ], [ 716355.466400000266731, 3581524.214400000870228, 0.0 ], [ 718678.043300000019372, 3583774.422700000926852, 0.0 ], [ 720423.548100000247359, 3584946.426999999210238, 0.0 ], [ 720741.493200000375509, 3585637.228700000792742, 0.0 ], [ 720615.183199999853969, 3585934.429500000551343, 0.0 ], [ 719327.293100000359118, 3586197.72829999960959, 0.0 ], [ 714283.02489999961108, 3584334.225400000810623, 0.0 ], [ 713340.330900000408292, 3583711.730599999427795, 0.0 ], [ 710040.445899999700487, 3582834.229000000283122, 0.0 ], [ 709102.749900000169873, 3583150.026900000870228, 0.0 ], [ 705662.625500000081956, 3588982.455700000748038, 0.0 ], [ 702341.49129999987781, 3597697.789000000804663, 0.0 ], [ 700807.736399999819696, 3600848.111600000411272, 0.0 ], [ 698946.174800000153482, 3603773.319399999454618, 0.0 ], [ 695534.532300000078976, 3611145.351399999111891, 0.0 ], [ 695393.033999999985099, 3612228.8553, 0.0 ], [ 694930.102800000458956, 3612843.562999999150634, 0.0 ], [ 693728.723399999551475, 3617131.578500000759959, 0.0 ], [ 698831.368999999947846, 3623570.899299999698997, 0.0 ], [ 698942.499499999918044, 3624588.906099999323487, 0.0 ], [ 698565.756299999542534, 3627473.4211, 0.0 ], [ 697219.629499999806285, 3632479.6338, 0.0 ], [ 697653.449199999682605, 3637082.45549999922514, 0.0 ], [ 697343.949400000274181, 3638224.458000000566244, 0.0 ], [ 695613.752100000157952, 3640841.97749999910593, 0.0 ], [ 694908.063799999654293, 3643399.288200000301003, 0.0 ], [ 692004.745699999853969, 3650450.51490000076592, 0.0 ], [ 689631.554700000211596, 3657209.749399999156594, 0.0 ], [ 690306.55559999961406, 3658961.349700000137091, 0.0 ], [ 689982.493200000375509, 3659740.354800000786781, 0.0 ], [ 690037.188500000163913, 3660214.360300000756979, 0.0 ], [ 676650.500300000421703, 3662042.776799999177456, 0.0 ], [ 675633.750300000421703, 3661987.378799999132752, 0.0 ], [ 673973.178100000135601, 3661169.373099999502301, 0.0 ], [ 672529.671500000171363, 3661758.776699999347329, 0.0 ], [ 669808.416000000201166, 3661835.583499999716878, 0.0 ], [ 667807.776499999687076, 3662338.384800000116229, 0.0 ], [ 662408.38370000012219, 3663110.394999999552965, 0.0 ], [ 660658.62430000025779, 3662445.0888, 0.0 ], [ 658952.61780000012368, 3662449.589199999347329, 0.0 ], [ 645163.942200000397861, 3663393.810499999672174, 0.0 ], [ 642060.665699999779463, 3667288.626199999824166, 0.0 ], [ 641960.363300000317395, 3668056.433399999514222, 0.0 ], [ 642710.301599999889731, 3668453.13370000012219, 0.0 ], [ 644336.867200000211596, 3668387.425799999386072, 0.0 ], [ 645488.008799999952316, 3669003.832100000232458, 0.0 ], [ 645939.12459999974817, 3669372.828299999237061, 0.0 ], [ 646001.760900000110269, 3670260.13150000013411, 0.0 ], [ 646405.067300000227988, 3670994.834799999371171, 0.0 ], [ 647449.078499999828637, 3671539.435599999502301, 0.0 ], [ 647873.519100000150502, 3672251.443399999290705, 0.0 ], [ 649355.205299999564886, 3673239.445599999278784, 0.0 ], [ 649744.205000000074506, 3673804.4527000002563, 0.0 ], [ 639007.295699999667704, 3674875.156300000846386, 0.0 ], [ 639060.605700000189245, 3675750.661800000816584, 0.0 ], [ 638825.730600000359118, 3676460.670399999246001, 0.0 ], [ 629955.7511, 3672388.857300000265241, 0.0 ], [ 628893.112399999983609, 3671568.45130000077188, 0.0 ], [ 627361.80350000038743, 3671993.157600000500679, 0.0 ], [ 625390.040400000289083, 3671828.151499999687076, 0.0 ], [ 620982.34499999973923, 3670197.1491, 0.0 ], [ 617895.755400000140071, 3669638.852, 0.0 ], [ 618277.951000000350177, 3668163.445900000631809, 0.0 ], [ 617649.325699999928474, 3666698.83809999935329, 0.0 ], [ 614663.244500000029802, 3664701.627699999138713, 0.0 ], [ 612555.365799999795854, 3662453.626900000497699, 0.0 ], [ 610211.531499999575317, 3660477.811899999156594, 0.0 ], [ 607182.902400000020862, 3659978.412900000810623, 0.0 ], [ 606076.338499999605119, 3660192.11089999973774, 0.0 ], [ 602393.316599999554455, 3659932.414300000295043, 0.0 ], [ 601787.994800000451505, 3659572.61629999987781, 0.0 ], [ 601066.372600000351667, 3658373.405799999833107, 0.0 ], [ 600029.560300000011921, 3657913.807800000533462, 0.0 ], [ 595099.967899999581277, 3657962.610200000926852, 0.0 ], [ 591722.390100000426173, 3658293.415699999779463, 0.0 ], [ 590137.012600000016391, 3658127.409499999135733, 0.0 ], [ 588825.703300000168383, 3657537.407600000500679, 0.0 ], [ 587633.563099999912083, 3656313.412100000306964, 0.0 ], [ 586823.751899999566376, 3656208.103399999439716, 0.0 ], [ 585514.430399999953806, 3657081.409900000318885, 0.0 ], [ 585401.189899999648333, 3657614.113800000399351, 0.0 ], [ 585397.744500000029802, 3661379.133099999278784, 0.0 ], [ 585779.563099999912083, 3664873.146600000560284, 0.0 ], [ 585522.811599999666214, 3665890.643899999558926, 0.0 ], [ 585651.86809999961406, 3666688.154999999329448, 0.0 ], [ 584876.691100000403821, 3671060.873700000345707, 0.0 ], [ 584377.246899999678135, 3671955.675599999725819, 0.0 ], [ 582888.989799999631941, 3672998.878200000151992, 0.0 ], [ 581102.981999999843538, 3673671.684800000861287, 0.0 ], [ 577778.532100000418723, 3673567.886700000613928, 0.0 ], [ 574864.957899999804795, 3673805.8903, 0.0 ], [ 574107.705900000408292, 3674079.686000000685453, 0.0 ], [ 572973.452600000426173, 3675147.19370000064373, 0.0 ], [ 572195.256199999712408, 3676334.1974, 0.0 ], [ 571168.636300000362098, 3677079.8991, 0.0 ], [ 567911.300499999895692, 3680396.519200000911951, 0.0 ], [ 565896.610000000335276, 3681787.522600000724196, 0.0 ], [ 565837.041699999943376, 3682020.726199999451637, 0.0 ], [ 566455.79619999974966, 3682221.526100000366569, 0.0 ], [ 567305.294900000095367, 3682134.923000000417233, 0.0 ], [ 570979.196700000204146, 3680762.5153, 0.0 ], [ 573910.64780000038445, 3680220.512399999424815, 0.0 ], [ 576743.281700000166893, 3683336.230699999257922, 0.0 ], [ 577290.470099999569356, 3683359.925699999555945, 0.0 ], [ 577749.03139999974519, 3682722.52250000089407, 0.0 ], [ 578359.474299999885261, 3683684.930600000545382, 0.0 ], [ 582132.425599999725819, 3682558.923599999397993, 0.0 ], [ 586820.57079999987036, 3682237.91579999960959, 0.0 ], [ 587591.387500000186265, 3682418.519400000572205, 0.0 ], [ 587911.831000000238419, 3683145.9244, 0.0 ], [ 588806.517400000244379, 3683856.922399999573827, 0.0 ], [ 590266.277400000020862, 3684119.729399999603629, 0.0 ], [ 591544.652300000190735, 3683483.22580000013113, 0.0 ], [ 592423.036000000312924, 3682644.922399999573827, 0.0 ], [ 594348.911199999973178, 3684026.5263, 0.0 ], [ 595160.050599999725819, 3684930.925799999386072, 0.0 ], [ 595698.737499999813735, 3685019.228000000119209, 0.0 ], [ 596577.558500000275671, 3684735.724099999293685, 0.0 ], [ 597248.369099999777973, 3685012.72859999909997, 0.0 ], [ 601797.696700000204146, 3687986.734099999070168, 0.0 ], [ 602799.085099999792874, 3689247.942399999126792, 0.0 ], [ 602722.645999999716878, 3689526.246999999508262, 0.0 ], [ 601544.50800000037998, 3690427.747999999672174, 0.0 ], [ 602078.701500000432134, 3692029.558599999174476, 0.0 ], [ 602729.581899999640882, 3692179.758300000801682, 0.0 ], [ 603846.090499999932945, 3692029.557800000533462, 0.0 ], [ 606362.354700000025332, 3693801.5636, 0.0 ], [ 606507.663800000213087, 3694334.757400000467896, 0.0 ], [ 606027.720700000412762, 3694549.764799999073148, 0.0 ], [ 605321.716599999926984, 3694403.2643, 0.0 ], [ 605459.027099999599159, 3694774.960200000554323, 0.0 ], [ 607641.481599999591708, 3696674.97069999948144, 0.0 ], [ 609734.48450000025332, 3697669.571599999442697, 0.0 ], [ 612812.630599999800324, 3698292.276100000366569, 0.0 ], [ 613166.88190000038594, 3698257.972699999809265, 0.0 ], [ 614268.753600000403821, 3697215.569700000807643, 0.0 ] ] ], [ [ [ 673008.79700000025332, 3719342.741100000217557, 0.0 ], [ 673732.368599999696016, 3719008.066600000485778, 0.0 ], [ 673769.956500000320375, 3718532.844799999147654, 0.0 ], [ 673478.795099999755621, 3717093.7884, 0.0 ], [ 672485.919700000435114, 3718859.0581, 0.0 ], [ 673008.79700000025332, 3719342.741100000217557, 0.0 ] ] ], [ [ [ 663890.722000000067055, 3729364.8465, 0.0 ], [ 664880.165699999779463, 3729184.60840000025928, 0.0 ], [ 664807.560399999842048, 3728053.57799999974668, 0.0 ], [ 663816.738699999637902, 3728917.694199999794364, 0.0 ], [ 663890.722000000067055, 3729364.8465, 0.0 ] ] ], [ [ [ 677366.482300000265241, 3727872.815099999308586, 0.0 ], [ 676621.008100000210106, 3727312.462099999189377, 0.0 ], [ 676089.710199999623001, 3727369.975700000301003, 0.0 ], [ 675316.634300000034273, 3726414.312599999830127, 0.0 ], [ 674958.163399999961257, 3722420.674100000411272, 0.0 ], [ 674557.351800000295043, 3722922.672399999573827, 0.0 ], [ 673715.948599999770522, 3723220.285900000482798, 0.0 ], [ 673252.250300000421703, 3724947.622600000351667, 0.0 ], [ 673562.383200000040233, 3725399.924000000581145, 0.0 ], [ 673538.220599999651313, 3726338.1491, 0.0 ], [ 674166.937300000339746, 3727345.206299999728799, 0.0 ], [ 673935.597799999639392, 3728978.084100000560284, 0.0 ], [ 669462.523699999786913, 3734028.872300000861287, 0.0 ], [ 669146.794599999673665, 3734170.412200000137091, 0.0 ], [ 668064.021900000050664, 3733946.680600000545382, 0.0 ], [ 667294.457799999974668, 3733148.866800000891089, 0.0 ], [ 666703.887799999676645, 3732990.531600000336766, 0.0 ], [ 665868.985299999825656, 3732312.68889999948442, 0.0 ], [ 665514.972900000400841, 3731479.636, 0.0 ], [ 665828.564500000327826, 3729519.189799999818206, 0.0 ], [ 665488.728900000452995, 3730084.607999999076128, 0.0 ], [ 665165.881599999964237, 3730026.870799999684095, 0.0 ], [ 664906.647199999541044, 3730464.545800000429153, 0.0 ], [ 664225.788599999621511, 3730646.316199999302626, 0.0 ], [ 663527.019500000402331, 3730421.606300000101328, 0.0 ], [ 664105.050499999895692, 3730486.222500000149012, 0.0 ], [ 664008.972199999727309, 3729982.845899999141693, 0.0 ], [ 663158.614500000141561, 3729765.447499999776483, 0.0 ], [ 662902.626699999906123, 3730536.845100000500679, 0.0 ], [ 662072.158900000154972, 3731622.5099, 0.0 ], [ 661530.392599999904633, 3731993.4386, 0.0 ], [ 661432.774799999780953, 3731608.518100000917912, 0.0 ], [ 661281.600200000219047, 3731598.768699999898672, 0.0 ], [ 661514.176599999889731, 3732030.82179999910295, 0.0 ], [ 660861.241899999789894, 3733007.4199, 0.0 ], [ 660587.659699999727309, 3734691.326500000432134, 0.0 ], [ 660004.149699999950826, 3735442.774599999189377, 0.0 ], [ 660208.643899999558926, 3736151.957399999722838, 0.0 ], [ 659934.689000000245869, 3736848.7895, 0.0 ], [ 660711.990000000223517, 3738534.721999999135733, 0.0 ], [ 661209.097799999639392, 3738620.0537, 0.0 ], [ 661112.385099999606609, 3739069.630100000649691, 0.0 ], [ 661651.08629999961704, 3739883.58500000089407, 0.0 ], [ 661866.664499999955297, 3740912.807, 0.0 ], [ 661644.50829999987036, 3744466.022099999710917, 0.0 ], [ 661796.724399999715388, 3745334.671499999240041, 0.0 ], [ 661137.43819999974221, 3747114.677500000223517, 0.0 ], [ 661220.711400000378489, 3747633.082000000402331, 0.0 ], [ 661662.018799999728799, 3747420.450400000438094, 0.0 ], [ 661919.407300000078976, 3747880.29109999909997, 0.0 ], [ 661333.570299999788404, 3748392.111700000241399, 0.0 ], [ 661419.104199999943376, 3749637.36879999935627, 0.0 ], [ 660978.677500000223517, 3749613.709100000560284, 0.0 ], [ 661273.713000000454485, 3750698.668800000101328, 0.0 ], [ 663862.269700000062585, 3751595.47719999961555, 0.0 ], [ 665753.302400000393391, 3751878.206700000911951, 0.0 ], [ 665865.303999999538064, 3752209.299200000241399, 0.0 ], [ 665679.148900000378489, 3752224.964099999517202, 0.0 ], [ 665444.968299999833107, 3752344.166300000622869, 0.0 ], [ 665225.476099999621511, 3752331.588300000876188, 0.0 ], [ 665900.105000000447035, 3752382.304700000211596, 0.0 ], [ 666370.6886, 3751932.868000000715256, 0.0 ], [ 666523.168499999679625, 3752142.068, 0.0 ], [ 666981.218799999915063, 3752124.019500000402331, 0.0 ], [ 668237.89780000038445, 3751625.804999999701977, 0.0 ], [ 668621.281299999915063, 3751804.0713, 0.0 ], [ 671362.646999999880791, 3750695.821699999272823, 0.0 ], [ 671502.052699999883771, 3750681.967199999839067, 0.0 ], [ 671487.134999999776483, 3751012.21059999987483, 0.0 ], [ 671600.607900000177324, 3751095.494300000369549, 0.0 ], [ 671675.441499999724329, 3750703.010800000280142, 0.0 ], [ 671787.336600000038743, 3751065.582599999383092, 0.0 ], [ 671911.22829999960959, 3750499.838600000366569, 0.0 ], [ 673276.953200000338256, 3749761.2379, 0.0 ], [ 674039.242700000293553, 3749922.605599999427795, 0.0 ], [ 675093.999900000169873, 3749439.403300000354648, 0.0 ], [ 676754.220499999821186, 3749298.065999999642372, 0.0 ], [ 678651.6716, 3749521.162499999627471, 0.0 ], [ 678912.948200000450015, 3749817.7138, 0.0 ], [ 678911.460199999623001, 3750658.153899999335408, 0.0 ], [ 678220.266200000420213, 3751607.859899999573827, 0.0 ], [ 678767.485999999567866, 3751780.048900000751019, 0.0 ], [ 681341.296000000089407, 3749211.706000000238419, 0.0 ], [ 683617.639499999582767, 3747784.499399999156594, 0.0 ], [ 684866.309299999848008, 3746234.906199999153614, 0.0 ], [ 686192.368300000205636, 3745177.723099999129772, 0.0 ], [ 687207.042500000447035, 3744743.690899999812245, 0.0 ], [ 688255.193599999882281, 3744767.604299999773502, 0.0 ], [ 688423.012799999676645, 3745015.527000000700355, 0.0 ], [ 690266.71129999961704, 3744146.0778, 0.0 ], [ 690269.530899999663234, 3742322.88880000077188, 0.0 ], [ 690841.768199999816716, 3740276.4167, 0.0 ], [ 690704.94579999987036, 3740482.143799999728799, 0.0 ], [ 690323.845599999651313, 3740256.63429999910295, 0.0 ], [ 690097.628800000064075, 3740562.893999999389052, 0.0 ], [ 689662.406700000166893, 3742206.996999999508262, 0.0 ], [ 689651.533099999651313, 3741284.856499999761581, 0.0 ], [ 690207.871500000357628, 3740219.385500000789762, 0.0 ], [ 690714.100700000301003, 3740323.473300000652671, 0.0 ], [ 690507.702100000344217, 3739073.648, 0.0 ], [ 689412.417500000447035, 3739049.634099999442697, 0.0 ], [ 688022.976999999955297, 3738052.643200000748038, 0.0 ], [ 687162.558899999596179, 3736696.954199999570847, 0.0 ], [ 686602.318199999630451, 3736637.042899999767542, 0.0 ], [ 686471.502199999988079, 3736501.027300000190735, 0.0 ], [ 686465.928600000217557, 3736283.14780000038445, 0.0 ], [ 686362.562400000169873, 3736188.361500000581145, 0.0 ], [ 686374.639499999582767, 3736617.933900000527501, 0.0 ], [ 684986.247899999842048, 3736023.346200000494719, 0.0 ], [ 684112.322200000286102, 3733575.151200000196695, 0.0 ], [ 683947.879200000315905, 3729817.863700000569224, 0.0 ], [ 683772.72649999987334, 3729520.849700000137091, 0.0 ], [ 683497.989199999719858, 3729261.5581, 0.0 ], [ 683350.029000000096858, 3729206.389699999243021, 0.0 ], [ 683714.990500000305474, 3729671.293999999761581, 0.0 ], [ 683368.845999999903142, 3731140.840299999341369, 0.0 ], [ 683579.811499999836087, 3732382.616699999198318, 0.0 ], [ 683310.712299999780953, 3731392.879799999296665, 0.0 ], [ 683125.043300000019372, 3729650.347300000488758, 0.0 ], [ 683277.53249999973923, 3729278.095599999651313, 0.0 ], [ 682910.818300000391901, 3728272.214400000870228, 0.0 ], [ 682266.059700000099838, 3728011.395300000905991, 0.0 ], [ 682719.181400000117719, 3728449.8597999997437, 0.0 ], [ 682445.673499999567866, 3728942.957000000402331, 0.0 ], [ 682794.823300000280142, 3729475.361999999731779, 0.0 ], [ 682408.058699999935925, 3728949.698200000450015, 0.0 ], [ 682084.93030000012368, 3729527.378100000321865, 0.0 ], [ 682532.119599999859929, 3731341.227800000458956, 0.0 ], [ 682227.441700000315905, 3732064.651200000196695, 0.0 ], [ 682194.712199999950826, 3733228.589299999177456, 0.0 ], [ 681143.535500000230968, 3732980.135900000110269, 0.0 ], [ 680647.081399999558926, 3732377.11570000089705, 0.0 ], [ 679722.302199999801815, 3729468.07799999974668, 0.0 ], [ 678772.364500000141561, 3729101.754200000315905, 0.0 ], [ 677562.197599999606609, 3727673.673900000751019, 0.0 ], [ 677366.482300000265241, 3727872.815099999308586, 0.0 ] ] ], [ [ [ 659270.702600000426173, 3734412.763000000268221, 0.0 ], [ 659436.276999999769032, 3734064.966099999845028, 0.0 ], [ 659273.329400000162423, 3733431.024700000882149, 0.0 ], [ 659446.42090000025928, 3732241.189200000837445, 0.0 ], [ 659015.862900000065565, 3732353.614099999889731, 0.0 ], [ 658464.882500000298023, 3733171.342499999329448, 0.0 ], [ 658113.079199999570847, 3733302.429500000551343, 0.0 ], [ 658298.744800000451505, 3733721.067500000819564, 0.0 ], [ 659270.702600000426173, 3734412.763000000268221, 0.0 ] ] ], [ [ [ 675126.709800000302494, 3753882.234200000762939, 0.0 ], [ 677611.682300000451505, 3752543.158099999651313, 0.0 ], [ 677998.694799999706447, 3752162.528699999675155, 0.0 ], [ 676304.337799999862909, 3752718.052200000733137, 0.0 ], [ 675485.034099999815226, 3753373.0143, 0.0 ], [ 674600.825100000016391, 3753653.537799999117851, 0.0 ], [ 675126.709800000302494, 3753882.234200000762939, 0.0 ] ] ], [ [ [ 713609.9852, 3684051.387900000438094, 0.0 ], [ 713755.735100000165403, 3683989.4408, 0.0 ], [ 713624.556400000117719, 3683894.7928, 0.0 ], [ 713609.9852, 3684051.387900000438094, 0.0 ] ] ], [ [ [ 697580.904199999757111, 3684476.989, 0.0 ], [ 697328.02309999987483, 3684552.7083, 0.0 ], [ 697347.276899999938905, 3684613.223500000312924, 0.0 ], [ 697580.904199999757111, 3684476.989, 0.0 ] ] ], [ [ [ 696952.991399999707937, 3685169.299599999561906, 0.0 ], [ 697008.543100000359118, 3685137.2566, 0.0 ], [ 696947.864000000059605, 3685122.795299999415874, 0.0 ], [ 696952.991399999707937, 3685169.299599999561906, 0.0 ] ] ], [ [ [ 696327.009300000034273, 3697972.548499999567866, 0.0 ], [ 698801.930900000035763, 3695800.383600000292063, 0.0 ], [ 698045.282399999909103, 3694807.996099999174476, 0.0 ], [ 697506.014200000092387, 3695924.309599999338388, 0.0 ], [ 696690.550099999643862, 3696817.95130000077188, 0.0 ], [ 696327.009300000034273, 3697972.548499999567866, 0.0 ] ] ], [ [ [ 694929.217299999669194, 3702955.317399999126792, 0.0 ], [ 694936.770600000396371, 3703050.380699999630451, 0.0 ], [ 694962.94469999987632, 3703045.405300000682473, 0.0 ], [ 694929.217299999669194, 3702955.317399999126792, 0.0 ] ] ], [ [ [ 696277.512799999676645, 3705072.302200000733137, 0.0 ], [ 696551.404400000348687, 3704160.71680000051856, 0.0 ], [ 696512.900600000284612, 3704127.775900000706315, 0.0 ], [ 696324.364000000059605, 3704313.261800000444055, 0.0 ], [ 696277.512799999676645, 3705072.302200000733137, 0.0 ] ] ], [ [ [ 684549.418899999931455, 3723811.575500000268221, 0.0 ], [ 684131.432699999772012, 3723392.2006, 0.0 ], [ 684181.020800000056624, 3723622.497099999338388, 0.0 ], [ 683707.164200000464916, 3723829.74860000051558, 0.0 ], [ 684120.54700000025332, 3724197.778100000694394, 0.0 ], [ 684549.418899999931455, 3723811.575500000268221, 0.0 ] ] ], [ [ [ 683990.505400000140071, 3725444.644899999722838, 0.0 ], [ 684035.129700000397861, 3724906.897299999371171, 0.0 ], [ 683745.926199999637902, 3724616.051400000229478, 0.0 ], [ 683695.5777000002563, 3725233.76659999974072, 0.0 ], [ 683990.505400000140071, 3725444.644899999722838, 0.0 ] ] ] ] } },
{ "type": "Feature", "properties": { "gouvernorat": "Monastir" }, "geometry": { "type": "MultiPolygon", "coordinates": [ [ [ [ 657403.910099999979138, 3927471.371799999848008, 0.0 ], [ 655947.595700000412762, 3927690.369400000199676, 0.0 ], [ 655724.469899999909103, 3927099.666600000113249, 0.0 ], [ 652892.765800000168383, 3927162.676000000908971, 0.0 ], [ 652329.382299999706447, 3927595.070699999108911, 0.0 ], [ 651651.512199999764562, 3927101.6689, 0.0 ], [ 648930.501299999654293, 3927756.080900000408292, 0.0 ], [ 646403.853699999861419, 3927406.081800000742078, 0.0 ], [ 645609.980899999849498, 3927613.881100000813603, 0.0 ], [ 645643.690600000321865, 3928361.263000000268221, 0.0 ], [ 644396.912200000137091, 3928358.884199999272823, 0.0 ], [ 643222.970099999569356, 3928930.391699999570847, 0.0 ], [ 642042.834800000302494, 3928362.08500000089407, 0.0 ], [ 641399.828700000420213, 3928506.886700000613928, 0.0 ], [ 641227.893400000408292, 3927989.879300000146031, 0.0 ], [ 640611.323200000450015, 3927580.380799999460578, 0.0 ], [ 640659.454199999570847, 3927026.3805, 0.0 ], [ 641343.144899999722838, 3926045.374500000849366, 0.0 ], [ 640078.885700000450015, 3926645.876299999654293, 0.0 ], [ 640361.818199999630451, 3925901.873500000685453, 0.0 ], [ 639855.141499999910593, 3926209.672900000587106, 0.0 ], [ 640175.386800000444055, 3925613.370799999684095, 0.0 ], [ 639564.638299999758601, 3925408.371899999678135, 0.0 ], [ 638896.136800000444055, 3926814.673499999567866, 0.0 ], [ 637150.803700000047684, 3926534.380100000649691, 0.0 ], [ 636759.61849999986589, 3926259.074899999424815, 0.0 ], [ 636296.991499999538064, 3926673.383099999278784, 0.0 ], [ 635869.557500000111759, 3926484.380699999630451, 0.0 ], [ 635911.620099999941885, 3927101.378499999642372, 0.0 ], [ 636276.682300000451505, 3927484.38230000063777, 0.0 ], [ 635989.370799999684095, 3927409.687300000339746, 0.0 ], [ 635540.67920000012964, 3927751.689799999818206, 0.0 ], [ 635690.424700000323355, 3928164.887800000607967, 0.0 ], [ 635328.232400000095367, 3928120.886700000613928, 0.0 ], [ 635664.120900000445545, 3929078.396800000220537, 0.0 ], [ 635339.613099999725819, 3930688.398, 0.0 ], [ 636426.619599999859929, 3931495.707299999892712, 0.0 ], [ 639745.887500000186265, 3933072.712999999523163, 0.0 ], [ 640358.648400000296533, 3934196.120100000873208, 0.0 ], [ 639402.390399999916553, 3936138.425699999555945, 0.0 ], [ 640410.270499999634922, 3939014.945299999788404, 0.0 ], [ 640846.651600000448525, 3939609.147299999371171, 0.0 ], [ 642067.909300000406802, 3940134.152599999681115, 0.0 ], [ 645581.548600000329316, 3940411.145500000566244, 0.0 ], [ 646241.549800000153482, 3940726.152799999341369, 0.0 ], [ 645533.361499999649823, 3943343.964600000530481, 0.0 ], [ 646595.432099999859929, 3943566.459899999201298, 0.0 ], [ 646476.996700000017881, 3943998.764399999752641, 0.0 ], [ 647590.308100000023842, 3945437.97859999909997, 0.0 ], [ 647971.8125, 3945604.975199999287724, 0.0 ], [ 647856.63399999961257, 3945811.97440000064671, 0.0 ], [ 648605.699300000444055, 3946384.780300000682473, 0.0 ], [ 648523.067599999718368, 3947198.979100000113249, 0.0 ], [ 647727.257500000298023, 3948206.190099999308586, 0.0 ], [ 647179.005699999630451, 3949714.001800000667572, 0.0 ], [ 648536.567999999970198, 3950220.000700000673532, 0.0 ], [ 647959.315299999900162, 3951374.002599999308586, 0.0 ], [ 648480.818500000052154, 3951733.011099999770522, 0.0 ], [ 648098.37459999974817, 3952323.214500000700355, 0.0 ], [ 648755.81969999987632, 3953079.214299999177456, 0.0 ], [ 648334.818099999800324, 3953866.018699999898672, 0.0 ], [ 648123.567999999970198, 3956144.227700000628829, 0.0 ], [ 649648.645299999974668, 3956145.836500000208616, 0.0 ], [ 650678.46750000026077, 3958022.244100000709295, 0.0 ], [ 650416.339599999599159, 3959265.847999999299645, 0.0 ], [ 651620.404699999839067, 3959728.845599999651313, 0.0 ], [ 652400.926599999889731, 3961102.536299999803305, 0.0 ], [ 656026.956500000320375, 3959063.138900000602007, 0.0 ], [ 657444.540199999697506, 3958830.446599999442697, 0.0 ], [ 658965.715900000184774, 3959152.527499999850988, 0.0 ], [ 660463.492600000463426, 3959936.706599999219179, 0.0 ], [ 660919.8277000002563, 3960564.118200000375509, 0.0 ], [ 662141.287999999709427, 3960408.209799999371171, 0.0 ], [ 663210.666799999773502, 3961133.5559, 0.0 ], [ 664172.404000000096858, 3960729.473300000652671, 0.0 ], [ 665428.67879999987781, 3960619.561699999496341, 0.0 ], [ 665734.387400000356138, 3961525.951400000602007, 0.0 ], [ 665695.707999999634922, 3960818.435100000351667, 0.0 ], [ 666023.764499999582767, 3960456.510099999606609, 0.0 ], [ 665700.511699999682605, 3960732.66579999960959, 0.0 ], [ 665483.504700000397861, 3960621.905500000342727, 0.0 ], [ 665787.872000000439584, 3960532.422499999403954, 0.0 ], [ 665708.551500000059605, 3960344.11879999935627, 0.0 ], [ 665876.577200000174344, 3960457.351199999451637, 0.0 ], [ 665825.903699999675155, 3960043.705, 0.0 ], [ 666365.134700000286102, 3959804.201999999582767, 0.0 ], [ 666607.878999999724329, 3959369.324500000104308, 0.0 ], [ 666284.126299999654293, 3958556.037399999797344, 0.0 ], [ 666359.915400000289083, 3958395.880699999630451, 0.0 ], [ 666302.892799999564886, 3958097.38150000013411, 0.0 ], [ 666259.339300000108778, 3958019.83420000039041, 0.0 ], [ 666232.459099999628961, 3958361.388699999079108, 0.0 ], [ 665896.30559999961406, 3958083.970799999311566, 0.0 ], [ 666214.721199999563396, 3958129.755100000649691, 0.0 ], [ 665985.130300000309944, 3957901.3761, 0.0 ], [ 665453.269799999892712, 3957735.38880000077188, 0.0 ], [ 665565.650200000032783, 3956456.844399999827147, 0.0 ], [ 665035.412200000137091, 3956830.971000000834465, 0.0 ], [ 664778.352900000289083, 3956170.4353, 0.0 ], [ 664565.94510000012815, 3955133.9737, 0.0 ], [ 664977.585799999535084, 3954155.001900000497699, 0.0 ], [ 664568.471099999733269, 3954074.103199999779463, 0.0 ], [ 665027.868999999947846, 3953630.130899999290705, 0.0 ], [ 664272.831899999640882, 3954005.572000000625849, 0.0 ], [ 664716.549700000323355, 3953131.407299999147654, 0.0 ], [ 664856.168700000271201, 3953303.064500000327826, 0.0 ], [ 665052.099399999715388, 3952341.8991, 0.0 ], [ 665746.423799999989569, 3951529.236700000241399, 0.0 ], [ 666809.950699999928474, 3950875.121300000697374, 0.0 ], [ 666953.184899999760091, 3950889.040400000289083, 0.0 ], [ 666969.4386, 3950973.912399999797344, 0.0 ], [ 667033.977699999697506, 3950996.7204, 0.0 ], [ 666996.41399999987334, 3950817.504499999806285, 0.0 ], [ 668009.923899999819696, 3950088.226099999621511, 0.0 ], [ 669468.986600000411272, 3949985.1699, 0.0 ], [ 669697.901499999687076, 3949509.811000000685453, 0.0 ], [ 670434.987300000153482, 3949374.181600000709295, 0.0 ], [ 670759.112999999895692, 3949017.4342, 0.0 ], [ 671399.56969999987632, 3949253.409900000318885, 0.0 ], [ 671129.974999999627471, 3949005.238199999555945, 0.0 ], [ 671239.122200000099838, 3948883.604699999094009, 0.0 ], [ 671374.156999999657273, 3949116.8739, 0.0 ], [ 671900.461099999956787, 3948669.436799999326468, 0.0 ], [ 673183.468100000172853, 3948475.9715, 0.0 ], [ 676158.37569999974221, 3947441.5252, 0.0 ], [ 676587.694099999964237, 3947392.309399999678135, 0.0 ], [ 677057.688400000333786, 3947713.156700000166893, 0.0 ], [ 677192.087700000032783, 3947719.881799999624491, 0.0 ], [ 676937.807300000451505, 3947598.485300000756979, 0.0 ], [ 677091.658300000242889, 3947514.08559999987483, 0.0 ], [ 676895.38289999961853, 3947321.85080000013113, 0.0 ], [ 677125.730299999937415, 3947398.0186, 0.0 ], [ 677142.184399999678135, 3947650.434499999508262, 0.0 ], [ 677467.338299999944866, 3947083.897900000214577, 0.0 ], [ 679285.968799999915063, 3946914.885900000110269, 0.0 ], [ 679653.151300000026822, 3946673.8279, 0.0 ], [ 679767.700600000098348, 3946059.365800000727177, 0.0 ], [ 680280.831600000150502, 3945813.729599999263883, 0.0 ], [ 680401.142099999822676, 3945931.742799999192357, 0.0 ], [ 680446.954300000332296, 3945936.903100000694394, 0.0 ], [ 680403.1568, 3945768.622500000521541, 0.0 ], [ 681424.453499999828637, 3945021.2653, 0.0 ], [ 683294.8591, 3944943.32120000012219, 0.0 ], [ 685232.917299999855459, 3944080.532800000160933, 0.0 ], [ 684333.340800000354648, 3945404.624500000849366, 0.0 ], [ 683411.036600000225008, 3945764.74239999987185, 0.0 ], [ 682813.421799999661744, 3945728.229699999094009, 0.0 ], [ 683422.586900000460446, 3945849.237299999222159, 0.0 ], [ 684223.462100000120699, 3945550.1108, 0.0 ], [ 684884.353799999691546, 3945061.989, 0.0 ], [ 685591.715300000272691, 3943734.2043999992311, 0.0 ], [ 685586.665000000037253, 3943510.945800000801682, 0.0 ], [ 685457.300999999977648, 3943744.994999999180436, 0.0 ], [ 685167.92119999974966, 3941608.275900000706315, 0.0 ], [ 684147.569199999794364, 3938831.820299999788404, 0.0 ], [ 684026.042200000025332, 3935803.697699999436736, 0.0 ], [ 682987.626199999824166, 3934964.38880000077188, 0.0 ], [ 681056.975499999709427, 3935567.730799999088049, 0.0 ], [ 680326.613300000317395, 3936913.104699999094009, 0.0 ], [ 680320.174200000241399, 3938016.106300000101328, 0.0 ], [ 679366.860299999825656, 3940028.7182, 0.0 ], [ 679241.168999999761581, 3941075.43099999986589, 0.0 ], [ 679681.359299999661744, 3941183.929099999368191, 0.0 ], [ 679789.867300000041723, 3941494.127699999138713, 0.0 ], [ 679592.675499999895692, 3942037.930099999532104, 0.0 ], [ 678245.858199999667704, 3942514.736600000411272, 0.0 ], [ 677978.47690000012517, 3942268.735500000417233, 0.0 ], [ 676976.791199999861419, 3942555.739399999380112, 0.0 ], [ 676885.0307, 3942224.435200000181794, 0.0 ], [ 676515.845800000242889, 3942392.442099999636412, 0.0 ], [ 676318.184000000357628, 3942829.615599999204278, 0.0 ], [ 676003.900100000202656, 3942784.144999999552965, 0.0 ], [ 675180.457700000144541, 3943275.948100000619888, 0.0 ], [ 675180.96059999987483, 3943069.739, 0.0 ], [ 674852.77419999986887, 3943048.443399999290705, 0.0 ], [ 674209.644600000232458, 3943255.942800000309944, 0.0 ], [ 673753.143400000408292, 3942528.137299999594688, 0.0 ], [ 673989.330199999734759, 3942332.7358, 0.0 ], [ 673947.012000000104308, 3941994.932800000533462, 0.0 ], [ 674310.086799999698997, 3942021.93720000050962, 0.0 ], [ 674330.453900000080466, 3941660.738700000569224, 0.0 ], [ 673891.640399999916553, 3941289.732599999755621, 0.0 ], [ 673835.394799999892712, 3940737.432, 0.0 ], [ 672516.077100000344217, 3940650.130300000309944, 0.0 ], [ 673027.198499999940395, 3940436.732100000604987, 0.0 ], [ 672748.693400000222027, 3940172.12470000050962, 0.0 ], [ 672977.632000000216067, 3939840.730200000107288, 0.0 ], [ 672945.38219999987632, 3939643.7292, 0.0 ], [ 672493.136400000192225, 3939619.9244, 0.0 ], [ 672300.693599999882281, 3939245.118699999526143, 0.0 ], [ 672686.263199999928474, 3939455.926599999889731, 0.0 ], [ 673167.633399999700487, 3939257.925499999895692, 0.0 ], [ 672932.00690000038594, 3938912.124199999496341, 0.0 ], [ 673299.575400000438094, 3938617.122400000691414, 0.0 ], [ 673768.1398, 3938634.918500000610948, 0.0 ], [ 673838.765399999916553, 3938185.717499999329448, 0.0 ], [ 674360.078900000080466, 3938401.914300000295043, 0.0 ], [ 675149.333800000138581, 3937844.414200000464916, 0.0 ], [ 674907.514299999922514, 3937069.907700000330806, 0.0 ], [ 674347.197599999606609, 3936720.707399999722838, 0.0 ], [ 676352.587799999862909, 3934311.393200000748038, 0.0 ], [ 676113.349499999545515, 3933958.453299999237061, 0.0 ], [ 675517.279000000096858, 3933836.387900000438094, 0.0 ], [ 674705.643400000408292, 3932462.080800000578165, 0.0 ], [ 673604.32149999961257, 3931213.678899999707937, 0.0 ], [ 674331.138199999928474, 3930251.869100000709295, 0.0 ], [ 674210.195700000040233, 3930139.671399999409914, 0.0 ], [ 672722.125500000081956, 3929451.068900000303984, 0.0 ], [ 672590.99959999974817, 3929723.874900000169873, 0.0 ], [ 671989.750599999912083, 3929565.066800000146031, 0.0 ], [ 672005.92949999962002, 3930348.671599999070168, 0.0 ], [ 670049.978900000452995, 3928791.671499999240041, 0.0 ], [ 670058.373300000093877, 3929360.218599999323487, 0.0 ], [ 669574.916899999603629, 3928987.872999999672174, 0.0 ], [ 669177.167200000025332, 3927420.663799999281764, 0.0 ], [ 668531.217199999839067, 3927393.749500000849366, 0.0 ], [ 668622.160899999551475, 3927098.857999999076128, 0.0 ], [ 667174.784300000406802, 3926381.661100000143051, 0.0 ], [ 666458.776100000366569, 3924547.845000000670552, 0.0 ], [ 666863.459099999628961, 3923942.644600000232458, 0.0 ], [ 667448.842899999581277, 3923874.347799999639392, 0.0 ], [ 666888.220599999651313, 3922655.339700000360608, 0.0 ], [ 667079.458399999886751, 3921519.834699999541044, 0.0 ], [ 665374.769700000062585, 3921946.331299999728799, 0.0 ], [ 662752.00800000037998, 3921686.634600000455976, 0.0 ], [ 660400.998300000093877, 3921946.334699999541044, 0.0 ], [ 660543.058899999596179, 3922503.044299999251962, 0.0 ], [ 659267.107200000435114, 3923350.647199999541044, 0.0 ], [ 659148.359199999831617, 3924912.657800000160933, 0.0 ], [ 658128.293499999679625, 3925190.653400000184774, 0.0 ], [ 656948.406600000336766, 3926234.367200000211596, 0.0 ], [ 657338.792200000025332, 3927039.367499999701977, 0.0 ], [ 657403.910099999979138, 3927471.371799999848008, 0.0 ] ] ], [ [ [ 665486.335099999792874, 3954190.195900000631809, 0.0 ], [ 665161.797899999655783, 3953866.121899999678135, 0.0 ], [ 665483.3591, 3954445.040400000289083, 0.0 ], [ 665486.335099999792874, 3954190.195900000631809, 0.0 ] ] ], [ [ [ 665263.19550000037998, 3956479.66440000012517, 0.0 ], [ 665826.709999999962747, 3954309.2983, 0.0 ], [ 665718.400200000032783, 3953955.048100000247359, 0.0 ], [ 665600.881599999964237, 3954755.096899999305606, 0.0 ], [ 665152.379200000315905, 3955281.050499999895692, 0.0 ], [ 665263.19550000037998, 3956479.66440000012517, 0.0 ] ] ], [ [ [ 681539.05530000012368, 3960035.985600000247359, 0.0 ], [ 681949.712299999780953, 3959351.595599999651313, 0.0 ], [ 681771.325500000268221, 3959059.203099999576807, 0.0 ], [ 680902.229199999943376, 3958623.428400000557303, 0.0 ], [ 681632.168700000271201, 3959197.178999999538064, 0.0 ], [ 680863.4841, 3959581.751000000163913, 0.0 ], [ 680939.948699999600649, 3959931.213300000876188, 0.0 ], [ 681539.05530000012368, 3960035.985600000247359, 0.0 ] ] ], [ [ [ 683147.891699999570847, 3963516.164200000464916, 0.0 ], [ 684276.256000000052154, 3963789.986500000581145, 0.0 ], [ 684783.851800000295043, 3962967.154500000178814, 0.0 ], [ 683787.297500000335276, 3962134.416500000283122, 0.0 ], [ 682646.327600000426173, 3962012.6009, 0.0 ], [ 682448.667299999855459, 3962290.6042, 0.0 ], [ 683147.891699999570847, 3963516.164200000464916, 0.0 ] ] ] ] } },
{ "type": "Feature", "properties": { "gouvernorat": "Nabeul" }, "geometry": { "type": "MultiPolygon", "coordinates": [ [ [ [ 656869.228900000452995, 4034067.862800000235438, 0.0 ], [ 655094.858300000429153, 4033602.032199999317527, 0.0 ], [ 654500.252199999988079, 4033677.983799999579787, 0.0 ], [ 651795.607499999925494, 4032533.00929999910295, 0.0 ], [ 649973.469200000166893, 4031426.408399999141693, 0.0 ], [ 648510.538099999539554, 4029803.3322, 0.0 ], [ 647836.770999999716878, 4029446.751199999824166, 0.0 ], [ 647461.916899999603629, 4029568.98960000090301, 0.0 ], [ 646792.032599999569356, 4029105.328400000929832, 0.0 ], [ 646090.066999999806285, 4029056.448200000450015, 0.0 ], [ 644929.053700000047684, 4028199.9693, 0.0 ], [ 644611.259200000204146, 4028213.6809, 0.0 ], [ 644342.959599999710917, 4028872.615000000223517, 0.0 ], [ 643323.334599999710917, 4029420.409399999305606, 0.0 ], [ 642494.385400000028312, 4029298.494699999690056, 0.0 ], [ 640875.807799999602139, 4028544.337600000202656, 0.0 ], [ 639181.083499999716878, 4026824.99860000051558, 0.0 ], [ 638871.967299999669194, 4026335.3158, 0.0 ], [ 638962.161700000055134, 4026100.901399999856949, 0.0 ], [ 638741.155399999581277, 4025543.572300000116229, 0.0 ], [ 638922.212000000290573, 4026090.680299999192357, 0.0 ], [ 638545.785299999639392, 4026395.147199999541044, 0.0 ], [ 638385.491499999538064, 4026322.0307, 0.0 ], [ 638386.717199999839067, 4026146.329700000584126, 0.0 ], [ 638651.421000000089407, 4026256.519300000742078, 0.0 ], [ 638437.761800000444055, 4025939.121099999174476, 0.0 ], [ 638707.386199999600649, 4025768.791500000283122, 0.0 ], [ 638203.569799999706447, 4025505.804700000211596, 0.0 ], [ 637062.367899999953806, 4023433.270999999716878, 0.0 ], [ 636526.422500000335276, 4023734.418299999088049, 0.0 ], [ 637264.298600000329316, 4025155.926999999210238, 0.0 ], [ 634978.670699999667704, 4027518.440999999642372, 0.0 ], [ 632165.269000000320375, 4023190.418400000780821, 0.0 ], [ 630317.142900000326335, 4024770.926799999549985, 0.0 ], [ 627150.564399999566376, 4025941.637000000104308, 0.0 ], [ 625275.613400000147521, 4025850.436000000685453, 0.0 ], [ 624287.046699999831617, 4026510.645999999716878, 0.0 ], [ 623502.854000000283122, 4025901.636800000444055, 0.0 ], [ 622028.901300000026822, 4027028.644600000232458, 0.0 ], [ 622346.2034, 4027569.177799999713898, 0.0 ], [ 621371.95990000013262, 4028197.95380000025034, 0.0 ], [ 620976.587100000120699, 4030628.6733, 0.0 ], [ 621349.34389999974519, 4033124.279699999839067, 0.0 ], [ 620792.342600000090897, 4034008.48509999923408, 0.0 ], [ 620336.337199999950826, 4035530.294399999082088, 0.0 ], [ 621094.151800000108778, 4036698.503100000321865, 0.0 ], [ 620786.588899999856949, 4038012.013599999248981, 0.0 ], [ 620038.588000000454485, 4038963.3158, 0.0 ], [ 620318.462700000032783, 4040881.526499999687076, 0.0 ], [ 621033.464300000108778, 4041254.732300000265241, 0.0 ], [ 620708.156200000084937, 4042455.5351, 0.0 ], [ 620810.842699999921024, 4043293.0395, 0.0 ], [ 623127.790699999779463, 4044555.348899999633431, 0.0 ], [ 623097.355800000019372, 4046040.055400000885129, 0.0 ], [ 623336.553000000305474, 4046789.567099999636412, 0.0 ], [ 622428.606499999761581, 4047497.067600000649691, 0.0 ], [ 621745.970800000242889, 4048531.773499999195337, 0.0 ], [ 619933.341799999587238, 4047835.371999999508262, 0.0 ], [ 619524.337199999950826, 4047833.072699999436736, 0.0 ], [ 619325.842299999669194, 4048089.572100000455976, 0.0 ], [ 619941.596499999985099, 4048832.574999999254942, 0.0 ], [ 620155.907599999569356, 4049548.5833, 0.0 ], [ 622476.0472999997437, 4051980.791500000283122, 0.0 ], [ 622792.418300000019372, 4053611.099099999293685, 0.0 ], [ 622296.552000000141561, 4054537.606200000271201, 0.0 ], [ 622666.10840000025928, 4054930.408399999141693, 0.0 ], [ 623115.138399999588728, 4054867.390599999576807, 0.0 ], [ 622847.732499999925494, 4055296.8158, 0.0 ], [ 622124.106100000441074, 4055593.11769999936223, 0.0 ], [ 622670.611499999649823, 4056726.123500000685453, 0.0 ], [ 624288.876299999654293, 4056767.824400000274181, 0.0 ], [ 624184.739199999719858, 4057485.622600000351667, 0.0 ], [ 624690.996299999766052, 4058443.4331, 0.0 ], [ 624633.498999999836087, 4060882.641000000759959, 0.0 ], [ 626571.871500000357628, 4063919.898299999535084, 0.0 ], [ 628623.636699999682605, 4064466.568, 0.0 ], [ 628898.925800000317395, 4064896.191800000146031, 0.0 ], [ 630431.303700000047684, 4065154.85950000025332, 0.0 ], [ 631128.468999999575317, 4065609.125800000503659, 0.0 ], [ 631586.790400000289083, 4066263.366100000217557, 0.0 ], [ 632481.689600000157952, 4065537.335999999195337, 0.0 ], [ 632508.828099999576807, 4065281.609400000423193, 0.0 ], [ 632158.363199999555945, 4065382.787699999287724, 0.0 ], [ 632495.617200000211596, 4065119.035700000822544, 0.0 ], [ 632687.934299999848008, 4065829.652599999681115, 0.0 ], [ 631777.947599999606609, 4066255.988199999555945, 0.0 ], [ 632058.184999999590218, 4066514.642799999564886, 0.0 ], [ 634991.590699999593198, 4067507.683299999684095, 0.0 ], [ 637173.696800000034273, 4068662.837600000202656, 0.0 ], [ 637420.025299999862909, 4069625.137399999424815, 0.0 ], [ 638054.052199999801815, 4069790.351800000295043, 0.0 ], [ 638357.003299999982119, 4070223.966199999675155, 0.0 ], [ 638660.245199999772012, 4072637.279799999669194, 0.0 ], [ 639306.0932, 4073103.280500000342727, 0.0 ], [ 639820.144700000062585, 4075700.424200000241399, 0.0 ], [ 639573.918499999679625, 4076143.357100000604987, 0.0 ], [ 639804.739299999549985, 4076209.308199999853969, 0.0 ], [ 640000.290300000458956, 4076848.4178, 0.0 ], [ 639885.387699999846518, 4077595.75650000013411, 0.0 ], [ 640107.916000000201166, 4077896.828199999406934, 0.0 ], [ 639899.607200000435114, 4078205.538799999281764, 0.0 ], [ 640307.19539999961853, 4078370.352, 0.0 ], [ 640331.406700000166893, 4078718.02419999986887, 0.0 ], [ 640384.517599999904633, 4078475.496899999678135, 0.0 ], [ 640819.061300000175834, 4078705.028699999675155, 0.0 ], [ 641331.470300000160933, 4080475.469399999827147, 0.0 ], [ 642471.027900000102818, 4080720.443, 0.0 ], [ 643676.569299999624491, 4081670.207599999383092, 0.0 ], [ 643368.35219999961555, 4082533.1097999997437, 0.0 ], [ 644222.954900000244379, 4082385.955800000578165, 0.0 ], [ 644700.17200000025332, 4081890.871799999848008, 0.0 ], [ 645921.917700000107288, 4082121.590600000694394, 0.0 ], [ 646771.097599999979138, 4082573.903300000354648, 0.0 ], [ 647118.0466, 4082403.581499999389052, 0.0 ], [ 647717.992300000041723, 4082860.009099999442697, 0.0 ], [ 648461.138399999588728, 4082486.8268, 0.0 ], [ 648688.146800000220537, 4082597.277499999850988, 0.0 ], [ 649087.896599999628961, 4082204.372999999672174, 0.0 ], [ 650795.923999999649823, 4082250.541999999433756, 0.0 ], [ 652645.628800000064075, 4082915.814500000327826, 0.0 ], [ 654911.653099999763072, 4084200.120500000193715, 0.0 ], [ 657103.336099999956787, 4085784.1381, 0.0 ], [ 659960.113499999977648, 4088846.153599999845028, 0.0 ], [ 661934.119500000029802, 4089934.915400000289083, 0.0 ], [ 662100.313099999912083, 4090361.025900000706315, 0.0 ], [ 662555.974999999627471, 4090481.840399999171495, 0.0 ], [ 662772.150299999862909, 4090832.375199999660254, 0.0 ], [ 663276.413800000213087, 4090936.134800000116229, 0.0 ], [ 663824.983500000089407, 4091689.373400000855327, 0.0 ], [ 664775.337100000120699, 4092156.35869999974966, 0.0 ], [ 665949.406499999575317, 4093330.745200000703335, 0.0 ], [ 666757.858799999579787, 4093539.958799999207258, 0.0 ], [ 666724.0455, 4094029.807099999859929, 0.0 ], [ 667280.758399999700487, 4094189.680099999532104, 0.0 ], [ 667495.865799999795854, 4094875.901900000870228, 0.0 ], [ 667817.583499999716878, 4095038.534700000658631, 0.0 ], [ 667720.013700000010431, 4095192.898, 0.0 ], [ 668218.971800000406802, 4095207.643799999728799, 0.0 ], [ 668100.344100000336766, 4095402.566700000315905, 0.0 ], [ 668383.153500000014901, 4095455.697000000625849, 0.0 ], [ 668302.605399999767542, 4095587.735600000247359, 0.0 ], [ 668488.026700000278652, 4095471.022399999201298, 0.0 ], [ 668257.217699999921024, 4095623.157800000160933, 0.0 ], [ 668479.885800000280142, 4095818.685699999332428, 0.0 ], [ 668353.006699999794364, 4096135.087099999189377, 0.0 ], [ 669018.359199999831617, 4096843.1776, 0.0 ], [ 668904.659300000406802, 4097296.8278, 0.0 ], [ 669867.387600000016391, 4096775.200200000777841, 0.0 ], [ 670083.498399999924004, 4096926.675799999386072, 0.0 ], [ 669940.77240000013262, 4097177.176200000569224, 0.0 ], [ 670199.139700000174344, 4097404.222500000149012, 0.0 ], [ 670300.878700000233948, 4098182.240499999374151, 0.0 ], [ 669978.026300000026822, 4098473.400499999523163, 0.0 ], [ 669801.169999999925494, 4098209.488500000908971, 0.0 ], [ 669599.119900000281632, 4098250.462899999693036, 0.0 ], [ 669834.305900000035763, 4098454.193600000813603, 0.0 ], [ 669520.744599999859929, 4098373.7116, 0.0 ], [ 669506.229299999773502, 4098605.07179999910295, 0.0 ], [ 669887.64879999961704, 4098512.786599999293685, 0.0 ], [ 669960.879399999976158, 4098727.470100000500679, 0.0 ], [ 669366.479399999603629, 4099234.199200000613928, 0.0 ], [ 669811.317800000309944, 4099762.046499999240041, 0.0 ], [ 669276.451200000010431, 4100260.790100000798702, 0.0 ], [ 669659.698599999770522, 4100268.212999999523163, 0.0 ], [ 669810.841099999845028, 4100563.330199999734759, 0.0 ], [ 669274.408499999903142, 4100977.196100000292063, 0.0 ], [ 669702.51630000025034, 4101119.194299999624491, 0.0 ], [ 669484.451899999752641, 4101344.770999999716878, 0.0 ], [ 669582.733500000089407, 4101594.148199999704957, 0.0 ], [ 670132.733900000341237, 4101249.529899999499321, 0.0 ], [ 670700.652099999599159, 4101474.920800000429153, 0.0 ], [ 671048.787999999709427, 4101274.427300000563264, 0.0 ], [ 671224.208599999547005, 4101626.817900000140071, 0.0 ], [ 672042.72759999986738, 4101977.847699999809265, 0.0 ], [ 672312.724600000306964, 4101704.212600000202656, 0.0 ], [ 673026.827899999916553, 4102069.055700000375509, 0.0 ], [ 674333.366799999959767, 4102025.001800000667572, 0.0 ], [ 674406.489799999631941, 4102296.496600000187755, 0.0 ], [ 674836.785299999639392, 4101788.308299999684095, 0.0 ], [ 675081.422899999655783, 4101951.477700000628829, 0.0 ], [ 675527.059000000357628, 4101756.716399999335408, 0.0 ], [ 676548.038399999961257, 4102671.794700000435114, 0.0 ], [ 677160.188699999824166, 4102661.678099999204278, 0.0 ], [ 677231.756799999624491, 4102959.918500000610948, 0.0 ], [ 677868.692800000309944, 4103076.235999999567866, 0.0 ], [ 677946.933500000275671, 4103277.595300000160933, 0.0 ], [ 678175.239299999549985, 4103168.529899999499321, 0.0 ], [ 678183.57880000025034, 4103375.9847, 0.0 ], [ 679219.105399999767542, 4103705.884800000116229, 0.0 ], [ 679819.409199999645352, 4104395.601199999451637, 0.0 ], [ 680948.46750000026077, 4104904.499199999496341, 0.0 ], [ 681192.90749999973923, 4105148.798100000247359, 0.0 ], [ 680852.368999999947846, 4106167.415500000119209, 0.0 ], [ 681970.191399999894202, 4105460.03969999961555, 0.0 ], [ 681865.185999999754131, 4104912.130799999460578, 0.0 ], [ 682714.412800000049174, 4104725.174900000914931, 0.0 ], [ 683106.974600000306964, 4104082.335699999704957, 0.0 ], [ 683104.998399999924004, 4103434.692299999296665, 0.0 ], [ 684448.386699999682605, 4102146.3651, 0.0 ], [ 684335.57120000012219, 4101800.985500000417233, 0.0 ], [ 684567.562699999660254, 4101696.30629999935627, 0.0 ], [ 684212.826299999840558, 4101544.444900000467896, 0.0 ], [ 684508.893299999646842, 4101301.097300000488758, 0.0 ], [ 684267.900200000032783, 4101379.943499999120831, 0.0 ], [ 683669.957700000144541, 4100907.534499999135733, 0.0 ], [ 683761.542299999855459, 4101105.647600000724196, 0.0 ], [ 683584.998599999584258, 4101153.901599999517202, 0.0 ], [ 683070.240500000305474, 4100051.886600000783801, 0.0 ], [ 683109.154299999587238, 4097676.308499999344349, 0.0 ], [ 683930.878899999894202, 4095774.0, 0.0 ], [ 686762.760700000450015, 4091752.3575, 0.0 ], [ 687766.462100000120699, 4085528.230599999427795, 0.0 ], [ 688677.090300000272691, 4084162.022900000214577, 0.0 ], [ 690378.426799999549985, 4082677.700899999588728, 0.0 ], [ 689795.66399999987334, 4080474.619599999859929, 0.0 ], [ 689104.252999999560416, 4078725.255300000309944, 0.0 ], [ 688489.071700000204146, 4077868.9572, 0.0 ], [ 687885.45990000013262, 4077893.245400000363588, 0.0 ], [ 688516.655100000090897, 4077970.010600000619888, 0.0 ], [ 688158.271999999880791, 4078240.768200000748038, 0.0 ], [ 688072.5466, 4078054.7423, 0.0 ], [ 687931.167600000277162, 4078418.294600000604987, 0.0 ], [ 686996.36600000038743, 4078284.559800000861287, 0.0 ], [ 683229.2972999997437, 4075639.82630000077188, 0.0 ], [ 681224.025999999605119, 4073643.926999999210238, 0.0 ], [ 675983.470700000412762, 4065707.1402000002563, 0.0 ], [ 673034.9671, 4060477.511299999430776, 0.0 ], [ 667443.49100000038743, 4049342.431500000879169, 0.0 ], [ 665577.495600000023842, 4044988.5471, 0.0 ], [ 664015.779699999839067, 4040188.586100000888109, 0.0 ], [ 662232.442099999636412, 4035960.637000000104308, 0.0 ], [ 661901.329300000332296, 4035594.910399999469519, 0.0 ], [ 661177.080000000074506, 4035495.643899999558926, 0.0 ], [ 661206.737900000065565, 4035350.066700000315905, 0.0 ], [ 660971.61739999987185, 4034956.561300000175834, 0.0 ], [ 661146.334999999962747, 4035451.875499999150634, 0.0 ], [ 660728.512699999846518, 4035192.474099999293685, 0.0 ], [ 660859.297199999913573, 4035005.762599999085069, 0.0 ], [ 659965.246100000105798, 4035302.102900000289083, 0.0 ], [ 658811.237800000235438, 4034808.737500000745058, 0.0 ], [ 658255.901899999938905, 4034890.92119999974966, 0.0 ], [ 656869.228900000452995, 4034067.862800000235438, 0.0 ] ] ], [ [ [ 666283.02379999961704, 4107846.083799999207258, 0.0 ], [ 666675.589800000190735, 4107896.0142, 0.0 ], [ 666791.5773, 4107747.997600000351667, 0.0 ], [ 666283.02379999961704, 4107846.083799999207258, 0.0 ] ] ], [ [ [ 660299.892300000414252, 4111829.441400000825524, 0.0 ], [ 661150.725300000049174, 4110069.317099999636412, 0.0 ], [ 661372.39670000039041, 4109836.2215, 0.0 ], [ 661540.722900000400841, 4109964.652699999511242, 0.0 ], [ 661563.193199999630451, 4109931.617599999532104, 0.0 ], [ 661625.43030000012368, 4109140.4945, 0.0 ], [ 659275.511199999600649, 4108836.179199999198318, 0.0 ], [ 659039.864699999801815, 4109132.746200000867248, 0.0 ], [ 659271.151300000026822, 4109362.059299999848008, 0.0 ], [ 658876.890999999828637, 4109909.636600000783801, 0.0 ], [ 660087.175499999895692, 4111051.464099999517202, 0.0 ], [ 660052.798700000159442, 4111544.3015, 0.0 ], [ 660299.892300000414252, 4111829.441400000825524, 0.0 ] ] ] ] } },
{ "type": "Feature", "properties": { "gouvernorat": "Sfax" }, "geometry": { "type": "MultiPolygon", "coordinates": [ [ [ [ 594537.600999999791384, 3780910.886299999430776, 0.0 ], [ 594794.180700000375509, 3780815.146299999207258, 0.0 ], [ 594844.760900000110269, 3780728.972100000828505, 0.0 ], [ 594685.400299999862909, 3780649.1568, 0.0 ], [ 594537.600999999791384, 3780910.886299999430776, 0.0 ] ] ], [ [ [ 609702.415599999949336, 3802259.261600000783801, 0.0 ], [ 609442.244500000029802, 3802579.3914, 0.0 ], [ 609163.581799999810755, 3801770.737700000405312, 0.0 ], [ 608844.994400000199676, 3801549.8969, 0.0 ], [ 608805.5614, 3800185.977099999785423, 0.0 ], [ 608169.411999999545515, 3799105.492000000551343, 0.0 ], [ 607643.328900000080466, 3798981.997600000351667, 0.0 ], [ 607520.987599999643862, 3798187.542300000786781, 0.0 ], [ 607448.359699999913573, 3798753.695900000631809, 0.0 ], [ 607036.598600000143051, 3798896.972100000828505, 0.0 ], [ 606456.184600000269711, 3798824.760700000450015, 0.0 ], [ 606540.248100000433624, 3798007.750499999150634, 0.0 ], [ 606438.227400000207126, 3798772.417700000107288, 0.0 ], [ 605699.701200000010431, 3798707.805800000205636, 0.0 ], [ 605039.293300000019372, 3798266.102900000289083, 0.0 ], [ 604682.025700000114739, 3798624.710200000554323, 0.0 ], [ 605401.999400000087917, 3797438.4441, 0.0 ], [ 604867.301500000059605, 3798052.339299999177456, 0.0 ], [ 604260.776600000448525, 3797641.1305, 0.0 ], [ 603222.935899999924004, 3797470.220499999821186, 0.0 ], [ 602682.739400000311434, 3796502.418800000101328, 0.0 ], [ 601011.502500000409782, 3794684.7599, 0.0 ], [ 600823.126600000075996, 3794272.167400000616908, 0.0 ], [ 600977.642099999822676, 3794133.308000000193715, 0.0 ], [ 600916.996500000357628, 3793939.2179000005126, 0.0 ], [ 600967.501699999906123, 3794119.964999999850988, 0.0 ], [ 600851.623499999754131, 3794210.893200000748038, 0.0 ], [ 600863.745799999684095, 3793971.815400000661612, 0.0 ], [ 600524.778199999593198, 3793965.578400000929832, 0.0 ], [ 599169.816200000233948, 3791287.698799999430776, 0.0 ], [ 597997.993999999947846, 3787871.909099999815226, 0.0 ], [ 596437.313900000415742, 3785235.104100000113249, 0.0 ], [ 596014.512299999594688, 3784965.497400000691414, 0.0 ], [ 596002.084499999880791, 3783062.174900000914931, 0.0 ], [ 595134.303299999795854, 3780778.582800000905991, 0.0 ], [ 593892.868599999696016, 3781189.377299999818206, 0.0 ], [ 593556.704400000162423, 3782497.919800000265241, 0.0 ], [ 593096.394600000232458, 3782507.917999999597669, 0.0 ], [ 591851.381400000303984, 3781921.91499999910593, 0.0 ], [ 590901.439299999736249, 3782179.664100000634789, 0.0 ], [ 588041.364199999719858, 3785675.190400000661612, 0.0 ], [ 587147.922399999573827, 3784766.93129999935627, 0.0 ], [ 587745.987099999561906, 3782259.919399999082088, 0.0 ], [ 587608.115699999965727, 3781648.1711, 0.0 ], [ 586307.104500000365078, 3780517.166400000452995, 0.0 ], [ 585384.662499999627471, 3780915.667600000277162, 0.0 ], [ 584424.849799999967217, 3780610.418600000441074, 0.0 ], [ 583401.404000000096858, 3781237.664300000295043, 0.0 ], [ 580773.829400000162423, 3783608.434000000357628, 0.0 ], [ 580262.57660000026226, 3784334.17989999987185, 0.0 ], [ 580122.397300000302494, 3786473.194700000807643, 0.0 ], [ 576417.629499999806285, 3787818.198599999770522, 0.0 ], [ 575917.500199999660254, 3787715.699100000783801, 0.0 ], [ 574072.672600000165403, 3785303.689200000837445, 0.0 ], [ 567073.080400000326335, 3785457.690700000151992, 0.0 ], [ 565233.326200000010431, 3790207.9671, 0.0 ], [ 563518.364299999549985, 3792028.59569999948144, 0.0 ], [ 566713.792600000277162, 3791816.557, 0.0 ], [ 569862.2193, 3791203.2179000005126, 0.0 ], [ 570049.65639999974519, 3791404.967700000852346, 0.0 ], [ 567803.396499999798834, 3795650.9945, 0.0 ], [ 564784.067999999970198, 3798345.059900000691414, 0.0 ], [ 567120.522699999623001, 3798559.456700000911951, 0.0 ], [ 568157.714999999850988, 3799368.255699999630451, 0.0 ], [ 568666.840499999932945, 3799212.456599999219179, 0.0 ], [ 569920.347000000067055, 3799610.457000000402331, 0.0 ], [ 571206.985500000417233, 3800260.767400000244379, 0.0 ], [ 571522.357599999755621, 3800511.067600000649691, 0.0 ], [ 571540.795400000177324, 3800850.270199999213219, 0.0 ], [ 572668.741799999959767, 3801071.465900000184774, 0.0 ], [ 573414.862499999813735, 3801736.073599999770522, 0.0 ], [ 573880.49930000025779, 3801500.270300000905991, 0.0 ], [ 575343.690200000070035, 3801684.77309999987483, 0.0 ], [ 576460.57039999961853, 3801509.767400000244379, 0.0 ], [ 577827.762900000438094, 3802147.07039999961853, 0.0 ], [ 578281.385400000028312, 3801798.769500000402331, 0.0 ], [ 578248.080500000156462, 3802239.072000000625849, 0.0 ], [ 578557.391800000332296, 3802105.268400000408292, 0.0 ], [ 578948.774500000290573, 3802362.267300000414252, 0.0 ], [ 578922.330000000074506, 3802633.273499999195337, 0.0 ], [ 579586.890700000338256, 3802967.076899999752641, 0.0 ], [ 580436.530600000172853, 3804405.780799999833107, 0.0 ], [ 581718.46100000012666, 3805915.090399999171495, 0.0 ], [ 582572.413800000213087, 3807852.795, 0.0 ], [ 583217.794499999843538, 3808306.094799999147654, 0.0 ], [ 582854.472799999639392, 3808957.105599999427795, 0.0 ], [ 583062.162100000306964, 3809444.098600000143051, 0.0 ], [ 583456.356499999761581, 3809196.297800000756979, 0.0 ], [ 583636.545300000347197, 3808462.093599999323487, 0.0 ], [ 583940.917399999685585, 3808504.095200000330806, 0.0 ], [ 583970.050099999643862, 3808768.102700000628829, 0.0 ], [ 583752.04590000025928, 3809815.104800000786781, 0.0 ], [ 584094.604399999603629, 3809334.500099999830127, 0.0 ], [ 584527.735999999567866, 3809213.303999999538064, 0.0 ], [ 584561.107400000095367, 3810175.802799999713898, 0.0 ], [ 584142.975599999539554, 3811575.814799999818206, 0.0 ], [ 584786.418800000101328, 3812449.520999999716878, 0.0 ], [ 585178.741499999538064, 3812756.319900000467896, 0.0 ], [ 586359.988599999807775, 3810997.108999999240041, 0.0 ], [ 586719.929700000211596, 3811059.306500000879169, 0.0 ], [ 587566.815200000070035, 3811667.815300000831485, 0.0 ], [ 587654.568199999630451, 3812184.312699999660254, 0.0 ], [ 588294.572499999776483, 3812300.819299999624491, 0.0 ], [ 588783.826100000180304, 3813500.120899999514222, 0.0 ], [ 591153.891800000332296, 3815215.129200000315905, 0.0 ], [ 591352.898299999535084, 3816038.8355, 0.0 ], [ 592314.838399999774992, 3815966.8293999992311, 0.0 ], [ 593281.12430000025779, 3816272.6382, 0.0 ], [ 595800.309100000187755, 3819169.741800000891089, 0.0 ], [ 596530.919599999673665, 3819698.846300000324845, 0.0 ], [ 595788.542799999937415, 3820400.147399999201298, 0.0 ], [ 592729.402300000190735, 3821026.15430000051856, 0.0 ], [ 588905.884700000286102, 3821232.154799999669194, 0.0 ], [ 588742.13910000026226, 3824633.3794, 0.0 ], [ 584276.927500000223517, 3827216.3881, 0.0 ], [ 582499.048899999819696, 3827966.589700000360608, 0.0 ], [ 581272.9682, 3827475.187699999660254, 0.0 ], [ 580389.034500000067055, 3828685.5976, 0.0 ], [ 581011.912499999627471, 3829550.605599999427795, 0.0 ], [ 580823.469399999827147, 3829838.408600000664592, 0.0 ], [ 582350.92119999974966, 3831573.613500000908971, 0.0 ], [ 579621.657599999569356, 3833594.223200000822544, 0.0 ], [ 579949.464900000020862, 3834611.43099999986589, 0.0 ], [ 582286.167600000277162, 3835202.932700000703335, 0.0 ], [ 583033.764999999664724, 3835072.034700000658631, 0.0 ], [ 583144.300499999895692, 3835570.929300000891089, 0.0 ], [ 582138.654900000430644, 3837273.991399999707937, 0.0 ], [ 582692.798299999907613, 3839217.94539999961853, 0.0 ], [ 583823.178100000135601, 3841584.2652000002563, 0.0 ], [ 583768.615600000135601, 3842846.964500000700355, 0.0 ], [ 583182.803000000305474, 3842803.66330000013113, 0.0 ], [ 583103.362300000153482, 3843078.468800000846386, 0.0 ], [ 583217.486100000329316, 3845016.684000000357628, 0.0 ], [ 584503.753499999642372, 3844983.680099999532104, 0.0 ], [ 585753.566100000403821, 3845455.276000000536442, 0.0 ], [ 586172.326399999670684, 3848794.493000000715256, 0.0 ], [ 587585.895299999974668, 3852827.721899999305606, 0.0 ], [ 587621.080699999816716, 3853231.721599999815226, 0.0 ], [ 586997.197100000455976, 3853615.325799999758601, 0.0 ], [ 590076.658400000073016, 3859633.350199999287724, 0.0 ], [ 591734.477900000289083, 3861154.057800000533462, 0.0 ], [ 595583.562800000421703, 3871245.103800000622869, 0.0 ], [ 596734.829199999570847, 3872327.808499999344349, 0.0 ], [ 597037.065600000321865, 3872360.811899999156594, 0.0 ], [ 596752.196299999952316, 3875624.434499999508262, 0.0 ], [ 595794.503499999642372, 3877825.438300000503659, 0.0 ], [ 596217.253600000403821, 3878074.13880000077188, 0.0 ], [ 596517.256000000052154, 3879339.847500000149012, 0.0 ], [ 598755.957600000314415, 3881575.46309999935329, 0.0 ], [ 599952.963700000196695, 3882225.463700000196695, 0.0 ], [ 600938.784599999897182, 3883117.166400000452995, 0.0 ], [ 601674.474999999627471, 3884315.468399999663234, 0.0 ], [ 602859.788499999791384, 3885105.881100000813603, 0.0 ], [ 603234.366600000299513, 3886043.684900000691414, 0.0 ], [ 604126.175599999725819, 3885630.87639999948442, 0.0 ], [ 604664.995900000445545, 3887885.688999999314547, 0.0 ], [ 608302.265300000086427, 3888740.487800000235438, 0.0 ], [ 611366.091000000014901, 3889792.497600000351667, 0.0 ], [ 616824.248700000345707, 3887292.680800000205636, 0.0 ], [ 617954.125, 3887634.882400000467896, 0.0 ], [ 618557.501600000075996, 3888133.183299999684095, 0.0 ], [ 620180.820199999958277, 3888802.889599999412894, 0.0 ], [ 620904.330400000326335, 3887805.17710000090301, 0.0 ], [ 622144.462199999950826, 3887516.183800000697374, 0.0 ], [ 623138.149400000460446, 3887890.879000000655651, 0.0 ], [ 624224.841799999587238, 3887677.880699999630451, 0.0 ], [ 625555.53760000038892, 3886282.1667, 0.0 ], [ 625699.848500000312924, 3885504.67090000025928, 0.0 ], [ 626631.294900000095367, 3884284.462400000542402, 0.0 ], [ 627536.363300000317395, 3883948.158600000664592, 0.0 ], [ 628463.555200000293553, 3883116.852900000289083, 0.0 ], [ 630935.003800000064075, 3882484.846999999135733, 0.0 ], [ 633057.075799999758601, 3884680.860200000926852, 0.0 ], [ 640315.56180000025779, 3889376.874600000679493, 0.0 ], [ 643597.006299999542534, 3892653.892699999734759, 0.0 ], [ 644003.644500000402331, 3893293.4956, 0.0 ], [ 644003.645499999634922, 3894955.2061, 0.0 ], [ 642803.754200000315905, 3896307.718599999323487, 0.0 ], [ 642497.007699999958277, 3897113.718900000676513, 0.0 ], [ 645186.330599999986589, 3898690.524700000882149, 0.0 ], [ 644953.02240000013262, 3900016.731799999251962, 0.0 ], [ 647974.605200000107288, 3901865.24349999986589, 0.0 ], [ 648206.289599999785423, 3901289.237500000745058, 0.0 ], [ 647885.664099999703467, 3900225.528599999845028, 0.0 ], [ 649413.734299999661744, 3900289.535000000149012, 0.0 ], [ 649722.7977, 3899120.726500000804663, 0.0 ], [ 650455.798899999819696, 3898409.916999999433756, 0.0 ], [ 650822.485500000417233, 3898737.721799999475479, 0.0 ], [ 653837.065700000151992, 3897531.508899999782443, 0.0 ], [ 655095.75899999961257, 3897329.508199999108911, 0.0 ], [ 655200.143899999558926, 3897608.912699999287724, 0.0 ], [ 655666.646599999628961, 3897316.910399999469519, 0.0 ], [ 656970.578200000338256, 3899033.519200000911951, 0.0 ], [ 657832.158200000412762, 3899451.52559999935329, 0.0 ], [ 658206.661700000055134, 3899441.717399999499321, 0.0 ], [ 658370.342400000430644, 3899143.916300000622869, 0.0 ], [ 659858.791400000452995, 3899831.219000000506639, 0.0 ], [ 659738.599999999627471, 3900678.520999999716878, 0.0 ], [ 660684.411899999715388, 3901153.926200000569224, 0.0 ], [ 661173.484299999661744, 3901858.23619999922812, 0.0 ], [ 661507.856499999761581, 3904051.74100000038743, 0.0 ], [ 662786.249400000087917, 3904012.537900000810623, 0.0 ], [ 664091.249699999578297, 3901051.224300000816584, 0.0 ], [ 664130.307699999772012, 3896905.905999999493361, 0.0 ], [ 665207.754999999888241, 3894661.690300000831485, 0.0 ], [ 667202.070000000298023, 3891412.473200000822544, 0.0 ], [ 667177.702600000426173, 3890243.165200000628829, 0.0 ], [ 666747.934700000099838, 3889713.4605, 0.0 ], [ 668017.076000000350177, 3889949.162900000810623, 0.0 ], [ 670842.777400000020862, 3891084.665699999779463, 0.0 ], [ 672330.971300000324845, 3892327.4781, 0.0 ], [ 672900.350499999709427, 3893372.880400000140071, 0.0 ], [ 674010.106399999931455, 3892780.477, 0.0 ], [ 674391.858199999667704, 3893079.677400000393391, 0.0 ], [ 676634.119599999859929, 3891005.666999999433756, 0.0 ], [ 676689.177199999801815, 3890817.66440000012517, 0.0 ], [ 674843.358799999579787, 3889007.454600000753999, 0.0 ], [ 676239.675200000405312, 3887754.642000000923872, 0.0 ], [ 677466.430800000205636, 3885806.437599999830127, 0.0 ], [ 680873.448800000362098, 3884264.820699999108911, 0.0 ], [ 682011.009399999864399, 3883524.616599999368191, 0.0 ], [ 682190.894000000320375, 3884255.421499999240041, 0.0 ], [ 684295.388600000180304, 3884203.736300000920892, 0.0 ], [ 684799.736800000071526, 3883096.890000000596046, 0.0 ], [ 684815.589800000190735, 3882820.701099999248981, 0.0 ], [ 684578.26549999974668, 3882842.816999999806285, 0.0 ], [ 684646.075100000016391, 3882185.841099999845028, 0.0 ], [ 684285.191999999806285, 3881034.097999999299645, 0.0 ], [ 684482.187599999830127, 3879435.442600000649691, 0.0 ], [ 683682.473799999803305, 3878153.050699999555945, 0.0 ], [ 683311.052799999713898, 3877267.462099999189377, 0.0 ], [ 683483.259700000286102, 3877088.196599999442697, 0.0 ], [ 683285.258600000292063, 3877202.971200000494719, 0.0 ], [ 683071.012799999676645, 3876947.646999999880791, 0.0 ], [ 682993.178700000047684, 3876022.4419, 0.0 ], [ 682101.662499999627471, 3875649.77930000051856, 0.0 ], [ 681206.540900000371039, 3874857.715399999171495, 0.0 ], [ 679247.996199999935925, 3874046.917099999263883, 0.0 ], [ 676589.784900000318885, 3871603.147700000554323, 0.0 ], [ 675929.990399999544024, 3870604.580600000917912, 0.0 ], [ 675618.559500000439584, 3870673.011, 0.0 ], [ 675821.356999999843538, 3870531.541799999773502, 0.0 ], [ 675739.019100000150502, 3870148.495899999514222, 0.0 ], [ 675255.994800000451505, 3869828.585999999195337, 0.0 ], [ 675766.3909, 3869705.152000000700355, 0.0 ], [ 675371.12540000025183, 3868304.3191, 0.0 ], [ 675605.151300000026822, 3866057.165100000798702, 0.0 ], [ 675435.222500000149012, 3864832.301300000399351, 0.0 ], [ 675755.660099999979138, 3863538.695599999278784, 0.0 ], [ 675563.059000000357628, 3861697.277300000190735, 0.0 ], [ 673968.600399999879301, 3859244.431099999696016, 0.0 ], [ 672482.830500000156462, 3857723.52280000038445, 0.0 ], [ 672123.305200000293553, 3855997.393899999558926, 0.0 ], [ 671387.711799999698997, 3855436.850199999287724, 0.0 ], [ 670919.592799999751151, 3854515.999600000679493, 0.0 ], [ 670701.814100000075996, 3854485.031099999323487, 0.0 ], [ 670672.749900000169873, 3854815.879200000315905, 0.0 ], [ 670512.46100000012666, 3854551.601500000804663, 0.0 ], [ 670550.075000000186265, 3853618.877100000157952, 0.0 ], [ 671215.463899999856949, 3852400.875499999150634, 0.0 ], [ 671159.199500000104308, 3851925.730799999088049, 0.0 ], [ 670029.962299999780953, 3851469.143300000578165, 0.0 ], [ 668891.680499999783933, 3851339.283800000324845, 0.0 ], [ 667363.064699999988079, 3850436.71680000051856, 0.0 ], [ 666686.144999999552965, 3849798.7906, 0.0 ], [ 665554.4852, 3847538.950799999758601, 0.0 ], [ 664962.538900000043213, 3848402.648199999704957, 0.0 ], [ 665321.57050000037998, 3847518.809399999678135, 0.0 ], [ 664095.618400000035763, 3846809.0515, 0.0 ], [ 663789.862900000065565, 3846362.441600000485778, 0.0 ], [ 663320.026499999687076, 3846945.161000000312924, 0.0 ], [ 663566.307099999859929, 3846327.4035, 0.0 ], [ 663184.956199999898672, 3846109.310399999842048, 0.0 ], [ 662996.520499999634922, 3846283.690099999308586, 0.0 ], [ 663465.54619999974966, 3844181.352399999275804, 0.0 ], [ 663153.099899999797344, 3843847.130300000309944, 0.0 ], [ 663247.226599999703467, 3843539.034399999305606, 0.0 ], [ 663036.747600000351667, 3843217.7292, 0.0 ], [ 662839.626400000415742, 3843346.348899999633431, 0.0 ], [ 662741.050900000147521, 3844116.849600000306964, 0.0 ], [ 662605.652499999850988, 3843720.528100000694394, 0.0 ], [ 661982.155500000342727, 3844215.562699999660254, 0.0 ], [ 661549.758600000292063, 3843911.248500000685453, 0.0 ], [ 661424.937800000421703, 3843701.896299999207258, 0.0 ], [ 661606.805700000375509, 3843520.032299999147654, 0.0 ], [ 661860.219899999909103, 3843829.448100000619888, 0.0 ], [ 662588.716799999587238, 3843115.1305, 0.0 ], [ 662071.104799999855459, 3842961.376800000667572, 0.0 ], [ 662033.676599999889731, 3842413.732899999246001, 0.0 ], [ 661901.930100000463426, 3842275.56279999949038, 0.0 ], [ 662012.939799999818206, 3842608.692800000309944, 0.0 ], [ 661784.086600000038743, 3842956.654400000348687, 0.0 ], [ 661251.800900000147521, 3843104.745799999684095, 0.0 ], [ 661562.318799999542534, 3842796.240199999883771, 0.0 ], [ 661228.779500000178814, 3842711.367900000885129, 0.0 ], [ 661231.42339999973774, 3842475.127699999138713, 0.0 ], [ 661596.585500000044703, 3842482.928300000727177, 0.0 ], [ 661601.800800000317395, 3842172.824699999764562, 0.0 ], [ 661189.022699999623001, 3842165.501800000667572, 0.0 ], [ 661151.172100000083447, 3842873.387700000777841, 0.0 ], [ 660923.551099999807775, 3842617.046800000593066, 0.0 ], [ 660533.903400000184774, 3843372.20130000077188, 0.0 ], [ 660472.171500000171363, 3841987.1393, 0.0 ], [ 660236.158499999903142, 3841895.546800000593066, 0.0 ], [ 660733.865299999713898, 3841708.6239, 0.0 ], [ 660629.703099999576807, 3840645.534499999135733, 0.0 ], [ 660244.475399999879301, 3840698.653899999335408, 0.0 ], [ 660022.46059999987483, 3839805.604399999603629, 0.0 ], [ 660210.548499999567866, 3839005.747600000351667, 0.0 ], [ 657917.747399999760091, 3835659.7039, 0.0 ], [ 657870.087000000290573, 3835262.054099999368191, 0.0 ], [ 657685.940100000239909, 3835303.879699999466538, 0.0 ], [ 657096.357400000095367, 3834492.9441, 0.0 ], [ 657003.628600000403821, 3834642.6415, 0.0 ], [ 656913.292500000447035, 3834384.453099999576807, 0.0 ], [ 656560.025000000372529, 3834810.987600000575185, 0.0 ], [ 654428.775200000032783, 3834067.314600000157952, 0.0 ], [ 654192.957499999552965, 3834492.588500000536442, 0.0 ], [ 653735.236200000159442, 3834589.493699999526143, 0.0 ], [ 652487.675800000317395, 3833440.392100000753999, 0.0 ], [ 652192.020700000226498, 3833350.6513, 0.0 ], [ 651637.434500000439584, 3833626.771500000730157, 0.0 ], [ 650603.20380000025034, 3832832.153400000184774, 0.0 ], [ 650215.126400000415742, 3832100.042099999263883, 0.0 ], [ 650348.289499999955297, 3831580.736500000581145, 0.0 ], [ 649205.166100000031292, 3831190.854100000113249, 0.0 ], [ 649311.848500000312924, 3831003.002000000327826, 0.0 ], [ 649047.540900000371039, 3830709.578199999406934, 0.0 ], [ 649270.363900000229478, 3830206.913599999621511, 0.0 ], [ 648872.028400000184774, 3829441.851500000804663, 0.0 ], [ 648097.577200000174344, 3828595.315899999812245, 0.0 ], [ 647372.400899999774992, 3828307.415899999439716, 0.0 ], [ 646865.466500000096858, 3827522.524800000712276, 0.0 ], [ 646654.189199999906123, 3825835.325400000438094, 0.0 ], [ 646813.685399999842048, 3824924.366100000217557, 0.0 ], [ 646464.836199999786913, 3823335.979599999263883, 0.0 ], [ 646900.460699999704957, 3823817.786299999803305, 0.0 ], [ 647167.210400000214577, 3824760.059699999168515, 0.0 ], [ 647215.236399999819696, 3824248.612800000235438, 0.0 ], [ 646159.902499999850988, 3822602.33699999935925, 0.0 ], [ 644343.535400000400841, 3821470.120300000533462, 0.0 ], [ 641651.637000000104308, 3820289.19370000064373, 0.0 ], [ 641225.356100000441074, 3820203.6502, 0.0 ], [ 642966.631099999882281, 3820992.225400000810623, 0.0 ], [ 642526.096699999645352, 3820930.756799999624491, 0.0 ], [ 642472.652099999599159, 3820958.825999999418855, 0.0 ], [ 643370.596599999815226, 3821254.427300000563264, 0.0 ], [ 643335.224399999715388, 3821454.1151, 0.0 ], [ 642747.608199999667704, 3821630.158800000324845, 0.0 ], [ 640613.104399999603629, 3820773.548900000751019, 0.0 ], [ 639658.716400000266731, 3821179.950400000438094, 0.0 ], [ 639228.996399999596179, 3820703.368100000545382, 0.0 ], [ 638487.976800000295043, 3820596.88880000077188, 0.0 ], [ 638113.119699999690056, 3820774.910199999809265, 0.0 ], [ 637716.066499999724329, 3820594.1765, 0.0 ], [ 637473.874800000339746, 3820380.257200000807643, 0.0 ], [ 637693.650700000114739, 3819741.32179999910295, 0.0 ], [ 637537.968799999915063, 3819669.646099999547005, 0.0 ], [ 637464.700000000186265, 3820357.882200000807643, 0.0 ], [ 637285.784900000318885, 3820396.2851, 0.0 ], [ 637055.611899999901652, 3819834.169099999591708, 0.0 ], [ 636413.475700000301003, 3819900.686799999326468, 0.0 ], [ 634810.757500000298023, 3819478.829299999400973, 0.0 ], [ 634433.433000000193715, 3819021.934800000861287, 0.0 ], [ 634181.127000000327826, 3819084.847799999639392, 0.0 ], [ 633426.564799999818206, 3818579.2653, 0.0 ], [ 633521.924399999901652, 3818438.665300000458956, 0.0 ], [ 633222.031299999915063, 3818462.987600000575185, 0.0 ], [ 633465.230299999937415, 3818393.748999999836087, 0.0 ], [ 633257.432500000111759, 3818379.1513, 0.0 ], [ 633400.781299999915063, 3818213.57120000012219, 0.0 ], [ 633107.863800000399351, 3818290.254599999636412, 0.0 ], [ 632216.071399999782443, 3817537.954, 0.0 ], [ 631919.526899999938905, 3816977.615900000557303, 0.0 ], [ 631610.781499999575317, 3817004.264599999412894, 0.0 ], [ 631613.505400000140071, 3816732.269200000911951, 0.0 ], [ 631015.474000000394881, 3817190.86879999935627, 0.0 ], [ 631578.562800000421703, 3816543.464099999517202, 0.0 ], [ 629598.918499999679625, 3814140.437699999660254, 0.0 ], [ 626105.949099999852479, 3809116.026499999687076, 0.0 ], [ 624894.889000000432134, 3808988.459699999541044, 0.0 ], [ 624807.759499999694526, 3809497.058900000527501, 0.0 ], [ 625047.903500000014901, 3809790.229100000113249, 0.0 ], [ 624636.863599999807775, 3809714.090700000524521, 0.0 ], [ 624154.458800000138581, 3809979.324300000444055, 0.0 ], [ 624166.05449999962002, 3809700.742200000211596, 0.0 ], [ 622775.895700000226498, 3808985.735200000926852, 0.0 ], [ 623091.084699999541044, 3808801.507799999788404, 0.0 ], [ 623151.66399999987334, 3808365.89919999986887, 0.0 ], [ 622382.094800000078976, 3808955.154999999329448, 0.0 ], [ 622123.408900000154972, 3808883.196100000292063, 0.0 ], [ 622011.245000000111759, 3807975.207900000736117, 0.0 ], [ 622233.016499999910593, 3808829.095100000500679, 0.0 ], [ 622718.00040000025183, 3808441.1570999994874, 0.0 ], [ 622590.158200000412762, 3808098.49100000038743, 0.0 ], [ 622779.050099999643862, 3808364.807700000703335, 0.0 ], [ 622967.542500000447035, 3808261.232699999585748, 0.0 ], [ 622791.045199999585748, 3808073.479699999094009, 0.0 ], [ 623202.279000000096858, 3808066.086100000888109, 0.0 ], [ 624037.506199999712408, 3808525.883600000292063, 0.0 ], [ 624187.321600000374019, 3808791.368300000205636, 0.0 ], [ 623994.103199999779463, 3808930.395999999716878, 0.0 ], [ 624208.11699999962002, 3808872.155300000682473, 0.0 ], [ 623996.601599999703467, 3807256.4507, 0.0 ], [ 622736.486499999649823, 3806647.724700000137091, 0.0 ], [ 620705.6727, 3806596.572799999266863, 0.0 ], [ 619261.1705, 3807504.365399999544024, 0.0 ], [ 618549.031899999827147, 3807681.340199999511242, 0.0 ], [ 618966.439100000075996, 3808100.661399999633431, 0.0 ], [ 618350.741200000047684, 3807879.529200000688434, 0.0 ], [ 618191.02379999961704, 3808169.068800000473857, 0.0 ], [ 618385.012699999846518, 3808515.173900000751019, 0.0 ], [ 618147.374400000087917, 3808348.044299999251962, 0.0 ], [ 618150.327200000174344, 3808828.898299999535084, 0.0 ], [ 617954.25690000038594, 3808909.211400000378489, 0.0 ], [ 618003.191899999976158, 3808209.902899999171495, 0.0 ], [ 617618.236100000329316, 3808304.838199999183416, 0.0 ], [ 617771.903800000436604, 3807723.951099999248981, 0.0 ], [ 618210.335900000296533, 3807468.066700000315905, 0.0 ], [ 618102.035199999809265, 3807226.611999999731779, 0.0 ], [ 617905.384999999776483, 3807343.345599999651313, 0.0 ], [ 617833.840599999763072, 3806971.631400000303984, 0.0 ], [ 617547.127399999648333, 3807132.224600000306964, 0.0 ], [ 617602.047199999913573, 3806787.51630000025034, 0.0 ], [ 617426.476700000464916, 3806583.793700000271201, 0.0 ], [ 617278.659799999557436, 3806703.258600000292063, 0.0 ], [ 617415.081299999728799, 3806486.758899999782443, 0.0 ], [ 617077.60259999986738, 3806324.427899999544024, 0.0 ], [ 617071.349499999545515, 3805978.702099999412894, 0.0 ], [ 617439.037800000049174, 3805599.167300000786781, 0.0 ], [ 616796.787399999797344, 3804661.953500000759959, 0.0 ], [ 616674.9205, 3803911.56279999949038, 0.0 ], [ 616005.184299999848008, 3803773.6418999992311, 0.0 ], [ 615356.525000000372529, 3804015.404699999839067, 0.0 ], [ 614933.176799999549985, 3803512.209000000730157, 0.0 ], [ 613828.015399999916553, 3803371.142200000584126, 0.0 ], [ 613247.713499999605119, 3802861.749600000679493, 0.0 ], [ 613161.99349999986589, 3802398.500700000673532, 0.0 ], [ 612559.794400000013411, 3801654.946900000795722, 0.0 ], [ 611742.035699999891222, 3801348.973899999633431, 0.0 ], [ 611436.421299999579787, 3800885.446599999442697, 0.0 ], [ 611307.655799999833107, 3800838.70380000025034, 0.0 ], [ 611385.461900000460446, 3801012.359899999573827, 0.0 ], [ 611251.207999999634922, 3800903.2652000002563, 0.0 ], [ 610127.248599999584258, 3802279.525399999693036, 0.0 ], [ 609821.234600000083447, 3801927.843299999833107, 0.0 ], [ 609786.6722999997437, 3802417.454199999570847, 0.0 ], [ 610115.683799999766052, 3802835.752699999138713, 0.0 ], [ 610143.194299999624491, 3802958.07010000012815, 0.0 ], [ 609809.850200000219047, 3802539.858999999240041, 0.0 ], [ 609702.415599999949336, 3802259.261600000783801, 0.0 ] ] ], [ [ [ 691306.681800000369549, 3838404.572599999606609, 0.0 ], [ 691903.410099999979138, 3837815.1239, 0.0 ], [ 693633.969100000336766, 3837735.368899999186397, 0.0 ], [ 694189.708200000226498, 3837316.15819999948144, 0.0 ], [ 694368.356700000353158, 3836772.015599999576807, 0.0 ], [ 692845.779299999587238, 3836364.886, 0.0 ], [ 691341.239000000059605, 3835011.814200000837445, 0.0 ], [ 690802.453499999828637, 3834989.04700000025332, 0.0 ], [ 689921.798799999989569, 3833767.326500000432134, 0.0 ], [ 688790.526600000448525, 3832758.167600000277162, 0.0 ], [ 688350.11600000038743, 3832840.729399999603629, 0.0 ], [ 687271.69579999987036, 3832293.497099999338388, 0.0 ], [ 685832.069600000046194, 3833341.3059, 0.0 ], [ 685384.625099999830127, 3833298.582299999892712, 0.0 ], [ 683875.94539999961853, 3833892.831800000742078, 0.0 ], [ 681348.753899999894202, 3835752.836200000718236, 0.0 ], [ 680654.219399999827147, 3835950.992599999532104, 0.0 ], [ 680242.270399999804795, 3836232.071100000292063, 0.0 ], [ 681079.056800000369549, 3836439.439899999648333, 0.0 ], [ 681974.615199999883771, 3837715.223600000143051, 0.0 ], [ 682531.372999999672174, 3838061.420199999585748, 0.0 ], [ 684507.035099999979138, 3837868.0756, 0.0 ], [ 685190.599200000055134, 3838004.7325, 0.0 ], [ 685214.085699999704957, 3838229.354299999773502, 0.0 ], [ 685346.824300000444055, 3838003.23619999922812, 0.0 ], [ 686667.357599999755621, 3838188.080199999734759, 0.0 ], [ 687182.624499999918044, 3838138.191199999302626, 0.0 ], [ 687331.308799999766052, 3837829.897900000214577, 0.0 ], [ 687744.465200000442564, 3837706.194499999284744, 0.0 ], [ 688398.008899999782443, 3838223.770099999383092, 0.0 ], [ 689952.016900000162423, 3838038.773499999195337, 0.0 ], [ 691306.681800000369549, 3838404.572599999606609, 0.0 ] ] ], [ [ [ 706445.098399999551475, 3855632.780799999833107, 0.0 ], [ 707058.284599999897182, 3855267.011199999600649, 0.0 ], [ 707211.512099999934435, 3854498.062699999660254, 0.0 ], [ 707570.066800000146031, 3854257.086200000718236, 0.0 ], [ 707489.836099999956787, 3853914.41300000064075, 0.0 ], [ 708338.709099999628961, 3853152.669399999082088, 0.0 ], [ 708584.482499999925494, 3853148.7456, 0.0 ], [ 708780.520200000144541, 3853503.36009999923408, 0.0 ], [ 708406.998499999754131, 3854106.714400000870228, 0.0 ], [ 707942.482300000265241, 3854283.216, 0.0 ], [ 708133.136800000444055, 3854910.575500000268221, 0.0 ], [ 709491.383399999700487, 3854216.284700000658631, 0.0 ], [ 709952.024400000460446, 3854310.10359999909997, 0.0 ], [ 711988.61670000012964, 3852991.276799999177456, 0.0 ], [ 711818.962700000032783, 3852593.645500000566244, 0.0 ], [ 711455.476999999955297, 3852923.835899999365211, 0.0 ], [ 711228.768600000068545, 3852819.490299999713898, 0.0 ], [ 710638.982099999673665, 3853477.425799999386072, 0.0 ], [ 709914.078700000420213, 3853484.733300000429153, 0.0 ], [ 709429.943199999630451, 3853182.878200000151992, 0.0 ], [ 709112.978500000201166, 3853315.632200000807643, 0.0 ], [ 709063.161199999973178, 3853130.012000000104308, 0.0 ], [ 708830.754999999888241, 3853324.367000000551343, 0.0 ], [ 708887.755099999718368, 3853201.428999999538064, 0.0 ], [ 709187.046099999919534, 3853063.3936, 0.0 ], [ 709026.055900000035763, 3852890.380400000140071, 0.0 ], [ 709296.833599999547005, 3852548.356899999082088, 0.0 ], [ 709766.114900000393391, 3852290.572000000625849, 0.0 ], [ 709288.317300000227988, 3852170.898499999195337, 0.0 ], [ 709080.622299999929965, 3851820.307700000703335, 0.0 ], [ 709985.515399999916553, 3850381.603199999779463, 0.0 ], [ 709309.997200000099838, 3850023.691199999302626, 0.0 ], [ 708745.141400000080466, 3850085.633600000292063, 0.0 ], [ 708454.067300000227988, 3850767.553600000217557, 0.0 ], [ 708109.784500000067055, 3850845.4868, 0.0 ], [ 708205.243200000375509, 3850649.986700000241399, 0.0 ], [ 707808.149400000460446, 3850310.181900000199676, 0.0 ], [ 708441.037200000137091, 3849967.348500000312924, 0.0 ], [ 708234.622100000269711, 3849553.240299999713898, 0.0 ], [ 708326.720300000160933, 3848905.832599999383092, 0.0 ], [ 710336.824500000104308, 3847455.81279999949038, 0.0 ], [ 710399.692800000309944, 3846972.062100000679493, 0.0 ], [ 710991.437699999660254, 3846508.477900000289083, 0.0 ], [ 710950.926300000399351, 3845685.56110000051558, 0.0 ], [ 710265.589300000108778, 3845217.688200000673532, 0.0 ], [ 710658.012900000438094, 3844678.578099999576807, 0.0 ], [ 710161.7966, 3844594.5592, 0.0 ], [ 710286.420300000347197, 3844343.1108, 0.0 ], [ 710117.463100000284612, 3844576.80350000038743, 0.0 ], [ 710006.096300000324845, 3844962.627900000661612, 0.0 ], [ 710048.72620000038296, 3845216.01490000076592, 0.0 ], [ 709481.004300000146031, 3845362.393100000917912, 0.0 ], [ 708822.626000000163913, 3845223.226099999621511, 0.0 ], [ 707947.544300000183284, 3844292.3902000002563, 0.0 ], [ 707184.186700000427663, 3843923.064200000837445, 0.0 ], [ 706886.425699999555945, 3843937.809100000187755, 0.0 ], [ 706729.145899999886751, 3844276.82179999910295, 0.0 ], [ 706415.131599999964237, 3843847.799000000581145, 0.0 ], [ 705978.962299999780953, 3844247.1706000007689, 0.0 ], [ 706026.039200000464916, 3843348.716399999335408, 0.0 ], [ 706348.636400000192225, 3843137.052899999544024, 0.0 ], [ 706111.310499999672174, 3843198.826199999079108, 0.0 ], [ 705732.648900000378489, 3842767.333000000566244, 0.0 ], [ 703027.905899999663234, 3842236.285700000822544, 0.0 ], [ 702145.980999999679625, 3841785.495799999684095, 0.0 ], [ 702139.159500000067055, 3841536.866599999368191, 0.0 ], [ 701722.111999999731779, 3841822.629599999636412, 0.0 ], [ 697502.416400000452995, 3839181.858799999579787, 0.0 ], [ 695105.276399999856949, 3837315.722999999299645, 0.0 ], [ 694727.857200000435114, 3837322.901499999687076, 0.0 ], [ 694418.306099999696016, 3838204.485300000756979, 0.0 ], [ 694712.24210000038147, 3838799.444499999284744, 0.0 ], [ 694302.637099999934435, 3839018.872199999168515, 0.0 ], [ 695436.900299999862909, 3839826.647600000724196, 0.0 ], [ 695644.834699999541044, 3840639.055800000205636, 0.0 ], [ 695256.138399999588728, 3841121.472200000658631, 0.0 ], [ 695338.597799999639392, 3841359.792700000107288, 0.0 ], [ 696874.906200000084937, 3842129.606799999251962, 0.0 ], [ 697541.762699999846518, 3843409.033800000324845, 0.0 ], [ 697478.642099999822676, 3843863.250399999320507, 0.0 ], [ 698663.80530000012368, 3844220.9978, 0.0 ], [ 699011.053899999707937, 3844577.747899999842048, 0.0 ], [ 698989.747499999590218, 3844968.386199999600649, 0.0 ], [ 698457.236200000159442, 3845224.274599999189377, 0.0 ], [ 698614.498200000263751, 3845495.586300000548363, 0.0 ], [ 698374.985000000335276, 3845915.480399999767542, 0.0 ], [ 699076.174300000071526, 3845776.385500000789762, 0.0 ], [ 699612.216099999845028, 3846169.702299999073148, 0.0 ], [ 698571.75690000038594, 3848362.064799999818206, 0.0 ], [ 699039.633200000040233, 3848157.643200000748038, 0.0 ], [ 699439.520700000226498, 3848327.7347999997437, 0.0 ], [ 699665.974999999627471, 3848061.3849, 0.0 ], [ 699386.14049999974668, 3847886.283399999141693, 0.0 ], [ 699402.190499999560416, 3847583.6535, 0.0 ], [ 699820.911299999803305, 3847249.90819999948144, 0.0 ], [ 699889.790599999949336, 3846869.032199999317527, 0.0 ], [ 702035.521300000138581, 3845580.386399999260902, 0.0 ], [ 702427.167000000365078, 3845819.5801, 0.0 ], [ 702493.791500000283122, 3846223.557499999180436, 0.0 ], [ 703097.145200000144541, 3845958.765000000596046, 0.0 ], [ 703665.501000000163913, 3846606.11769999936223, 0.0 ], [ 703542.807199999690056, 3847124.912599999457598, 0.0 ], [ 703755.979500000365078, 3846985.00650000013411, 0.0 ], [ 703989.204900000244379, 3847166.390000000596046, 0.0 ], [ 703742.00800000037998, 3848370.190199999138713, 0.0 ], [ 704030.275299999862909, 3848414.021999999880791, 0.0 ], [ 704274.855100000277162, 3848865.74349999986589, 0.0 ], [ 703089.033800000324845, 3849879.63399999961257, 0.0 ], [ 702724.490600000135601, 3850899.5406, 0.0 ], [ 703326.561999999918044, 3850941.984099999070168, 0.0 ], [ 703727.044700000435114, 3850666.580700000748038, 0.0 ], [ 704444.972299999557436, 3851161.655799999833107, 0.0 ], [ 704659.104299999773502, 3851086.506999999284744, 0.0 ], [ 704726.107599999755621, 3850607.021299999207258, 0.0 ], [ 704904.837299999780953, 3850902.450500000268221, 0.0 ], [ 704769.402300000190735, 3851118.392400000244379, 0.0 ], [ 704264.170599999837577, 3851340.164300000295043, 0.0 ], [ 704290.675200000405312, 3851616.196599999442697, 0.0 ], [ 706059.542500000447035, 3851774.022600000724196, 0.0 ], [ 706319.606900000013411, 3851494.6776, 0.0 ], [ 706152.885200000368059, 3851781.0777000002563, 0.0 ], [ 705623.906899999827147, 3851935.731300000101328, 0.0 ], [ 705358.873599999584258, 3852992.915100000798702, 0.0 ], [ 704969.096400000154972, 3853486.963300000876188, 0.0 ], [ 705192.059000000357628, 3853654.406300000846386, 0.0 ], [ 705419.379099999554455, 3853338.405300000682473, 0.0 ], [ 705865.179399999789894, 3853324.461200000718236, 0.0 ], [ 705825.644899999722838, 3854126.668099999427795, 0.0 ], [ 705225.260800000280142, 3854594.379599999636412, 0.0 ], [ 705252.473899999633431, 3855227.42960000038147, 0.0 ], [ 705772.643699999898672, 3855687.603800000622869, 0.0 ], [ 705370.050900000147521, 3856118.9419, 0.0 ], [ 706084.759200000204146, 3855867.629000000655651, 0.0 ], [ 706278.654699999839067, 3856139.52449999935925, 0.0 ], [ 706238.101099999621511, 3855743.383099999278784, 0.0 ], [ 706406.553399999625981, 3856154.23619999922812, 0.0 ], [ 706445.098399999551475, 3855632.780799999833107, 0.0 ] ] ], [ [ [ 713631.043800000101328, 3848453.781199999153614, 0.0 ], [ 714413.393400000408292, 3848070.089099999517202, 0.0 ], [ 712888.750900000333786, 3847929.873400000855327, 0.0 ], [ 711132.116100000217557, 3846678.737199999392033, 0.0 ], [ 710943.779400000348687, 3847137.782800000160933, 0.0 ], [ 711327.481599999591708, 3847950.885900000110269, 0.0 ], [ 711862.468100000172853, 3848030.076400000602007, 0.0 ], [ 711826.267799999564886, 3848224.494699999690056, 0.0 ], [ 713631.043800000101328, 3848453.781199999153614, 0.0 ] ] ], [ [ [ 709508.11710000038147, 3850100.254300000146031, 0.0 ], [ 710264.112399999983609, 3850111.248099999502301, 0.0 ], [ 710342.668300000019372, 3849350.156899999827147, 0.0 ], [ 710805.040500000119209, 3849168.045099999755621, 0.0 ], [ 710796.753899999894202, 3848909.518400000408292, 0.0 ], [ 711246.497499999590218, 3848510.476600000634789, 0.0 ], [ 711064.748700000345707, 3848448.520199999213219, 0.0 ], [ 709639.919900000095367, 3849701.634099999442697, 0.0 ], [ 709508.11710000038147, 3850100.254300000146031, 0.0 ] ] ], [ [ [ 702783.852500000037253, 3852703.5537, 0.0 ], [ 703514.376199999824166, 3852753.653000000864267, 0.0 ], [ 703484.30489999987185, 3852301.3904, 0.0 ], [ 704026.207399999722838, 3852006.361099999397993, 0.0 ], [ 704129.661899999715388, 3851635.082599999383092, 0.0 ], [ 702862.419999999925494, 3852494.854900000616908, 0.0 ], [ 702783.852500000037253, 3852703.5537, 0.0 ] ] ], [ [ [ 710769.332899999804795, 3855946.631300000473857, 0.0 ], [ 711530.376500000245869, 3855927.626299999654293, 0.0 ], [ 712304.904699999839067, 3855087.6327, 0.0 ], [ 713233.458499999716878, 3854851.16330000013113, 0.0 ], [ 713527.848600000143051, 3854620.2358, 0.0 ], [ 713495.527200000360608, 3854501.488399999216199, 0.0 ], [ 712807.557000000029802, 3854848.32010000012815, 0.0 ], [ 712654.537200000137091, 3854593.404200000688434, 0.0 ], [ 711432.332899999804795, 3854763.4244, 0.0 ], [ 710731.46239999961108, 3855589.738800000399351, 0.0 ], [ 711078.911799999885261, 3855536.190899999812245, 0.0 ], [ 710769.332899999804795, 3855946.631300000473857, 0.0 ] ] ] ] } },
{ "type": "Feature", "properties": { "gouvernorat": "Sidi Bou Zid" }, "geometry": { "type": "Polygon", "coordinates": [ [ [ 543002.972799999639392, 3814242.336500000208616, 0.0 ], [ 536052.129499999806285, 3814877.541400000452995, 0.0 ], [ 529813.0954, 3814808.146099999547005, 0.0 ], [ 528230.965800000354648, 3815003.847500000149012, 0.0 ], [ 528790.837000000290573, 3818307.161100000143051, 0.0 ], [ 529872.598199999891222, 3819534.167400000616908, 0.0 ], [ 530534.536700000055134, 3819900.364499999210238, 0.0 ], [ 529245.589700000360608, 3821941.179300000891089, 0.0 ], [ 528951.648599999956787, 3822091.3794, 0.0 ], [ 528337.709400000050664, 3820825.17119999974966, 0.0 ], [ 527560.831799999810755, 3821909.5757, 0.0 ], [ 526762.07799999974668, 3824457.889699999243021, 0.0 ], [ 524939.819799999706447, 3823878.185000000521541, 0.0 ], [ 523198.627199999988079, 3825143.594000000506639, 0.0 ], [ 523178.565000000409782, 3825483.396500000730157, 0.0 ], [ 524451.127999999560416, 3828181.910399999469519, 0.0 ], [ 525165.634200000204146, 3830425.62470000050962, 0.0 ], [ 525162.138000000268221, 3832453.932, 0.0 ], [ 524752.325899999588728, 3833372.639499999582767, 0.0 ], [ 524224.68819999974221, 3833471.63990000076592, 0.0 ], [ 523900.905299999751151, 3834154.434399999678135, 0.0 ], [ 525416.268299999646842, 3835847.648, 0.0 ], [ 527001.465599999763072, 3835548.247199999168515, 0.0 ], [ 527790.646399999968708, 3836536.450899999588728, 0.0 ], [ 526279.637299999594688, 3836019.643699999898672, 0.0 ], [ 524687.827100000344217, 3838378.2555, 0.0 ], [ 523518.783300000242889, 3838483.26490000076592, 0.0 ], [ 522972.122399999760091, 3839308.461100000888109, 0.0 ], [ 519815.325400000438094, 3839994.965099999681115, 0.0 ], [ 519298.794900000095367, 3839883.467199999839067, 0.0 ], [ 518481.883200000040233, 3838826.467199999839067, 0.0 ], [ 517859.450799999758601, 3838439.963899999856949, 0.0 ], [ 517284.415699999779463, 3838481.655799999833107, 0.0 ], [ 514465.584699999541044, 3838951.662699999287724, 0.0 ], [ 514138.800200000405312, 3839293.66469999961555, 0.0 ], [ 513856.642599999904633, 3840394.966099999845028, 0.0 ], [ 513591.265300000086427, 3840477.469699999317527, 0.0 ], [ 511250.126400000415742, 3839417.670199999585748, 0.0 ], [ 510327.065499999560416, 3839269.9695999994874, 0.0 ], [ 508601.679999999701977, 3839428.268300000578165, 0.0 ], [ 506413.230200000107288, 3836872.255899999290705, 0.0 ], [ 505581.855399999767542, 3836644.651200000196695, 0.0 ], [ 504225.629800000227988, 3836705.248999999836087, 0.0 ], [ 501881.621600000187755, 3837163.458200000226498, 0.0 ], [ 501515.833999999798834, 3837384.454199999570847, 0.0 ], [ 500999.542700000107288, 3838465.259600000455976, 0.0 ], [ 498806.384600000455976, 3841597.277799999341369, 0.0 ], [ 496373.122700000181794, 3842973.284600000828505, 0.0 ], [ 496182.461400000378489, 3844914.489299999549985, 0.0 ], [ 492740.414200000464916, 3851203.0208, 0.0 ], [ 494329.759100000374019, 3852493.534600000828505, 0.0 ], [ 497408.187400000169873, 3852794.535000000149012, 0.0 ], [ 498196.353799999691546, 3853616.541799999773502, 0.0 ], [ 498493.634499999694526, 3853582.038599999621511, 0.0 ], [ 501706.520299999974668, 3855696.348999999463558, 0.0 ], [ 503422.843700000084937, 3856370.055299999192357, 0.0 ], [ 504139.881299999542534, 3857123.0559, 0.0 ], [ 505169.479100000113249, 3857686.553999999538064, 0.0 ], [ 505780.292999999597669, 3858942.564600000157952, 0.0 ], [ 505628.387400000356138, 3859468.07039999961853, 0.0 ], [ 505153.22649999987334, 3859780.568399999290705, 0.0 ], [ 503720.470800000242889, 3859643.36570000089705, 0.0 ], [ 502492.369800000451505, 3859092.765000000596046, 0.0 ], [ 502374.519600000232458, 3859972.370300000533462, 0.0 ], [ 502766.933000000193715, 3861033.379699999466538, 0.0 ], [ 502261.583899999968708, 3862289.080600000917912, 0.0 ], [ 502487.051199999637902, 3863118.386, 0.0 ], [ 503301.373700000345707, 3863638.0929000005126, 0.0 ], [ 504279.78110000025481, 3865328.7972999997437, 0.0 ], [ 506873.706000000238419, 3866859.403599999845028, 0.0 ], [ 509092.558600000105798, 3866085.396999999880791, 0.0 ], [ 509883.41330000013113, 3866582.79839999973774, 0.0 ], [ 510288.591500000096858, 3869076.613399999216199, 0.0 ], [ 511504.25789999961853, 3870535.123999999836087, 0.0 ], [ 511534.668800000101328, 3871448.6327, 0.0 ], [ 513640.049700000323355, 3871512.429999999701977, 0.0 ], [ 514921.402900000102818, 3872650.434100000187755, 0.0 ], [ 515307.590699999593198, 3873345.436200000345707, 0.0 ], [ 516500.786999999545515, 3873795.436799999326468, 0.0 ], [ 518800.210199999623001, 3873088.836799999698997, 0.0 ], [ 519179.669400000013411, 3873255.63370000012219, 0.0 ], [ 519747.299800000153482, 3874050.136, 0.0 ], [ 521076.470700000412762, 3874328.140799999237061, 0.0 ], [ 521606.310200000181794, 3874720.442800000309944, 0.0 ], [ 522408.098899999633431, 3874326.440899999812245, 0.0 ], [ 523389.911999999545515, 3874554.445699999108911, 0.0 ], [ 524894.134800000116229, 3874457.444700000807643, 0.0 ], [ 529084.596199999563396, 3881126.88120000064373, 0.0 ], [ 529675.166699999943376, 3881715.474300000816584, 0.0 ], [ 527633.0318, 3883426.185200000181794, 0.0 ], [ 526183.701899999752641, 3884122.487299999222159, 0.0 ], [ 525458.459599999710917, 3883397.191199999302626, 0.0 ], [ 523938.45409999974072, 3884254.691199999302626, 0.0 ], [ 523888.137799999676645, 3885488.69649999961257, 0.0 ], [ 523677.323499999940395, 3885738.896800000220537, 0.0 ], [ 523509.602099999785423, 3885605.903300000354648, 0.0 ], [ 522979.292600000277162, 3886185.498299999162555, 0.0 ], [ 521861.183400000445545, 3886470.701999999582767, 0.0 ], [ 521501.778300000354648, 3887400.707499999552965, 0.0 ], [ 523175.380099999718368, 3888966.516799999400973, 0.0 ], [ 522517.598000000230968, 3893608.246300000697374, 0.0 ], [ 521724.442599999718368, 3894035.941600000485778, 0.0 ], [ 523510.295699999667704, 3895284.55379999987781, 0.0 ], [ 524353.891200000420213, 3895104.5494, 0.0 ], [ 524898.771300000138581, 3895873.556800000369549, 0.0 ], [ 523319.848899999633431, 3897391.565899999812245, 0.0 ], [ 520906.681800000369549, 3898576.771099999547005, 0.0 ], [ 519752.117499999701977, 3898757.7653, 0.0 ], [ 518767.707000000402331, 3899300.967700000852346, 0.0 ], [ 517639.513100000098348, 3901097.581499999389052, 0.0 ], [ 515258.191499999724329, 3902551.593399999663234, 0.0 ], [ 514674.55599999986589, 3903243.79619999974966, 0.0 ], [ 514027.4682, 3904358.795199999585748, 0.0 ], [ 513975.7171, 3905840.011499999091029, 0.0 ], [ 514155.114599999971688, 3906510.308599999174476, 0.0 ], [ 515653.870900000445545, 3909047.325500000268221, 0.0 ], [ 515732.783999999985099, 3909501.825400000438094, 0.0 ], [ 515444.474799999967217, 3910330.831000000238419, 0.0 ], [ 515720.283400000073016, 3911117.634999999776483, 0.0 ], [ 517146.698300000280142, 3912409.638900000602007, 0.0 ], [ 518132.453300000168383, 3914793.856100000441074, 0.0 ], [ 520205.18099999986589, 3916769.864299999549985, 0.0 ], [ 522992.69550000037998, 3920006.88230000063777, 0.0 ], [ 524927.8902000002563, 3920752.684399999678135, 0.0 ], [ 526345.152300000190735, 3922456.696599999442697, 0.0 ], [ 527777.908499999903142, 3922962.395999999716878, 0.0 ], [ 529121.229799999855459, 3923779.104100000113249, 0.0 ], [ 530111.049800000153482, 3925100.912100000306964, 0.0 ], [ 538333.965200000442564, 3925464.908700000494719, 0.0 ], [ 538768.037100000306964, 3925844.113399999216199, 0.0 ], [ 538777.907399999909103, 3926289.915100000798702, 0.0 ], [ 540140.548700000159442, 3925995.913100000470877, 0.0 ], [ 541251.673999999649823, 3926065.109300000593066, 0.0 ], [ 542584.679299999959767, 3924886.702600000426173, 0.0 ], [ 544406.187599999830127, 3923844.098799999803305, 0.0 ], [ 544373.129700000397861, 3923238.898900000378489, 0.0 ], [ 543663.686200000345707, 3922322.690500000491738, 0.0 ], [ 544704.564399999566376, 3920454.3805, 0.0 ], [ 544485.248200000263751, 3919112.676599999889731, 0.0 ], [ 545555.38289999961853, 3918074.372099999338388, 0.0 ], [ 545090.001299999654293, 3917377.060399999842048, 0.0 ], [ 545585.884300000034273, 3917045.86600000038743, 0.0 ], [ 544240.567400000058115, 3915888.655600000172853, 0.0 ], [ 542865.796299999579787, 3915244.353700000792742, 0.0 ], [ 542135.556699999608099, 3913315.346100000664592, 0.0 ], [ 541415.665900000371039, 3912930.042600000277162, 0.0 ], [ 545778.688400000333786, 3911080.828400000929832, 0.0 ], [ 548968.271599999628961, 3909009.318399999290705, 0.0 ], [ 548104.324900000356138, 3906872.612299999222159, 0.0 ], [ 548708.014399999752641, 3906338.607899999246001, 0.0 ], [ 548988.399100000038743, 3905262.301400000229478, 0.0 ], [ 549570.212199999950826, 3904467.998700000345707, 0.0 ], [ 550147.151899999938905, 3902865.586300000548363, 0.0 ], [ 550974.717400000430644, 3902318.584499999880791, 0.0 ], [ 553198.666600000113249, 3903826.295099999755621, 0.0 ], [ 554192.922600000165403, 3903314.286399999633431, 0.0 ], [ 555397.184700000099838, 3901807.774900000542402, 0.0 ], [ 558472.504700000397861, 3900944.275299999862909, 0.0 ], [ 559319.950600000098348, 3899447.262000000104308, 0.0 ], [ 560763.376400000415742, 3898276.763699999079108, 0.0 ], [ 561370.199599999934435, 3898480.7631, 0.0 ], [ 561893.929100000299513, 3899396.361300000920892, 0.0 ], [ 565062.229899999685585, 3899003.258400000631809, 0.0 ], [ 564176.348899999633431, 3896906.904400000348687, 0.0 ], [ 563656.832499999552965, 3894469.7379, 0.0 ], [ 565589.231300000101328, 3893845.931099999696016, 0.0 ], [ 567969.744300000369549, 3892082.929999999701977, 0.0 ], [ 572260.137199999764562, 3892345.9265, 0.0 ], [ 574721.715499999932945, 3891308.221599999815226, 0.0 ], [ 575916.651700000278652, 3891360.720799999311566, 0.0 ], [ 579204.921799999661744, 3890781.91440000012517, 0.0 ], [ 579475.057199999690056, 3891141.91300000064075, 0.0 ], [ 579358.551300000399351, 3892046.523600000888109, 0.0 ], [ 579677.362399999983609, 3892959.2226, 0.0 ], [ 590326.611600000411272, 3890938.209499999880791, 0.0 ], [ 590352.725700000301003, 3889105.902899999171495, 0.0 ], [ 589974.857699999585748, 3888793.704900000244379, 0.0 ], [ 590486.727900000289083, 3884829.880999999120831, 0.0 ], [ 590086.224200000055134, 3882402.862500000745058, 0.0 ], [ 590823.033900000154972, 3878548.846699999645352, 0.0 ], [ 593350.240899999625981, 3877030.1371, 0.0 ], [ 593415.622399999760091, 3876581.636, 0.0 ], [ 594397.996100000105798, 3876516.138599999248981, 0.0 ], [ 597025.25789999961853, 3873159.613399999216199, 0.0 ], [ 597040.199099999852479, 3872649.11460000090301, 0.0 ], [ 597037.065600000321865, 3872360.811899999156594, 0.0 ], [ 596734.829199999570847, 3872327.808499999344349, 0.0 ], [ 595583.562800000421703, 3871245.103800000622869, 0.0 ], [ 591734.477900000289083, 3861154.057800000533462, 0.0 ], [ 590076.658400000073016, 3859633.350199999287724, 0.0 ], [ 586997.197100000455976, 3853615.325799999758601, 0.0 ], [ 587621.080699999816716, 3853231.721599999815226, 0.0 ], [ 587585.895299999974668, 3852827.721899999305606, 0.0 ], [ 586172.326399999670684, 3848794.493000000715256, 0.0 ], [ 585753.566100000403821, 3845455.276000000536442, 0.0 ], [ 584503.753499999642372, 3844983.680099999532104, 0.0 ], [ 583217.486100000329316, 3845016.684000000357628, 0.0 ], [ 583103.362300000153482, 3843078.468800000846386, 0.0 ], [ 583182.803000000305474, 3842803.66330000013113, 0.0 ], [ 583768.615600000135601, 3842846.964500000700355, 0.0 ], [ 583823.178100000135601, 3841584.2652000002563, 0.0 ], [ 582692.798299999907613, 3839217.94539999961853, 0.0 ], [ 582138.654900000430644, 3837273.991399999707937, 0.0 ], [ 583144.300499999895692, 3835570.929300000891089, 0.0 ], [ 583033.764999999664724, 3835072.034700000658631, 0.0 ], [ 582286.167600000277162, 3835202.932700000703335, 0.0 ], [ 579949.464900000020862, 3834611.43099999986589, 0.0 ], [ 579621.657599999569356, 3833594.223200000822544, 0.0 ], [ 582350.92119999974966, 3831573.613500000908971, 0.0 ], [ 580823.469399999827147, 3829838.408600000664592, 0.0 ], [ 581011.912499999627471, 3829550.605599999427795, 0.0 ], [ 580389.034500000067055, 3828685.5976, 0.0 ], [ 581272.9682, 3827475.187699999660254, 0.0 ], [ 582499.048899999819696, 3827966.589700000360608, 0.0 ], [ 584276.927500000223517, 3827216.3881, 0.0 ], [ 588742.13910000026226, 3824633.3794, 0.0 ], [ 588905.884700000286102, 3821232.154799999669194, 0.0 ], [ 592729.402300000190735, 3821026.15430000051856, 0.0 ], [ 595788.542799999937415, 3820400.147399999201298, 0.0 ], [ 596530.919599999673665, 3819698.846300000324845, 0.0 ], [ 595800.309100000187755, 3819169.741800000891089, 0.0 ], [ 593281.12430000025779, 3816272.6382, 0.0 ], [ 592314.838399999774992, 3815966.8293999992311, 0.0 ], [ 591352.898299999535084, 3816038.8355, 0.0 ], [ 591153.891800000332296, 3815215.129200000315905, 0.0 ], [ 588783.826100000180304, 3813500.120899999514222, 0.0 ], [ 588294.572499999776483, 3812300.819299999624491, 0.0 ], [ 587654.568199999630451, 3812184.312699999660254, 0.0 ], [ 587566.815200000070035, 3811667.815300000831485, 0.0 ], [ 586719.929700000211596, 3811059.306500000879169, 0.0 ], [ 586359.988599999807775, 3810997.108999999240041, 0.0 ], [ 585178.741499999538064, 3812756.319900000467896, 0.0 ], [ 584786.418800000101328, 3812449.520999999716878, 0.0 ], [ 584142.975599999539554, 3811575.814799999818206, 0.0 ], [ 584561.107400000095367, 3810175.802799999713898, 0.0 ], [ 584527.735999999567866, 3809213.303999999538064, 0.0 ], [ 584094.604399999603629, 3809334.500099999830127, 0.0 ], [ 583752.04590000025928, 3809815.104800000786781, 0.0 ], [ 583970.050099999643862, 3808768.102700000628829, 0.0 ], [ 583940.917399999685585, 3808504.095200000330806, 0.0 ], [ 583636.545300000347197, 3808462.093599999323487, 0.0 ], [ 583456.356499999761581, 3809196.297800000756979, 0.0 ], [ 583062.162100000306964, 3809444.098600000143051, 0.0 ], [ 582854.472799999639392, 3808957.105599999427795, 0.0 ], [ 583217.794499999843538, 3808306.094799999147654, 0.0 ], [ 582572.413800000213087, 3807852.795, 0.0 ], [ 581718.46100000012666, 3805915.090399999171495, 0.0 ], [ 580436.530600000172853, 3804405.780799999833107, 0.0 ], [ 579586.890700000338256, 3802967.076899999752641, 0.0 ], [ 578922.330000000074506, 3802633.273499999195337, 0.0 ], [ 578948.774500000290573, 3802362.267300000414252, 0.0 ], [ 578557.391800000332296, 3802105.268400000408292, 0.0 ], [ 578248.080500000156462, 3802239.072000000625849, 0.0 ], [ 578281.385400000028312, 3801798.769500000402331, 0.0 ], [ 577827.762900000438094, 3802147.07039999961853, 0.0 ], [ 576460.57039999961853, 3801509.767400000244379, 0.0 ], [ 575343.690200000070035, 3801684.77309999987483, 0.0 ], [ 573880.49930000025779, 3801500.270300000905991, 0.0 ], [ 573414.862499999813735, 3801736.073599999770522, 0.0 ], [ 572668.741799999959767, 3801071.465900000184774, 0.0 ], [ 571540.795400000177324, 3800850.270199999213219, 0.0 ], [ 571522.357599999755621, 3800511.067600000649691, 0.0 ], [ 571206.985500000417233, 3800260.767400000244379, 0.0 ], [ 569920.347000000067055, 3799610.457000000402331, 0.0 ], [ 568666.840499999932945, 3799212.456599999219179, 0.0 ], [ 568157.714999999850988, 3799368.255699999630451, 0.0 ], [ 567120.522699999623001, 3798559.456700000911951, 0.0 ], [ 564784.067999999970198, 3798345.059900000691414, 0.0 ], [ 567803.396499999798834, 3795650.9945, 0.0 ], [ 570049.65639999974519, 3791404.967700000852346, 0.0 ], [ 569862.2193, 3791203.2179000005126, 0.0 ], [ 564506.641800000332296, 3792096.721799999475479, 0.0 ], [ 551891.462100000120699, 3791162.040899999439716, 0.0 ], [ 552779.511300000362098, 3793574.031199999153614, 0.0 ], [ 552895.325400000438094, 3796602.749299999326468, 0.0 ], [ 550907.440999999642372, 3797696.252399999648333, 0.0 ], [ 549569.934200000017881, 3798990.265599999576807, 0.0 ], [ 549287.067599999718368, 3800060.762900000438094, 0.0 ], [ 549348.994199999608099, 3800381.269099999219179, 0.0 ], [ 550935.634600000455976, 3802122.073000000789762, 0.0 ], [ 546868.929999999701977, 3804275.085999999195337, 0.0 ], [ 546112.675599999725819, 3806199.793700000271201, 0.0 ], [ 545734.857800000347197, 3807938.1085, 0.0 ], [ 544656.543899999931455, 3809622.313999999314547, 0.0 ], [ 543002.972799999639392, 3814242.336500000208616, 0.0 ] ] ] } },
{ "type": "Feature", "properties": { "gouvernorat": "Siliana" }, "geometry": { "type": "Polygon", "coordinates": [ [ [ 524263.389899999834597, 3949711.246600000187755, 0.0 ], [ 524926.087199999950826, 3948430.030300000682473, 0.0 ], [ 527263.598600000143051, 3945854.520199999213219, 0.0 ], [ 527592.164099999703467, 3944755.218000000342727, 0.0 ], [ 528643.853000000119209, 3944454.217499999329448, 0.0 ], [ 531665.624699999578297, 3941759.800899999216199, 0.0 ], [ 533330.568099999800324, 3938506.775100000202656, 0.0 ], [ 534184.825699999928474, 3938666.783399999141693, 0.0 ], [ 535024.57880000025034, 3938443.1776, 0.0 ], [ 535345.450799999758601, 3936883.966399999335408, 0.0 ], [ 535893.142699999734759, 3936779.767000000923872, 0.0 ], [ 536249.769100000150502, 3936034.764499999582767, 0.0 ], [ 536947.461799999698997, 3935559.958499999716878, 0.0 ], [ 538234.843100000172853, 3936019.467199999839067, 0.0 ], [ 537800.21030000038445, 3934526.153100000694394, 0.0 ], [ 536349.082100000232458, 3934180.451899999752641, 0.0 ], [ 535946.583800000138581, 3933514.153999999165535, 0.0 ], [ 536055.891200000420213, 3932973.151200000196695, 0.0 ], [ 536885.46059999987483, 3932862.9528, 0.0 ], [ 538316.155100000090897, 3931791.944900000467896, 0.0 ], [ 539181.602300000376999, 3931481.136299999430776, 0.0 ], [ 538488.535000000149012, 3929130.732200000435114, 0.0 ], [ 538768.037100000306964, 3925844.113399999216199, 0.0 ], [ 538333.965200000442564, 3925464.908700000494719, 0.0 ], [ 530111.049800000153482, 3925100.912100000306964, 0.0 ], [ 529240.795400000177324, 3926350.4145, 0.0 ], [ 529934.802500000223517, 3926867.121999999508262, 0.0 ], [ 529101.22580000013113, 3927654.925899999216199, 0.0 ], [ 529289.545400000177324, 3928510.126499999314547, 0.0 ], [ 527946.290199999697506, 3929193.131300000473857, 0.0 ], [ 527540.04009999986738, 3930142.133300000801682, 0.0 ], [ 526714.033099999651313, 3930613.739900000393391, 0.0 ], [ 526657.589999999850988, 3931115.440500000491738, 0.0 ], [ 525657.025700000114739, 3931562.742000000551343, 0.0 ], [ 525094.705699999816716, 3932872.95240000076592, 0.0 ], [ 525283.46239999961108, 3933307.75620000064373, 0.0 ], [ 524814.700199999846518, 3933676.453199999406934, 0.0 ], [ 523443.763500000350177, 3934065.156400000676513, 0.0 ], [ 519599.645600000396371, 3934526.755200000479817, 0.0 ], [ 518772.080199999734759, 3935860.970899999141693, 0.0 ], [ 518457.516099999658763, 3936884.4682, 0.0 ], [ 517422.294300000183284, 3937739.478900000452995, 0.0 ], [ 516352.035799999721348, 3939139.181600000709295, 0.0 ], [ 516159.6261, 3939131.783099999651313, 0.0 ], [ 516094.475300000049174, 3938297.47829999960959, 0.0 ], [ 515187.914099999703467, 3938091.779200000688434, 0.0 ], [ 515258.309299999848008, 3938958.987400000914931, 0.0 ], [ 514828.937699999660254, 3939355.188999999314547, 0.0 ], [ 514866.687300000339746, 3939851.7906, 0.0 ], [ 514016.866100000217557, 3939557.18889999948442, 0.0 ], [ 511944.261900000274181, 3939681.784399999305606, 0.0 ], [ 510285.758100000210106, 3941616.001299999654293, 0.0 ], [ 509262.187599999830127, 3941401.793800000101328, 0.0 ], [ 509095.340300000272691, 3940748.193199999630451, 0.0 ], [ 508348.807000000029802, 3940151.191500000655651, 0.0 ], [ 507848.240299999713898, 3938788.481499999761581, 0.0 ], [ 507159.799300000071526, 3940041.193399999290705, 0.0 ], [ 506476.206899999640882, 3940738.995200000703335, 0.0 ], [ 501048.202100000344217, 3943613.805600000545382, 0.0 ], [ 499585.604000000283122, 3944872.0164, 0.0 ], [ 497122.375599999912083, 3946046.523900000378489, 0.0 ], [ 496658.181499999947846, 3946762.531899999827147, 0.0 ], [ 496659.088600000366569, 3947168.031600000336766, 0.0 ], [ 497077.435499999672174, 3947718.832499999552965, 0.0 ], [ 497890.752199999988079, 3947845.837400000542402, 0.0 ], [ 498223.028599999845028, 3948242.238800000399351, 0.0 ], [ 499467.25899999961257, 3948868.035000000149012, 0.0 ], [ 499870.977900000289083, 3949427.544099999591708, 0.0 ], [ 500426.396099999547005, 3949359.037599999457598, 0.0 ], [ 501042.735100000165403, 3949926.245300000533462, 0.0 ], [ 501667.023199999704957, 3949002.53830000013113, 0.0 ], [ 503306.58629999961704, 3948175.232200000435114, 0.0 ], [ 503782.473000000230968, 3948332.231000000610948, 0.0 ], [ 503380.692099999636412, 3949669.846000000834465, 0.0 ], [ 502982.654799999669194, 3953190.058700000867248, 0.0 ], [ 502343.870500000193715, 3954206.567399999126792, 0.0 ], [ 501501.899299999698997, 3956716.2804000005126, 0.0 ], [ 501953.963600000366569, 3956993.88539999909699, 0.0 ], [ 503282.879499999806285, 3958938.590199999511242, 0.0 ], [ 502699.622999999672174, 3961276.307299999520183, 0.0 ], [ 503366.657700000330806, 3962763.912699999287724, 0.0 ], [ 502304.026499999687076, 3963790.1195, 0.0 ], [ 501482.018500000238419, 3965084.623099999502301, 0.0 ], [ 502669.871799999848008, 3964846.630300000309944, 0.0 ], [ 503523.972900000400841, 3965293.131899999454618, 0.0 ], [ 503984.060600000433624, 3966533.336300000548363, 0.0 ], [ 504533.245199999772012, 3966725.178300000727177, 0.0 ], [ 502616.84250000026077, 3966516.339600000530481, 0.0 ], [ 502316.873599999584258, 3966795.934299999848008, 0.0 ], [ 502686.652200000360608, 3967173.639499999582767, 0.0 ], [ 502525.43680000025779, 3967569.941099999472499, 0.0 ], [ 502728.376500000245869, 3968100.346100000664592, 0.0 ], [ 503658.999499999918044, 3968780.6513, 0.0 ], [ 504884.478900000452995, 3971633.166500000283122, 0.0 ], [ 507137.767300000414252, 3971406.661299999803305, 0.0 ], [ 508034.936499999836087, 3972193.665500000119209, 0.0 ], [ 509012.973399999551475, 3973656.375900000333786, 0.0 ], [ 509164.384399999864399, 3974227.682700000703335, 0.0 ], [ 508789.221199999563396, 3974630.682900000363588, 0.0 ], [ 508802.472400000318885, 3976720.3893, 0.0 ], [ 509565.909900000318885, 3978617.203700000420213, 0.0 ], [ 509990.342400000430644, 3978894.408900000154972, 0.0 ], [ 510244.975599999539554, 3980476.415699999779463, 0.0 ], [ 512528.707999999634922, 3981619.019300000742078, 0.0 ], [ 514441.944199999794364, 3983155.725099999457598, 0.0 ], [ 514733.255099999718368, 3983941.429500000551343, 0.0 ], [ 514446.034300000406802, 3985202.2401, 0.0 ], [ 514829.534300000406802, 3985797.442199999466538, 0.0 ], [ 513651.114099999889731, 3987403.7544, 0.0 ], [ 514355.873999999836087, 3989055.257400000467896, 0.0 ], [ 514649.724600000306964, 3989276.263599999248981, 0.0 ], [ 513846.311099999584258, 3990637.774299999698997, 0.0 ], [ 514554.154900000430644, 3992842.277899999171495, 0.0 ], [ 513629.114400000311434, 3993980.492799999192357, 0.0 ], [ 512998.61710000038147, 3993744.2895, 0.0 ], [ 512260.486200000159442, 3993805.287499999627471, 0.0 ], [ 511340.014000000432134, 3994565.2972, 0.0 ], [ 510816.597799999639392, 3994456.788599999621511, 0.0 ], [ 510352.758200000040233, 3995036.293999999761581, 0.0 ], [ 510038.474399999715388, 3996205.3026, 0.0 ], [ 509565.226300000213087, 3996320.299900000914931, 0.0 ], [ 508678.718799999915063, 3995718.299100000411272, 0.0 ], [ 508212.718799999915063, 3995822.298499999567866, 0.0 ], [ 506300.1091, 3997212.103499999269843, 0.0 ], [ 505725.205599999986589, 3997901.107300000265241, 0.0 ], [ 503808.308199999853969, 3998286.31110000051558, 0.0 ], [ 503446.849600000306964, 3998818.3158, 0.0 ], [ 502865.802899999544024, 4000737.526000000536442, 0.0 ], [ 503262.347799999639392, 4002848.53830000013113, 0.0 ], [ 503062.591099999845028, 4003466.846000000834465, 0.0 ], [ 504932.322200000286102, 4005539.855799999088049, 0.0 ], [ 504123.565200000070035, 4006037.157500000670552, 0.0 ], [ 503946.031200000084937, 4006404.354900000616908, 0.0 ], [ 503599.530600000172853, 4006375.560399999842048, 0.0 ], [ 503468.90749999973923, 4006765.1634, 0.0 ], [ 504274.976400000043213, 4007614.365499999374151, 0.0 ], [ 503728.529299999587238, 4009529.1765, 0.0 ], [ 503007.030399999581277, 4009676.877499999478459, 0.0 ], [ 502217.30489999987185, 4009466.178999999538064, 0.0 ], [ 501015.334300000220537, 4009809.38120000064373, 0.0 ], [ 500021.82799999974668, 4009578.876800000667572, 0.0 ], [ 499623.856700000353158, 4010737.387700000777841, 0.0 ], [ 498279.71860000025481, 4012660.897199999541044, 0.0 ], [ 497975.280299999751151, 4013913.399299999698997, 0.0 ], [ 497109.997700000181794, 4014852.60359999909997, 0.0 ], [ 497338.524299999698997, 4015165.21169999986887, 0.0 ], [ 496856.436499999836087, 4015082.208100000396371, 0.0 ], [ 496481.182500000111759, 4015845.417099999263883, 0.0 ], [ 495967.991200000047684, 4015705.614700000733137, 0.0 ], [ 495918.548799999989569, 4016246.2179000005126, 0.0 ], [ 496528.95920000039041, 4016413.2149, 0.0 ], [ 496564.713399999774992, 4016713.915400000289083, 0.0 ], [ 495544.457499999552965, 4016732.921599999070168, 0.0 ], [ 494861.35950000025332, 4017640.42200000025332, 0.0 ], [ 494876.358799999579787, 4017833.623800000175834, 0.0 ], [ 495765.867899999953806, 4018202.630999999120831, 0.0 ], [ 495148.08559999987483, 4018509.630200000479817, 0.0 ], [ 495295.926199999637902, 4018950.932900000363588, 0.0 ], [ 496333.836600000038743, 4019780.238900000229478, 0.0 ], [ 496240.839499999769032, 4020097.236099999397993, 0.0 ], [ 496599.593500000424683, 4020264.64299999922514, 0.0 ], [ 496730.620699999853969, 4019970.64130000025034, 0.0 ], [ 496954.496500000357628, 4020182.939200000837445, 0.0 ], [ 496668.990799999795854, 4020844.438400000333786, 0.0 ], [ 497758.471099999733269, 4020408.944499999284744, 0.0 ], [ 497543.995400000363588, 4020920.943299999460578, 0.0 ], [ 498170.0318, 4020567.443199999630451, 0.0 ], [ 498227.71999999973923, 4021302.447799999266863, 0.0 ], [ 498735.724600000306964, 4021533.24210000038147, 0.0 ], [ 498670.0296, 4021867.646099999547005, 0.0 ], [ 498005.559200000017881, 4022207.2489, 0.0 ], [ 498118.602099999785423, 4022932.955299999564886, 0.0 ], [ 497487.659300000406802, 4023414.260099999606609, 0.0 ], [ 497683.622999999672174, 4025101.666400000452995, 0.0 ], [ 497099.962299999780953, 4025156.265599999576807, 0.0 ], [ 496987.339900000020862, 4025444.668600000441074, 0.0 ], [ 497188.053199999965727, 4025739.670199999585748, 0.0 ], [ 496555.873599999584258, 4026068.275299999862909, 0.0 ], [ 496797.090599999763072, 4027124.676300000399351, 0.0 ], [ 496396.24129999987781, 4027419.278200000524521, 0.0 ], [ 496442.92960000038147, 4027830.686699999496341, 0.0 ], [ 495927.017099999822676, 4027812.980100000277162, 0.0 ], [ 496021.770700000226498, 4028346.284700000658631, 0.0 ], [ 494705.446000000461936, 4028862.492599999532104, 0.0 ], [ 494626.227699999697506, 4029573.691999999806285, 0.0 ], [ 494325.384600000455976, 4029362.493699999526143, 0.0 ], [ 493918.606399999931455, 4029736.489800000563264, 0.0 ], [ 493529.532200000248849, 4030728.303600000217557, 0.0 ], [ 493563.002399999648333, 4031517.307600000873208, 0.0 ], [ 493184.689000000245869, 4031987.504599999636412, 0.0 ], [ 493651.447700000368059, 4032270.308800000697374, 0.0 ], [ 493766.14809999987483, 4032749.553999999538064, 0.0 ], [ 495474.424800000153482, 4033502.515100000426173, 0.0 ], [ 498325.631699999794364, 4033973.522099999710917, 0.0 ], [ 500070.544900000095367, 4034638.720499999821186, 0.0 ], [ 500678.176400000229478, 4034609.026399999856949, 0.0 ], [ 500852.865600000135601, 4034101.71680000051856, 0.0 ], [ 501638.146599999628961, 4033796.517000000923872, 0.0 ], [ 502832.217699999921024, 4032509.711500000208616, 0.0 ], [ 503959.472400000318885, 4031916.308700000867248, 0.0 ], [ 504509.448599999770522, 4031897.502499999478459, 0.0 ], [ 505412.917999999597669, 4032430.007200000807643, 0.0 ], [ 506268.676699999719858, 4032613.011, 0.0 ], [ 506296.547899999655783, 4031247.700999999418855, 0.0 ], [ 508019.114699999801815, 4029740.488900000229478, 0.0 ], [ 507971.024500000290573, 4028690.986500000581145, 0.0 ], [ 507594.855100000277162, 4028166.3103, 0.0 ], [ 509456.538499999791384, 4027624.977299999445677, 0.0 ], [ 510049.632399999536574, 4027151.680800000205636, 0.0 ], [ 510236.475999999791384, 4026421.675100000575185, 0.0 ], [ 510625.954199999570847, 4025974.973400000482798, 0.0 ], [ 510668.041199999861419, 4025313.464299999177456, 0.0 ], [ 509955.917700000107288, 4024078.658500000834465, 0.0 ], [ 510271.982699999585748, 4023622.658800000324845, 0.0 ], [ 512246.964599999599159, 4023883.656999999657273, 0.0 ], [ 512500.401999999769032, 4024229.958499999716878, 0.0 ], [ 515527.732900000177324, 4025787.970200000330806, 0.0 ], [ 516693.957399999722838, 4024757.663799999281764, 0.0 ], [ 517328.74280000012368, 4024489.466900000348687, 0.0 ], [ 520312.378499999642372, 4024186.656600000336766, 0.0 ], [ 521675.737700000405312, 4024243.665100000798702, 0.0 ], [ 521924.35950000025332, 4024577.259099999442697, 0.0 ], [ 522184.987399999983609, 4024554.963500000536442, 0.0 ], [ 522753.582899999804795, 4024166.660299999639392, 0.0 ], [ 523635.893099999986589, 4022398.949699999764562, 0.0 ], [ 523679.7034, 4021257.445599999278784, 0.0 ], [ 524315.032800000160933, 4020180.238500000908971, 0.0 ], [ 525947.785699999891222, 4023218.957299999892712, 0.0 ], [ 528985.118900000117719, 4024979.268899999558926, 0.0 ], [ 530738.31940000038594, 4026720.974300000816584, 0.0 ], [ 530294.418399999849498, 4027768.657199999317527, 0.0 ], [ 531184.694299999624491, 4027848.281199999153614, 0.0 ], [ 532132.757699999958277, 4029416.290999999269843, 0.0 ], [ 532036.388199999928474, 4030910.4956, 0.0 ], [ 531446.881099999882281, 4031102.497700000181794, 0.0 ], [ 531702.751299999654293, 4031522.30460000038147, 0.0 ], [ 532563.886300000362098, 4032089.502499999478459, 0.0 ], [ 535029.655299999751151, 4032216.007099999114871, 0.0 ], [ 537923.732900000177324, 4034070.019899999722838, 0.0 ], [ 538910.296099999919534, 4034174.019300000742078, 0.0 ], [ 540611.877100000157952, 4033892.014699999243021, 0.0 ], [ 541095.68819999974221, 4033160.309399999678135, 0.0 ], [ 541425.499200000427663, 4033059.309299999848008, 0.0 ], [ 543173.7027000002563, 4034030.017100000753999, 0.0 ], [ 544348.899000000208616, 4033960.010700000450015, 0.0 ], [ 545732.098000000230968, 4034464.720599999651313, 0.0 ], [ 547342.784400000236928, 4033507.009700000286102, 0.0 ], [ 548410.478799999691546, 4032541.510500000789762, 0.0 ], [ 550102.684100000187755, 4031720.702299999073148, 0.0 ], [ 551111.684200000017881, 4030561.691199999302626, 0.0 ], [ 551754.616399999707937, 4030390.734999999403954, 0.0 ], [ 552643.003999999724329, 4030711.9912, 0.0 ], [ 554335.456799999810755, 4030354.691600000485778, 0.0 ], [ 555808.156700000166893, 4030839.495300000533462, 0.0 ], [ 558611.290000000037253, 4030897.293199999257922, 0.0 ], [ 558928.039800000376999, 4032525.501199999824166, 0.0 ], [ 564512.825799999758601, 4032414.301799999549985, 0.0 ], [ 565840.291199999861419, 4034405.8476, 0.0 ], [ 566152.216500000096858, 4033287.308700000867248, 0.0 ], [ 567008.024699999950826, 4033181.309499999508262, 0.0 ], [ 566646.335099999792874, 4032916.301899999380112, 0.0 ], [ 567472.152700000442564, 4032300.303600000217557, 0.0 ], [ 567454.778400000184774, 4031849.992499999701977, 0.0 ], [ 567155.955599999986589, 4031719.498400000855327, 0.0 ], [ 567398.087799999862909, 4031365.498400000855327, 0.0 ], [ 567224.214800000190735, 4030740.991900000721216, 0.0 ], [ 567517.900200000032783, 4029609.985600000247359, 0.0 ], [ 568078.035199999809265, 4029116.982799999415874, 0.0 ], [ 568043.649799999780953, 4028893.977, 0.0 ], [ 567231.957000000402331, 4028543.676400000229478, 0.0 ], [ 567877.403599999845028, 4026171.465399999171495, 0.0 ], [ 567514.46030000038445, 4024940.25899999961257, 0.0 ], [ 567713.64780000038445, 4023610.451899999752641, 0.0 ], [ 567587.14740000013262, 4022892.943800000473857, 0.0 ], [ 565757.103400000371039, 4022082.37470000050962, 0.0 ], [ 564217.067200000397861, 4020331.631300000473857, 0.0 ], [ 564994.134700000286102, 4018204.921800000593066, 0.0 ], [ 563693.254399999976158, 4017426.216099999845028, 0.0 ], [ 563128.311700000427663, 4016813.6075, 0.0 ], [ 561748.246399999596179, 4017165.2182, 0.0 ], [ 560220.603900000452995, 4015367.404200000688434, 0.0 ], [ 558003.159900000318885, 4015222.603399999439716, 0.0 ], [ 552765.063900000415742, 4012174.887499999254942, 0.0 ], [ 556475.153699999675155, 4009220.871099999174476, 0.0 ], [ 557524.03110000025481, 4009733.369400000199676, 0.0 ], [ 557930.223899999633431, 4010251.376800000667572, 0.0 ], [ 558679.478099999949336, 4008537.165699999779463, 0.0 ], [ 559387.791699999943376, 4007883.864800000563264, 0.0 ], [ 560625.236100000329316, 4007543.8618, 0.0 ], [ 561244.914599999785423, 4006721.8542, 0.0 ], [ 562819.690200000070035, 4006587.150499999523163, 0.0 ], [ 564633.818799999542534, 4005331.848400000482798, 0.0 ], [ 564438.877399999648333, 4004082.135600000619888, 0.0 ], [ 564878.935600000433624, 4003170.136, 0.0 ], [ 565074.32149999961257, 4001424.121400000527501, 0.0 ], [ 566867.951100000180304, 4001044.515900000929832, 0.0 ], [ 568512.527800000272691, 4000055.311300000175834, 0.0 ], [ 569155.723600000143051, 3999290.512499999254942, 0.0 ], [ 567882.210799999535084, 3995900.293600000441074, 0.0 ], [ 567687.524600000120699, 3993329.272399999201298, 0.0 ], [ 565438.935499999672174, 3991107.062899999320507, 0.0 ], [ 564070.620400000363588, 3990321.458799999207258, 0.0 ], [ 563022.682799999602139, 3988567.246200000867248, 0.0 ], [ 559596.473399999551475, 3986372.241499999538064, 0.0 ], [ 559059.278300000354648, 3985570.430299999192357, 0.0 ], [ 557694.715099999681115, 3984866.429999999701977, 0.0 ], [ 557378.518099999986589, 3984274.027300000190735, 0.0 ], [ 555147.262299999594688, 3982599.719200000166893, 0.0 ], [ 554078.437599999830127, 3979867.00029999949038, 0.0 ], [ 553238.247200000099838, 3979407.20160000026226, 0.0 ], [ 551163.292200000025332, 3977231.692700000479817, 0.0 ], [ 547095.025000000372529, 3974386.176899999380112, 0.0 ], [ 546745.902099999599159, 3973527.96680000051856, 0.0 ], [ 546089.586900000460446, 3973273.167400000616908, 0.0 ], [ 544207.817200000397861, 3973230.966199999675155, 0.0 ], [ 543851.503899999894202, 3972585.663899999111891, 0.0 ], [ 544376.073800000362098, 3969056.942500000819564, 0.0 ], [ 546693.209800000302494, 3967715.137700000777841, 0.0 ], [ 546518.644199999980628, 3966646.329500000923872, 0.0 ], [ 547187.459699999541044, 3965938.329500000923872, 0.0 ], [ 547181.646300000138581, 3964932.318600000813603, 0.0 ], [ 546914.899799999780953, 3963952.612700000405312, 0.0 ], [ 545944.449000000022352, 3963036.114399999380112, 0.0 ], [ 545826.013199999928474, 3961666.905600000172853, 0.0 ], [ 545262.200199999846518, 3960542.29839999973774, 0.0 ], [ 546105.82050000037998, 3959477.88910000026226, 0.0 ], [ 543660.188500000163913, 3959666.092299999669194, 0.0 ], [ 544666.945600000210106, 3958658.091600000858307, 0.0 ], [ 545477.013199999928474, 3956957.278300000354648, 0.0 ], [ 546305.955799999646842, 3956289.57039999961853, 0.0 ], [ 547757.149799999780953, 3955829.071399999782443, 0.0 ], [ 548228.657999999821186, 3955453.065700000151992, 0.0 ], [ 548596.655299999751151, 3954885.068099999800324, 0.0 ], [ 548366.908400000073016, 3954512.561899999156594, 0.0 ], [ 547080.087799999862909, 3954058.861999999731779, 0.0 ], [ 547274.088700000196695, 3953548.863099999725819, 0.0 ], [ 546973.764999999664724, 3953162.059699999168515, 0.0 ], [ 546683.707799999974668, 3953576.857599999755621, 0.0 ], [ 545160.947499999776483, 3953126.557, 0.0 ], [ 543457.569500000216067, 3953249.2631, 0.0 ], [ 542323.619400000199676, 3953045.553600000217557, 0.0 ], [ 542487.869300000369549, 3952675.256999999284744, 0.0 ], [ 542328.179299999959767, 3952528.056099999696016, 0.0 ], [ 541109.486299999989569, 3952081.054999999701977, 0.0 ], [ 541266.553899999707937, 3951353.848999999463558, 0.0 ], [ 540766.292200000025332, 3950992.550599999725819, 0.0 ], [ 540306.361200000159442, 3951079.24349999986589, 0.0 ], [ 539601.857099999673665, 3950790.85080000013113, 0.0 ], [ 538979.045199999585748, 3951103.2489, 0.0 ], [ 538318.038099999539554, 3950689.241100000217557, 0.0 ], [ 537115.589399999938905, 3949145.537000000476837, 0.0 ], [ 535870.583700000308454, 3948513.2324, 0.0 ], [ 534606.447800000198185, 3948998.836500000208616, 0.0 ], [ 533118.823499999940395, 3950028.542700000107288, 0.0 ], [ 530732.059500000439584, 3953101.064400000497699, 0.0 ], [ 529559.362099999561906, 3952700.553899999707937, 0.0 ], [ 526921.155899999663234, 3952946.255599999800324, 0.0 ], [ 526336.283099999651313, 3952334.556800000369549, 0.0 ], [ 525273.206600000150502, 3952181.25730000063777, 0.0 ], [ 524708.082700000144541, 3951527.046900000423193, 0.0 ], [ 524263.389899999834597, 3949711.246600000187755, 0.0 ] ] ] } },
{ "type": "Feature", "properties": { "gouvernorat": "Sousse" }, "geometry": { "type": "Polygon", "coordinates": [ [ [ 635331.927799999713898, 3930569.901499999687076, 0.0 ], [ 635664.120900000445545, 3929078.396800000220537, 0.0 ], [ 635328.232400000095367, 3928120.886700000613928, 0.0 ], [ 635690.424700000323355, 3928164.887800000607967, 0.0 ], [ 635540.67920000012964, 3927751.689799999818206, 0.0 ], [ 635989.370799999684095, 3927409.687300000339746, 0.0 ], [ 636276.682300000451505, 3927484.38230000063777, 0.0 ], [ 635911.620099999941885, 3927101.378499999642372, 0.0 ], [ 635869.557500000111759, 3926484.380699999630451, 0.0 ], [ 636296.991499999538064, 3926673.383099999278784, 0.0 ], [ 636759.61849999986589, 3926259.074899999424815, 0.0 ], [ 637150.803700000047684, 3926534.380100000649691, 0.0 ], [ 638896.136800000444055, 3926814.673499999567866, 0.0 ], [ 639564.638299999758601, 3925408.371899999678135, 0.0 ], [ 640175.386800000444055, 3925613.370799999684095, 0.0 ], [ 639855.141499999910593, 3926209.672900000587106, 0.0 ], [ 640361.818199999630451, 3925901.873500000685453, 0.0 ], [ 640078.885700000450015, 3926645.876299999654293, 0.0 ], [ 641343.144899999722838, 3926045.374500000849366, 0.0 ], [ 640659.454199999570847, 3927026.3805, 0.0 ], [ 640611.323200000450015, 3927580.380799999460578, 0.0 ], [ 641227.893400000408292, 3927989.879300000146031, 0.0 ], [ 641399.828700000420213, 3928506.886700000613928, 0.0 ], [ 642042.834800000302494, 3928362.08500000089407, 0.0 ], [ 643222.970099999569356, 3928930.391699999570847, 0.0 ], [ 644396.912200000137091, 3928358.884199999272823, 0.0 ], [ 645643.690600000321865, 3928361.263000000268221, 0.0 ], [ 645639.542100000195205, 3927103.6722999997437, 0.0 ], [ 646125.851300000213087, 3926583.875, 0.0 ], [ 646062.917799999937415, 3925202.668700000271201, 0.0 ], [ 645194.7818, 3924158.656099999323487, 0.0 ], [ 644700.720999999903142, 3923887.360200000926852, 0.0 ], [ 644423.222299999557436, 3924097.8586, 0.0 ], [ 644389.339700000360608, 3923856.856499999761581, 0.0 ], [ 644110.645399999804795, 3924246.689300000667572, 0.0 ], [ 643837.904199999757111, 3923904.857300000265241, 0.0 ], [ 643996.662200000137091, 3923750.357699999585748, 0.0 ], [ 642562.207200000062585, 3923256.056600000709295, 0.0 ], [ 642359.456899999640882, 3922587.849199999123812, 0.0 ], [ 642520.457299999892712, 3921563.852, 0.0 ], [ 641683.011300000362098, 3918484.0329, 0.0 ], [ 639461.074599999934435, 3919167.638699999079108, 0.0 ], [ 638182.994800000451505, 3918921.338300000876188, 0.0 ], [ 636802.740500000305474, 3919119.339800000190735, 0.0 ], [ 635579.924999999813735, 3919790.847500000149012, 0.0 ], [ 635174.169900000095367, 3920272.042300000786781, 0.0 ], [ 634979.551199999637902, 3921398.0493, 0.0 ], [ 632964.776300000026822, 3922826.057399999350309, 0.0 ], [ 632924.718100000172853, 3923385.066600000485778, 0.0 ], [ 632197.843799999915063, 3924820.67259999923408, 0.0 ], [ 632236.970999999903142, 3925548.8783, 0.0 ], [ 631724.712199999950826, 3926343.380999999120831, 0.0 ], [ 631369.462899999693036, 3926652.879899999126792, 0.0 ], [ 630819.033200000412762, 3926339.88230000063777, 0.0 ], [ 629580.954699999652803, 3927085.085200000554323, 0.0 ], [ 628999.949900000356138, 3928218.690899999812245, 0.0 ], [ 627583.322399999946356, 3927398.0844, 0.0 ], [ 626822.070299999788404, 3927529.888599999248981, 0.0 ], [ 626498.938900000415742, 3927955.894300000742078, 0.0 ], [ 626187.318400000222027, 3927597.685399999842048, 0.0 ], [ 626434.876799999736249, 3928228.3904, 0.0 ], [ 626189.009200000204146, 3928292.697799999266863, 0.0 ], [ 625157.003100000321865, 3927992.887700000777841, 0.0 ], [ 624964.559999999590218, 3927322.890699999406934, 0.0 ], [ 625575.935300000011921, 3927775.090600000694394, 0.0 ], [ 625982.81209999974817, 3927691.3871, 0.0 ], [ 625601.184000000357628, 3927630.8893, 0.0 ], [ 624937.496899999678135, 3926933.687699999660254, 0.0 ], [ 624877.235700000077486, 3926697.084699999541044, 0.0 ], [ 625632.740600000135601, 3926703.683000000193715, 0.0 ], [ 625635.065799999982119, 3926515.080299999564886, 0.0 ], [ 625440.74309999961406, 3926020.878399999812245, 0.0 ], [ 624849.999200000427663, 3925920.67850000038743, 0.0 ], [ 624318.61739999987185, 3925337.6744, 0.0 ], [ 623378.166799999773502, 3927774.092000000178814, 0.0 ], [ 622639.986600000411272, 3927589.888900000602007, 0.0 ], [ 622163.984699999913573, 3928100.897900000214577, 0.0 ], [ 622099.543300000019372, 3928738.901499999687076, 0.0 ], [ 621075.099000000394881, 3928757.398299999535084, 0.0 ], [ 619508.282200000248849, 3930886.107300000265241, 0.0 ], [ 619066.030299999751151, 3930559.912200000137091, 0.0 ], [ 618792.028300000354648, 3931604.115399999544024, 0.0 ], [ 618311.333899999968708, 3931080.10950000025332, 0.0 ], [ 617775.705900000408292, 3931294.717199999839067, 0.0 ], [ 618475.963499999605119, 3932049.417300000786781, 0.0 ], [ 618177.338899999856949, 3932432.721599999815226, 0.0 ], [ 617254.772599999792874, 3932750.418999999761581, 0.0 ], [ 617018.957299999892712, 3934077.926100000739098, 0.0 ], [ 617736.465200000442564, 3934264.128900000825524, 0.0 ], [ 617855.832999999634922, 3935245.934299999848008, 0.0 ], [ 618543.589900000020862, 3935794.13539999909699, 0.0 ], [ 618464.281200000084937, 3936336.737800000235438, 0.0 ], [ 619011.148699999786913, 3936562.442800000309944, 0.0 ], [ 619727.905899999663234, 3936184.437300000339746, 0.0 ], [ 619109.340900000184774, 3936857.744300000369549, 0.0 ], [ 619022.404799999669194, 3937279.4408, 0.0 ], [ 619910.973000000230968, 3936393.935799999162555, 0.0 ], [ 620129.654000000096858, 3936492.936000000685453, 0.0 ], [ 619903.782700000330806, 3936770.7412, 0.0 ], [ 620105.848600000143051, 3937301.145899999886751, 0.0 ], [ 619789.033499999903142, 3937731.150900000706315, 0.0 ], [ 619895.216099999845028, 3938526.953199999406934, 0.0 ], [ 620397.159900000318885, 3938556.447100000455976, 0.0 ], [ 620494.91509999986738, 3938785.151799999177456, 0.0 ], [ 620296.906700000166893, 3939032.9527000002563, 0.0 ], [ 619781.909699999727309, 3938961.4572, 0.0 ], [ 618338.713600000366569, 3937730.641699999570847, 0.0 ], [ 614743.764399999752641, 3943474.985500000417233, 0.0 ], [ 614622.954699999652803, 3945171.78940000012517, 0.0 ], [ 613288.878499999642372, 3948301.810100000351667, 0.0 ], [ 612403.625199999660254, 3949545.214199999347329, 0.0 ], [ 613534.186900000087917, 3951330.519999999552965, 0.0 ], [ 613453.946800000034273, 3952546.529200000688434, 0.0 ], [ 612933.623200000263751, 3953080.033800000324845, 0.0 ], [ 612430.443099999800324, 3954255.841199999675155, 0.0 ], [ 611387.181599999777973, 3954633.546800000593066, 0.0 ], [ 611253.804100000299513, 3954189.5449, 0.0 ], [ 610571.365899999625981, 3953986.045499999076128, 0.0 ], [ 610061.934999999590218, 3954137.245799999684095, 0.0 ], [ 609729.296099999919534, 3954699.544600000604987, 0.0 ], [ 609085.490199999883771, 3955130.049599999561906, 0.0 ], [ 608706.856499999761581, 3957530.864299999549985, 0.0 ], [ 607243.162499999627471, 3959233.567800000309944, 0.0 ], [ 606855.037100000306964, 3960241.078400000929832, 0.0 ], [ 605852.782399999909103, 3960519.583699999377131, 0.0 ], [ 605973.345800000242889, 3961018.584899999201298, 0.0 ], [ 605372.838999999687076, 3961514.08699999935925, 0.0 ], [ 604640.522300000302494, 3963132.296800000593066, 0.0 ], [ 605181.840499999932945, 3963898.295, 0.0 ], [ 604571.529299999587238, 3964085.298100000247359, 0.0 ], [ 604476.7182, 3964331.299499999731779, 0.0 ], [ 604720.219800000078976, 3965441.6096, 0.0 ], [ 605595.034699999727309, 3965896.609200000762939, 0.0 ], [ 605544.413399999961257, 3966512.917099999263883, 0.0 ], [ 605952.477800000458956, 3966722.315500000491738, 0.0 ], [ 606506.478400000371039, 3967533.11460000090301, 0.0 ], [ 606036.537399999797344, 3968651.623400000855327, 0.0 ], [ 606447.785400000400841, 3970210.934499999508262, 0.0 ], [ 607838.051199999637902, 3971692.140599999576807, 0.0 ], [ 608311.670800000429153, 3972482.344000000506639, 0.0 ], [ 608356.74309999961406, 3973107.6502, 0.0 ], [ 609522.810999999754131, 3973371.647299999371171, 0.0 ], [ 610089.255300000309944, 3975522.961100000888109, 0.0 ], [ 610906.942300000227988, 3975320.960899999365211, 0.0 ], [ 612688.081299999728799, 3979583.985999999567866, 0.0 ], [ 613307.7034, 3982006.996200000867248, 0.0 ], [ 612868.521099999547005, 3986563.424499999731779, 0.0 ], [ 612992.275999999605119, 3987685.4222999997437, 0.0 ], [ 607404.80379999987781, 3989706.445000000298023, 0.0 ], [ 607375.864799999631941, 3998976.790500000119209, 0.0 ], [ 606910.112200000323355, 3999032.789599999785423, 0.0 ], [ 606480.675200000405312, 4000897.300899999216199, 0.0 ], [ 607260.86809999961406, 4000216.805099999532104, 0.0 ], [ 607822.56180000025779, 4000159.496400000527501, 0.0 ], [ 608905.874099999666214, 4000483.301799999549985, 0.0 ], [ 609370.505499999970198, 4000942.300599999725819, 0.0 ], [ 609517.817800000309944, 3999826.501499999314547, 0.0 ], [ 610285.955500000156462, 3999682.7994, 0.0 ], [ 610554.136400000192225, 3999241.096699999645352, 0.0 ], [ 611090.135800000280142, 3999291.796499999240041, 0.0 ], [ 611292.268000000156462, 4000868.804300000891089, 0.0 ], [ 612208.774400000460446, 4001544.110300000756979, 0.0 ], [ 612857.899100000038743, 4001366.30519999936223, 0.0 ], [ 613861.408400000073016, 4003138.814099999144673, 0.0 ], [ 613187.282999999821186, 4005134.129599999636412, 0.0 ], [ 612808.400999999605119, 4005609.125800000503659, 0.0 ], [ 612828.900899999774992, 4006844.331399999558926, 0.0 ], [ 612435.531000000424683, 4007550.341900000348687, 0.0 ], [ 612566.896599999628961, 4008220.139399999752641, 0.0 ], [ 614816.351700000464916, 4009811.1535, 0.0 ], [ 614695.351099999621511, 4008885.146800000220537, 0.0 ], [ 614914.411000000312924, 4007956.1404, 0.0 ], [ 616193.299300000071526, 4008223.147099999710917, 0.0 ], [ 616933.491399999707937, 4007361.137299999594688, 0.0 ], [ 618023.928199999965727, 4007900.8399, 0.0 ], [ 618152.37430000025779, 4007479.833200000226498, 0.0 ], [ 618769.249900000169873, 4008478.145400000736117, 0.0 ], [ 619175.747600000351667, 4008421.846300000324845, 0.0 ], [ 620117.44510000012815, 4008962.548900000751019, 0.0 ], [ 620951.888600000180304, 4010011.151000000536442, 0.0 ], [ 621687.331299999728799, 4009979.346899999305606, 0.0 ], [ 622705.649100000038743, 4009314.347899999469519, 0.0 ], [ 622980.089200000278652, 4010043.153699999675155, 0.0 ], [ 623748.532200000248849, 4010092.55350000038743, 0.0 ], [ 624005.656700000166893, 4012375.861700000241399, 0.0 ], [ 624805.7807, 4013320.564400000497699, 0.0 ], [ 624053.219700000248849, 4013555.868300000205636, 0.0 ], [ 622813.458599999547005, 4014507.570699999108911, 0.0 ], [ 623576.220499999821186, 4015425.878599999472499, 0.0 ], [ 623506.905899999663234, 4016308.384099999442697, 0.0 ], [ 623988.969600000418723, 4017399.888000000268221, 0.0 ], [ 623397.599499999545515, 4018263.397399999201298, 0.0 ], [ 623825.28139999974519, 4019256.60080000013113, 0.0 ], [ 623592.912299999967217, 4019468.598999999463558, 0.0 ], [ 624229.165500000119209, 4019983.206800000742078, 0.0 ], [ 622717.216199999675155, 4021830.612299999222159, 0.0 ], [ 623163.716000000014901, 4024226.428300000727177, 0.0 ], [ 623706.279799999669194, 4025389.238099999725819, 0.0 ], [ 623744.227500000037253, 4025800.606599999591708, 0.0 ], [ 623502.854000000283122, 4025901.636800000444055, 0.0 ], [ 623775.974399999715388, 4026219.94370000064373, 0.0 ], [ 624287.046699999831617, 4026510.645999999716878, 0.0 ], [ 625275.613400000147521, 4025850.436000000685453, 0.0 ], [ 627150.564399999566376, 4025941.637000000104308, 0.0 ], [ 630317.142900000326335, 4024770.926799999549985, 0.0 ], [ 632165.269000000320375, 4023190.418400000780821, 0.0 ], [ 634978.670699999667704, 4027518.440999999642372, 0.0 ], [ 637264.298600000329316, 4025155.926999999210238, 0.0 ], [ 636526.422500000335276, 4023734.418299999088049, 0.0 ], [ 637062.367899999953806, 4023433.270999999716878, 0.0 ], [ 634916.331799999810755, 4018255.025800000876188, 0.0 ], [ 633402.73340000025928, 4013208.446699999272823, 0.0 ], [ 632122.347400000318885, 4006540.528999999165535, 0.0 ], [ 631875.683400000445545, 4002181.087600000202656, 0.0 ], [ 632012.921799999661744, 3998472.042700000107288, 0.0 ], [ 632578.501799999736249, 3994453.250499999150634, 0.0 ], [ 633330.973100000061095, 3991307.733999999240041, 0.0 ], [ 633844.737900000065565, 3989932.620300000533462, 0.0 ], [ 634633.4222999997437, 3988765.67119999974966, 0.0 ], [ 635191.760700000450015, 3988382.609200000762939, 0.0 ], [ 635926.886599999852479, 3988367.398800000548363, 0.0 ], [ 636264.394199999980628, 3988187.998099999502301, 0.0 ], [ 635887.583499999716878, 3988227.463300000876188, 0.0 ], [ 636264.275299999862909, 3987867.668199999257922, 0.0 ], [ 636602.885800000280142, 3987775.168700000271201, 0.0 ], [ 636984.898400000296533, 3985336.832000000402331, 0.0 ], [ 637949.690600000321865, 3982196.556399999186397, 0.0 ], [ 639678.891499999910593, 3979037.870100000873208, 0.0 ], [ 642127.053199999965727, 3976149.419700000435114, 0.0 ], [ 643182.135900000110269, 3974242.468699999153614, 0.0 ], [ 644540.074699999764562, 3972798.488600000739098, 0.0 ], [ 644079.512199999764562, 3972986.274700000882149, 0.0 ], [ 644475.528900000266731, 3972758.534, 0.0 ], [ 644428.769000000320375, 3971803.5406, 0.0 ], [ 644697.169200000353158, 3971027.136099999770522, 0.0 ], [ 645968.372899999842048, 3969461.722100000828505, 0.0 ], [ 646629.704300000332296, 3967917.585200000554323, 0.0 ], [ 648540.576700000092387, 3965802.171499999240041, 0.0 ], [ 649201.436999999918044, 3965524.570699999108911, 0.0 ], [ 648810.24309999961406, 3965554.669800000265241, 0.0 ], [ 648816.297600000165403, 3965388.648399999365211, 0.0 ], [ 648283.333999999798834, 3965594.86570000089705, 0.0 ], [ 648313.866100000217557, 3964858.224999999627471, 0.0 ], [ 648824.33490000013262, 3965319.337899999693036, 0.0 ], [ 648784.168399999849498, 3964128.665100000798702, 0.0 ], [ 649228.786399999633431, 3963593.478399999439716, 0.0 ], [ 651517.645800000056624, 3961861.1469, 0.0 ], [ 651713.269199999980628, 3961749.557199999690056, 0.0 ], [ 651877.352300000376999, 3961800.710200000554323, 0.0 ], [ 652069.957999999634922, 3961733.646600000560284, 0.0 ], [ 651655.858, 3961651.222500000149012, 0.0 ], [ 651919.00690000038594, 3961360.096000000834465, 0.0 ], [ 651852.953499999828637, 3961582.966700000688434, 0.0 ], [ 651971.587899999693036, 3961627.783900000154972, 0.0 ], [ 652149.589900000020862, 3961239.75789999961853, 0.0 ], [ 652379.116100000217557, 3961346.406099999323487, 0.0 ], [ 652095.544999999925494, 3961168.438400000333786, 0.0 ], [ 651869.576999999582767, 3960470.041300000622869, 0.0 ], [ 652184.05350000038743, 3961189.2347999997437, 0.0 ], [ 652400.926599999889731, 3961102.536299999803305, 0.0 ], [ 651620.404699999839067, 3959728.845599999651313, 0.0 ], [ 650416.339599999599159, 3959265.847999999299645, 0.0 ], [ 650678.46750000026077, 3958022.244100000709295, 0.0 ], [ 649648.645299999974668, 3956145.836500000208616, 0.0 ], [ 648123.567999999970198, 3956144.227700000628829, 0.0 ], [ 648334.818099999800324, 3953866.018699999898672, 0.0 ], [ 648755.81969999987632, 3953079.214299999177456, 0.0 ], [ 648098.37459999974817, 3952323.214500000700355, 0.0 ], [ 648480.818500000052154, 3951733.011099999770522, 0.0 ], [ 647959.315299999900162, 3951374.002599999308586, 0.0 ], [ 648536.567999999970198, 3950220.000700000673532, 0.0 ], [ 647179.005699999630451, 3949714.001800000667572, 0.0 ], [ 647727.257500000298023, 3948206.190099999308586, 0.0 ], [ 648523.067599999718368, 3947198.979100000113249, 0.0 ], [ 648605.699300000444055, 3946384.780300000682473, 0.0 ], [ 647856.63399999961257, 3945811.97440000064671, 0.0 ], [ 647971.8125, 3945604.975199999287724, 0.0 ], [ 647590.308100000023842, 3945437.97859999909997, 0.0 ], [ 646476.996700000017881, 3943998.764399999752641, 0.0 ], [ 646595.432099999859929, 3943566.459899999201298, 0.0 ], [ 645533.361499999649823, 3943343.964600000530481, 0.0 ], [ 646241.549800000153482, 3940726.152799999341369, 0.0 ], [ 645581.548600000329316, 3940411.145500000566244, 0.0 ], [ 642067.909300000406802, 3940134.152599999681115, 0.0 ], [ 640846.651600000448525, 3939609.147299999371171, 0.0 ], [ 640410.270499999634922, 3939014.945299999788404, 0.0 ], [ 639402.390399999916553, 3936138.425699999555945, 0.0 ], [ 640358.648400000296533, 3934196.120100000873208, 0.0 ], [ 639745.887500000186265, 3933072.712999999523163, 0.0 ], [ 636426.619599999859929, 3931495.707299999892712, 0.0 ], [ 635331.927799999713898, 3930569.901499999687076, 0.0 ] ], [ [ 610023.677799999713898, 3962175.883899999782443, 0.0 ], [ 612033.37430000025779, 3962430.582499999552965, 0.0 ], [ 613971.323099999688566, 3961994.887800000607967, 0.0 ], [ 615109.396099999547005, 3962198.886900000274181, 0.0 ], [ 615143.427000000141561, 3962423.002499999478459, 0.0 ], [ 615835.966099999845028, 3961902.285299999639392, 0.0 ], [ 616548.279400000348687, 3962690.288899999111891, 0.0 ], [ 616892.536799999885261, 3962034.878499999642372, 0.0 ], [ 617639.787700000219047, 3962460.283900000154972, 0.0 ], [ 619989.489099999889731, 3966796.604100000113249, 0.0 ], [ 621524.058100000023842, 3968211.613099999725819, 0.0 ], [ 621777.124900000169873, 3968860.114499999210238, 0.0 ], [ 621342.559299999848008, 3971124.126599999144673, 0.0 ], [ 619972.176199999637902, 3973605.346100000664592, 0.0 ], [ 620369.496399999596179, 3974224.643300000578165, 0.0 ], [ 620286.237700000405312, 3974427.353199999779463, 0.0 ], [ 619364.4216, 3974690.351600000634789, 0.0 ], [ 618665.607400000095367, 3975194.951999999582767, 0.0 ], [ 618312.856200000271201, 3974668.956399999558926, 0.0 ], [ 617625.602699999697506, 3975118.657600000500679, 0.0 ], [ 617297.218100000172853, 3974507.148900000378489, 0.0 ], [ 617419.042700000107288, 3974110.647199999541044, 0.0 ], [ 616380.596800000406802, 3974732.154799999669194, 0.0 ], [ 616194.404199999757111, 3973726.643899999558926, 0.0 ], [ 615442.650799999944866, 3972880.1418999992311, 0.0 ], [ 614615.967199999839067, 3972648.338199999183416, 0.0 ], [ 613831.197100000455976, 3971667.6327, 0.0 ], [ 611957.763399999588728, 3970720.331199999898672, 0.0 ], [ 609798.748999999836087, 3967812.117900000885129, 0.0 ], [ 608628.302299999631941, 3967028.913499999791384, 0.0 ], [ 607704.423600000329316, 3965126.900499999523163, 0.0 ], [ 607504.352699999697506, 3963142.893500000238419, 0.0 ], [ 607979.101300000213087, 3962255.588999999687076, 0.0 ], [ 609094.242499999701977, 3962414.886900000274181, 0.0 ], [ 610023.677799999713898, 3962175.883899999782443, 0.0 ] ] ] } },
{ "type": "Feature", "properties": { "gouvernorat": "Tataouine" }, "geometry": { "type": "Polygon", "coordinates": [ [ [ 566848.910400000400841, 3628141.497500000521541, 0.0 ], [ 567388.661000000312924, 3628678.00029999949038, 0.0 ], [ 567870.533400000073016, 3628284.6985, 0.0 ], [ 569229.792200000025332, 3628362.702600000426173, 0.0 ], [ 569693.424599999561906, 3627384.29759999923408, 0.0 ], [ 570015.425999999977648, 3627380.498299999162555, 0.0 ], [ 570304.485500000417233, 3627987.697100000455976, 0.0 ], [ 570786.67949999962002, 3627507.2928, 0.0 ], [ 571512.926900000311434, 3627371.989499999210238, 0.0 ], [ 572149.491499999538064, 3625233.685900000855327, 0.0 ], [ 572308.743999999947846, 3625018.988700000569224, 0.0 ], [ 572685.55599999986589, 3625400.4824, 0.0 ], [ 573051.804700000211596, 3624488.284299999475479, 0.0 ], [ 573640.997200000099838, 3624095.682399999350309, 0.0 ], [ 575003.627100000157952, 3620507.967800000682473, 0.0 ], [ 577329.508799999952316, 3620410.466399999335408, 0.0 ], [ 578001.448599999770522, 3619756.456599999219179, 0.0 ], [ 578892.143000000156462, 3618014.653899999335408, 0.0 ], [ 580749.58420000039041, 3617417.45240000076592, 0.0 ], [ 581273.33739999961108, 3616762.442900000140071, 0.0 ], [ 583581.473500000312924, 3615930.94789999909699, 0.0 ], [ 584688.597099999897182, 3613697.433199999853969, 0.0 ], [ 585524.168100000359118, 3613023.427300000563264, 0.0 ], [ 588171.613599999807775, 3611654.429500000551343, 0.0 ], [ 588891.181900000199676, 3611939.9222999997437, 0.0 ], [ 589002.616799999959767, 3612217.626800000667572, 0.0 ], [ 590121.870900000445545, 3612232.9232, 0.0 ], [ 591219.372499999590218, 3612576.624299999326468, 0.0 ], [ 591574.877299999818206, 3613184.232799999415874, 0.0 ], [ 590978.8739, 3614038.932499999180436, 0.0 ], [ 590092.615500000305474, 3614594.432, 0.0 ], [ 589773.368300000205636, 3615229.635500000789762, 0.0 ], [ 587224.238400000147521, 3616286.2456, 0.0 ], [ 584205.910600000061095, 3619804.954700000584126, 0.0 ], [ 583567.284400000236928, 3621105.965399999171495, 0.0 ], [ 582707.527999999932945, 3621420.462899999693036, 0.0 ], [ 583451.224000000394881, 3622091.268899999558926, 0.0 ], [ 586223.110700000077486, 3627099.288599999621511, 0.0 ], [ 585326.355200000107288, 3627726.693800000473857, 0.0 ], [ 584817.60190000012517, 3629844.70160000026226, 0.0 ], [ 584934.042100000195205, 3630148.300899999216199, 0.0 ], [ 585394.739099999889731, 3629955.299200000241399, 0.0 ], [ 586109.549599999561906, 3630148.3004, 0.0 ], [ 587839.493300000205636, 3629498.999399999156594, 0.0 ], [ 588155.871199999935925, 3629633.692399999126792, 0.0 ], [ 590035.759300000034273, 3632620.005899999290705, 0.0 ], [ 591792.387799999676645, 3634409.518200000748038, 0.0 ], [ 591636.887099999934435, 3634983.7138, 0.0 ], [ 590463.202200000174344, 3635866.718100000172853, 0.0 ], [ 590461.198699999600649, 3636405.720599999651313, 0.0 ], [ 589039.93099999986589, 3636517.528899999335408, 0.0 ], [ 587770.750900000333786, 3638355.032999999821186, 0.0 ], [ 587372.871299999766052, 3639523.7401, 0.0 ], [ 587524.059700000099838, 3640099.535199999809265, 0.0 ], [ 587932.371000000275671, 3640250.044800000265241, 0.0 ], [ 588077.81209999974817, 3640995.346200000494719, 0.0 ], [ 587086.188000000081956, 3642387.348999999463558, 0.0 ], [ 587274.92850000038743, 3643866.754000000655651, 0.0 ], [ 586499.000099999830127, 3644987.560699999332428, 0.0 ], [ 587061.691100000403821, 3646237.761199999600649, 0.0 ], [ 587597.36809999961406, 3646486.571399999782443, 0.0 ], [ 589273.697499999776483, 3646504.367200000211596, 0.0 ], [ 590024.0148, 3646769.563999999314547, 0.0 ], [ 590344.441499999724329, 3647181.771600000560284, 0.0 ], [ 590392.441100000403821, 3648024.073699999600649, 0.0 ], [ 590110.514700000174344, 3648253.76799999922514, 0.0 ], [ 589103.437300000339746, 3648300.5691, 0.0 ], [ 588775.375199999660254, 3648566.076199999079108, 0.0 ], [ 588418.502299999818206, 3649699.08049999922514, 0.0 ], [ 586753.865799999795854, 3650656.780300000682473, 0.0 ], [ 584969.548999999649823, 3652199.393300000578165, 0.0 ], [ 585175.111499999649823, 3654649.104900000616908, 0.0 ], [ 584272.987900000065565, 3655343.4068, 0.0 ], [ 583645.921699999831617, 3654914.402599999681115, 0.0 ], [ 582814.671400000341237, 3655803.805500000715256, 0.0 ], [ 583479.487700000405312, 3657064.813999999314547, 0.0 ], [ 584091.24129999987781, 3657488.609200000762939, 0.0 ], [ 585401.189899999648333, 3657614.113800000399351, 0.0 ], [ 585514.430399999953806, 3657081.409900000318885, 0.0 ], [ 586823.751899999566376, 3656208.103399999439716, 0.0 ], [ 587633.563099999912083, 3656313.412100000306964, 0.0 ], [ 588825.703300000168383, 3657537.407600000500679, 0.0 ], [ 590137.012600000016391, 3658127.409499999135733, 0.0 ], [ 591722.390100000426173, 3658293.415699999779463, 0.0 ], [ 595099.967899999581277, 3657962.610200000926852, 0.0 ], [ 600029.560300000011921, 3657913.807800000533462, 0.0 ], [ 601066.372600000351667, 3658373.405799999833107, 0.0 ], [ 601787.994800000451505, 3659572.61629999987781, 0.0 ], [ 602393.316599999554455, 3659932.414300000295043, 0.0 ], [ 606076.338499999605119, 3660192.11089999973774, 0.0 ], [ 607182.902400000020862, 3659978.412900000810623, 0.0 ], [ 610211.531499999575317, 3660477.811899999156594, 0.0 ], [ 612555.365799999795854, 3662453.626900000497699, 0.0 ], [ 614663.244500000029802, 3664701.627699999138713, 0.0 ], [ 617649.325699999928474, 3666698.83809999935329, 0.0 ], [ 618277.951000000350177, 3668163.445900000631809, 0.0 ], [ 617895.755400000140071, 3669638.852, 0.0 ], [ 620982.34499999973923, 3670197.1491, 0.0 ], [ 625390.040400000289083, 3671828.151499999687076, 0.0 ], [ 627361.80350000038743, 3671993.157600000500679, 0.0 ], [ 628893.112399999983609, 3671568.45130000077188, 0.0 ], [ 629955.7511, 3672388.857300000265241, 0.0 ], [ 638825.730600000359118, 3676460.670399999246001, 0.0 ], [ 639060.605700000189245, 3675750.661800000816584, 0.0 ], [ 639007.295699999667704, 3674875.156300000846386, 0.0 ], [ 649744.205000000074506, 3673804.4527000002563, 0.0 ], [ 649355.205299999564886, 3673239.445599999278784, 0.0 ], [ 647873.519100000150502, 3672251.443399999290705, 0.0 ], [ 647449.078499999828637, 3671539.435599999502301, 0.0 ], [ 646405.067300000227988, 3670994.834799999371171, 0.0 ], [ 646001.760900000110269, 3670260.13150000013411, 0.0 ], [ 645939.12459999974817, 3669372.828299999237061, 0.0 ], [ 645488.008799999952316, 3669003.832100000232458, 0.0 ], [ 644336.867200000211596, 3668387.425799999386072, 0.0 ], [ 642710.301599999889731, 3668453.13370000012219, 0.0 ], [ 641960.363300000317395, 3668056.433399999514222, 0.0 ], [ 642060.665699999779463, 3667288.626199999824166, 0.0 ], [ 645163.942200000397861, 3663393.810499999672174, 0.0 ], [ 658952.61780000012368, 3662449.589199999347329, 0.0 ], [ 660658.62430000025779, 3662445.0888, 0.0 ], [ 662408.38370000012219, 3663110.394999999552965, 0.0 ], [ 667807.776499999687076, 3662338.384800000116229, 0.0 ], [ 669808.416000000201166, 3661835.583499999716878, 0.0 ], [ 672529.671500000171363, 3661758.776699999347329, 0.0 ], [ 673973.178100000135601, 3661169.373099999502301, 0.0 ], [ 675633.750300000421703, 3661987.378799999132752, 0.0 ], [ 676650.500300000421703, 3662042.776799999177456, 0.0 ], [ 690037.188500000163913, 3660214.360300000756979, 0.0 ], [ 689982.493200000375509, 3659740.354800000786781, 0.0 ], [ 690306.55559999961406, 3658961.349700000137091, 0.0 ], [ 689631.554700000211596, 3657209.749399999156594, 0.0 ], [ 692004.745699999853969, 3650450.51490000076592, 0.0 ], [ 694908.063799999654293, 3643399.288200000301003, 0.0 ], [ 695613.752100000157952, 3640841.97749999910593, 0.0 ], [ 697343.949400000274181, 3638224.458000000566244, 0.0 ], [ 697653.449199999682605, 3637082.45549999922514, 0.0 ], [ 697219.629499999806285, 3632479.6338, 0.0 ], [ 698565.756299999542534, 3627473.4211, 0.0 ], [ 698942.499499999918044, 3624588.906099999323487, 0.0 ], [ 698831.368999999947846, 3623570.899299999698997, 0.0 ], [ 693728.723399999551475, 3617131.578500000759959, 0.0 ], [ 694930.102800000458956, 3612843.562999999150634, 0.0 ], [ 695393.033999999985099, 3612228.8553, 0.0 ], [ 695534.532300000078976, 3611145.351399999111891, 0.0 ], [ 698946.174800000153482, 3603773.319399999454618, 0.0 ], [ 700807.736399999819696, 3600848.111600000411272, 0.0 ], [ 702341.49129999987781, 3597697.789000000804663, 0.0 ], [ 705662.625500000081956, 3588982.455700000748038, 0.0 ], [ 709102.749900000169873, 3583150.026900000870228, 0.0 ], [ 710040.445899999700487, 3582834.229000000283122, 0.0 ], [ 713340.330900000408292, 3583711.730599999427795, 0.0 ], [ 714283.02489999961108, 3584334.225400000810623, 0.0 ], [ 719327.293100000359118, 3586197.72829999960959, 0.0 ], [ 720615.183199999853969, 3585934.429500000551343, 0.0 ], [ 720741.493200000375509, 3585637.228700000792742, 0.0 ], [ 720423.548100000247359, 3584946.426999999210238, 0.0 ], [ 718678.043300000019372, 3583774.422700000926852, 0.0 ], [ 716355.466400000266731, 3581524.214400000870228, 0.0 ], [ 711959.635900000110269, 3577960.71030000038445, 0.0 ], [ 710996.566599999554455, 3577521.708799999207258, 0.0 ], [ 708600.553700000047684, 3577006.004200000315905, 0.0 ], [ 707271.300999999977648, 3575939.208499999716878, 0.0 ], [ 705132.674800000153482, 3575322.003699999302626, 0.0 ], [ 703536.408300000242889, 3569927.182600000873208, 0.0 ], [ 698188.699300000444055, 3566608.9803, 0.0 ], [ 694424.620600000023842, 3564984.17879999987781, 0.0 ], [ 691629.481100000441074, 3562650.96680000051856, 0.0 ], [ 686637.146300000138581, 3560819.167300000786781, 0.0 ], [ 682005.187800000421703, 3557175.95920000039041, 0.0 ], [ 678782.360100000165403, 3555139.648800000548363, 0.0 ], [ 675243.096300000324845, 3552333.142400000244379, 0.0 ], [ 675266.215800000354648, 3549859.3366, 0.0 ], [ 672389.705000000074506, 3545584.123299999162555, 0.0 ], [ 671086.137500000186265, 3543141.312699999660254, 0.0 ], [ 669104.684500000439584, 3540410.300100000575185, 0.0 ], [ 667236.061499999836087, 3539409.601800000295043, 0.0 ], [ 665700.052500000223517, 3538942.296299999579787, 0.0 ], [ 664737.668600000441074, 3539202.305099999532104, 0.0 ], [ 662281.600399999879301, 3536974.5921, 0.0 ], [ 661067.535600000061095, 3537133.601399999111891, 0.0 ], [ 658740.14670000039041, 3538161.607899999246001, 0.0 ], [ 657886.269799999892712, 3538261.1085, 0.0 ], [ 656724.640399999916553, 3538105.100099999457598, 0.0 ], [ 655569.203499999828637, 3537604.101500000804663, 0.0 ], [ 655277.628899999894202, 3537111.600099999457598, 0.0 ], [ 654639.950699999928474, 3537137.105599999427795, 0.0 ], [ 654980.703099999576807, 3536712.099899999797344, 0.0 ], [ 654607.197300000116229, 3536101.602399999275804, 0.0 ], [ 653857.449400000274181, 3535788.095499999821186, 0.0 ], [ 654341.820199999958277, 3535454.291899999603629, 0.0 ], [ 653979.388399999588728, 3534617.289200000464916, 0.0 ], [ 654643.131599999964237, 3534473.098099999129772, 0.0 ], [ 654284.567800000309944, 3534022.288499999791384, 0.0 ], [ 654400.199199999682605, 3533233.085899999365211, 0.0 ], [ 653911.194099999964237, 3533391.284700000658631, 0.0 ], [ 653848.253800000064075, 3533793.894300000742078, 0.0 ], [ 653632.624200000427663, 3533687.296, 0.0 ], [ 653692.504700000397861, 3532615.090099999681115, 0.0 ], [ 652543.936200000345707, 3531583.08699999935925, 0.0 ], [ 653186.751600000075996, 3531557.281999999657273, 0.0 ], [ 652705.942400000058115, 3530747.084100000560284, 0.0 ], [ 653125.689699999988079, 3529702.872300000861287, 0.0 ], [ 654466.500900000333786, 3528455.570900000631809, 0.0 ], [ 654627.567200000397861, 3527918.568199999630451, 0.0 ], [ 654455.310200000181794, 3527095.263399999588728, 0.0 ], [ 652610.491200000047684, 3523435.556399999186397, 0.0 ], [ 650513.044800000265241, 3521612.252299999818206, 0.0 ], [ 647832.976999999955297, 3518654.5456000007689, 0.0 ], [ 647737.159799999557436, 3518047.237099999561906, 0.0 ], [ 647992.665500000119209, 3516927.030899999663234, 0.0 ], [ 647081.091300000436604, 3515317.033500000834465, 0.0 ], [ 644924.076000000350177, 3512447.018899999558926, 0.0 ], [ 644055.076100000180304, 3512061.5165, 0.0 ], [ 641583.384200000204146, 3512255.219900000840425, 0.0 ], [ 640257.323400000110269, 3511358.81980000063777, 0.0 ], [ 638509.371000000275671, 3510869.519099999219179, 0.0 ], [ 633945.230700000189245, 3510941.527300000190735, 0.0 ], [ 631066.217799999751151, 3511875.832399999722838, 0.0 ], [ 623310.501400000415742, 3507325.817199999466538, 0.0 ], [ 622854.495900000445545, 3506753.511900000274181, 0.0 ], [ 614844.719499999657273, 3493009.476199999451637, 0.0 ], [ 609115.50829999987036, 3485320.448100000619888, 0.0 ], [ 608230.008100000210106, 3484416.949200000613928, 0.0 ], [ 607145.930399999953806, 3482274.438999999314547, 0.0 ], [ 607236.502500000409782, 3480902.7331000007689, 0.0 ], [ 608814.689100000075996, 3478309.010800000280142, 0.0 ], [ 609146.67850000038743, 3475128.0899, 0.0 ], [ 609721.28899999987334, 3472357.280500000342727, 0.0 ], [ 611955.043600000441074, 3467015.931600000709295, 0.0 ], [ 613972.957000000402331, 3461070.691099999472499, 0.0 ], [ 617182.213399999774992, 3453726.635299999266863, 0.0 ], [ 617644.973600000143051, 3451480.628000000491738, 0.0 ], [ 619481.878700000233948, 3450009.842199999839067, 0.0 ], [ 618997.076100000180304, 3448075.94620000012219, 0.0 ], [ 620078.696600000374019, 3443000.1294, 0.0 ], [ 622456.632100000046194, 3439421.296599999070168, 0.0 ], [ 621326.245400000363588, 3434124.250600000843406, 0.0 ], [ 622075.904900000430644, 3429200.104800000786781, 0.0 ], [ 624556.056099999696016, 3418306.089700000360608, 0.0 ], [ 623119.310499999672174, 3416236.1042, 0.0 ], [ 622405.875599999912083, 3411598.660499999299645, 0.0 ], [ 621217.339700000360608, 3407661.819299999624491, 0.0 ], [ 619110.7511, 3403878.179199999198318, 0.0 ], [ 618669.388700000010431, 3401924.773700000718236, 0.0 ], [ 616575.780399999581277, 3398369.7642, 0.0 ], [ 610087.237300000153482, 3390901.04590000025928, 0.0 ], [ 607318.116899999789894, 3386478.794399999082088, 0.0 ], [ 605355.629200000315905, 3382646.684299999848008, 0.0 ], [ 603802.063500000163913, 3380321.018400000408292, 0.0 ], [ 600838.893400000408292, 3377078.790500000119209, 0.0 ], [ 598454.835099999792874, 3373862.42259999923408, 0.0 ], [ 596552.208100000396371, 3370373.363600000739098, 0.0 ], [ 592768.5148, 3364797.149700000882149, 0.0 ], [ 591270.46999999973923, 3363161.3257, 0.0 ], [ 590170.895899999886751, 3361036.260299999266863, 0.0 ], [ 586445.574199999682605, 3357929.713400000706315, 0.0 ], [ 579185.933699999935925, 3356472.342199999839067, 0.0 ], [ 566505.816700000315905, 3350193.659499999135733, 0.0 ], [ 563415.787899999879301, 3348518.386099999770522, 0.0 ], [ 561158.041100000031292, 3346698.551799999549985, 0.0 ], [ 557878.001799999736249, 3345128.11849999986589, 0.0 ], [ 553762.150399999693036, 3343838.736099999397993, 0.0 ], [ 507370.982800000347197, 3550002.280500000342727, 0.0 ], [ 439587.661000000312924, 3595791.005400000140071, 0.0 ], [ 442580.988499999977648, 3595973.003699999302626, 0.0 ], [ 519550.588000000454485, 3611472.442800000309944, 0.0 ], [ 548843.836799999698997, 3619722.671800000593066, 0.0 ], [ 551184.965699999593198, 3622382.480599999427795, 0.0 ], [ 552255.412700000219047, 3623147.277799999341369, 0.0 ], [ 557185.433699999935925, 3625058.6853, 0.0 ], [ 558590.432300000451505, 3625198.4869, 0.0 ], [ 559768.438500000163913, 3625886.689400000497699, 0.0 ], [ 560672.813299999572337, 3625957.494999999180436, 0.0 ], [ 561549.639000000432134, 3626572.292099999263883, 0.0 ], [ 563404.648000000044703, 3626637.288699999451637, 0.0 ], [ 563835.586199999786913, 3627573.501700000837445, 0.0 ], [ 565216.713299999944866, 3628627.001199999824166, 0.0 ], [ 566294.96889999974519, 3628667.7027000002563, 0.0 ], [ 566537.158499999903142, 3628145.296800000593066, 0.0 ], [ 566848.910400000400841, 3628141.497500000521541, 0.0 ] ] ] } },
{ "type": "Feature", "properties": { "gouvernorat": "Tozeur" }, "geometry": { "type": "Polygon", "coordinates": [ [ [ 393423.366399999707937, 3702169.996899999678135, 0.0 ], [ 383132.016900000162423, 3698684.207900000736117, 0.0 ], [ 372638.681699999608099, 3715297.695299999788404, 0.0 ], [ 369438.442599999718368, 3723703.971000000834465, 0.0 ], [ 369968.282399999909103, 3728232.061699999496341, 0.0 ], [ 366987.896599999628961, 3732372.178600000217557, 0.0 ], [ 368120.710500000044703, 3734555.269099999219179, 0.0 ], [ 369270.44539999961853, 3734949.071599999442697, 0.0 ], [ 366620.261500000022352, 3738147.954500000923872, 0.0 ], [ 363383.675599999725819, 3740220.612099999561906, 0.0 ], [ 365455.872399999760091, 3744523.362999999895692, 0.0 ], [ 363344.738199999555945, 3752236.757099999114871, 0.0 ], [ 365140.884200000204146, 3755870.194900000467896, 0.0 ], [ 365109.901700000278652, 3759981.31389999948442, 0.0 ], [ 366442.745000000111759, 3764738.22690000012517, 0.0 ], [ 364123.501199999824166, 3769725.138900000602007, 0.0 ], [ 365020.064899999648333, 3770733.204, 0.0 ], [ 365739.488099999725819, 3770966.545499999076128, 0.0 ], [ 366045.229600000195205, 3770779.784900000318885, 0.0 ], [ 366535.861499999649823, 3771516.098600000143051, 0.0 ], [ 366996.09360000025481, 3771476.128699999302626, 0.0 ], [ 367340.254999999888241, 3771918.481000000610948, 0.0 ], [ 368819.961500000208616, 3772708.615599999204278, 0.0 ], [ 368581.810300000011921, 3772872.346200000494719, 0.0 ], [ 368741.07079999987036, 3773250.987999999895692, 0.0 ], [ 368196.778500000014901, 3772909.666200000792742, 0.0 ], [ 367852.356800000183284, 3773077.786699999123812, 0.0 ], [ 368645.269899999722838, 3773945.6513, 0.0 ], [ 368984.871700000017881, 3773835.130899999290705, 0.0 ], [ 369405.27350000012666, 3773985.92200000025332, 0.0 ], [ 369628.514299999922514, 3774451.744200000539422, 0.0 ], [ 371298.661899999715388, 3774827.916899999603629, 0.0 ], [ 372054.353900000452995, 3777752.411100000143051, 0.0 ], [ 375967.75870000012219, 3784474.735200000926852, 0.0 ], [ 382258.560300000011921, 3780904.731499999761581, 0.0 ], [ 384382.549599999561906, 3782273.379100000485778, 0.0 ], [ 387331.96239999961108, 3784661.531899999827147, 0.0 ], [ 389113.580400000326335, 3785539.03690000064671, 0.0 ], [ 389398.891400000080466, 3786335.120899999514222, 0.0 ], [ 389809.683100000023842, 3786667.772700000554323, 0.0 ], [ 389798.022599999792874, 3787644.637199999764562, 0.0 ], [ 390698.595499999821186, 3790524.771500000730157, 0.0 ], [ 393636.015800000168383, 3798580.1414, 0.0 ], [ 394303.947800000198185, 3801290.744799999520183, 0.0 ], [ 394764.417200000025332, 3807279.513900000602007, 0.0 ], [ 396642.516200000420213, 3807380.725199999287724, 0.0 ], [ 397240.96889999974519, 3807833.977700000628829, 0.0 ], [ 399566.669900000095367, 3808399.441500000655651, 0.0 ], [ 400922.266499999910593, 3808312.811599999666214, 0.0 ], [ 403696.448599999770522, 3811493.438300000503659, 0.0 ], [ 409044.803999999538064, 3812883.93720000050962, 0.0 ], [ 409767.736899999901652, 3814503.055400000885129, 0.0 ], [ 412070.907200000248849, 3816824.787599999457598, 0.0 ], [ 414784.240399999544024, 3817187.0504, 0.0 ], [ 415554.143500000238419, 3818917.339099999517202, 0.0 ], [ 417778.854299999773502, 3819053.750600000843406, 0.0 ], [ 418588.053600000217557, 3816746.538699999451637, 0.0 ], [ 418025.767500000074506, 3814573.8301, 0.0 ], [ 418393.245699999853969, 3813444.3246, 0.0 ], [ 415687.599399999715388, 3809332.800499999895692, 0.0 ], [ 415216.158300000242889, 3807246.094799999147654, 0.0 ], [ 416013.106599999591708, 3806779.487800000235438, 0.0 ], [ 416596.824400000274181, 3807036.08699999935925, 0.0 ], [ 418041.214900000020862, 3806770.490299999713898, 0.0 ], [ 418724.337799999862909, 3804225.476299999281764, 0.0 ], [ 414502.42090000025928, 3802738.070299999788404, 0.0 ], [ 413101.223899999633431, 3799339.255100000649691, 0.0 ], [ 411153.431499999947846, 3797058.437699999660254, 0.0 ], [ 411431.557400000281632, 3795766.23450000025332, 0.0 ], [ 412566.620299999602139, 3794574.031999999657273, 0.0 ], [ 412807.755300000309944, 3792985.217800000682473, 0.0 ], [ 410701.30379999987781, 3790857.009999999776483, 0.0 ], [ 410499.082000000402331, 3790412.408299999311566, 0.0 ], [ 410632.772699999623001, 3789842.001700000837445, 0.0 ], [ 410960.719800000078976, 3789654.709100000560284, 0.0 ], [ 413605.347799999639392, 3789787.203700000420213, 0.0 ], [ 416168.672500000335276, 3786579.99210000038147, 0.0 ], [ 420041.509700000286102, 3783004.374299999326468, 0.0 ], [ 423194.867899999953806, 3781650.674599999561906, 0.0 ], [ 431021.242999999783933, 3777545.953099999576807, 0.0 ], [ 432819.356599999591708, 3778090.955299999564886, 0.0 ], [ 434095.638199999928474, 3777339.955, 0.0 ], [ 434561.646300000138581, 3776261.149599999189377, 0.0 ], [ 434888.67850000038743, 3774523.345100000500679, 0.0 ], [ 436175.209800000302494, 3773185.63150000013411, 0.0 ], [ 436198.430399999953806, 3772571.333699999377131, 0.0 ], [ 435344.586099999956787, 3771065.6228, 0.0 ], [ 435163.894299999810755, 3770304.924100000411272, 0.0 ], [ 436107.685499999672174, 3768907.31220000050962, 0.0 ], [ 440902.987399999983609, 3770725.921900000423193, 0.0 ], [ 448444.086400000378489, 3770873.124500000849366, 0.0 ], [ 450694.000099999830127, 3771228.934100000187755, 0.0 ], [ 453117.110399999655783, 3772052.9309, 0.0 ], [ 455813.275299999862909, 3770714.927400000393391, 0.0 ], [ 458273.252999999560416, 3770916.3279, 0.0 ], [ 460430.359699999913573, 3770020.926300000399351, 0.0 ], [ 461325.8295, 3769972.626000000163913, 0.0 ], [ 463007.89879999961704, 3770435.624299999326468, 0.0 ], [ 464466.166799999773502, 3770226.6261, 0.0 ], [ 466338.47690000012517, 3770643.05350000038743, 0.0 ], [ 466207.953200000338256, 3767968.615299999713898, 0.0 ], [ 464573.223600000143051, 3766656.315999999642372, 0.0 ], [ 464553.343100000172853, 3765282.909199999645352, 0.0 ], [ 464325.220700000412762, 3764857.103900000452995, 0.0 ], [ 455419.55449999962002, 3752529.244200000539422, 0.0 ], [ 393423.366399999707937, 3702169.996899999678135, 0.0 ] ] ] } },
{ "type": "Feature", "properties": { "gouvernorat": "Tunis" }, "geometry": { "type": "MultiPolygon", "coordinates": [ [ [ [ 603055.812699999660254, 4065067.884099999442697, 0.0 ], [ 601505.608900000341237, 4063490.666500000283122, 0.0 ], [ 602537.178000000305474, 4062541.163599999621511, 0.0 ], [ 602763.43709999974817, 4062584.864900000393391, 0.0 ], [ 601591.167600000277162, 4061753.459699999541044, 0.0 ], [ 601352.044800000265241, 4061167.455600000917912, 0.0 ], [ 600801.103699999861419, 4061458.8581000007689, 0.0 ], [ 600372.102500000037253, 4060699.858300000429153, 0.0 ], [ 599721.155399999581277, 4060848.459300000220537, 0.0 ], [ 598857.340300000272691, 4060441.150100000202656, 0.0 ], [ 597787.526399999856949, 4060703.158800000324845, 0.0 ], [ 597376.781899999827147, 4060584.002499999478459, 0.0 ], [ 595723.035799999721348, 4062219.17, 0.0 ], [ 596094.662200000137091, 4063631.370799999684095, 0.0 ], [ 594444.626299999654293, 4064298.179700000211596, 0.0 ], [ 593214.537299999967217, 4065099.311699999496341, 0.0 ], [ 591988.150399999693036, 4065489.5252, 0.0 ], [ 592508.433699999935925, 4066455.76410000026226, 0.0 ], [ 591560.783099999651313, 4067700.718399999663234, 0.0 ], [ 591591.615000000223517, 4068928.505799999460578, 0.0 ], [ 589428.412700000219047, 4070809.365000000223517, 0.0 ], [ 590780.360500000417233, 4072141.701199999079108, 0.0 ], [ 591597.949099999852479, 4072383.273299999535084, 0.0 ], [ 592248.294400000013411, 4072253.198699999600649, 0.0 ], [ 593761.258600000292063, 4070768.521500000730157, 0.0 ], [ 594606.949699999764562, 4071996.5285, 0.0 ], [ 597153.817800000309944, 4072531.921700000762939, 0.0 ], [ 597692.670400000177324, 4072587.650499999523163, 0.0 ], [ 599550.832600000314415, 4071695.745999999344349, 0.0 ], [ 599464.910799999721348, 4072414.284099999815226, 0.0 ], [ 599788.42200000025332, 4072731.461300000548363, 0.0 ], [ 599370.166600000113249, 4075272.409499999135733, 0.0 ], [ 599630.794599999673665, 4075517.660900000482798, 0.0 ], [ 599600.351400000043213, 4077299.7588, 0.0 ], [ 601030.247499999590218, 4078037.932399999350309, 0.0 ], [ 601999.403800000436604, 4078199.86009999923408, 0.0 ], [ 602879.735399999655783, 4077961.926699999719858, 0.0 ], [ 604093.159500000067055, 4077034.019500000402331, 0.0 ], [ 605822.092899999581277, 4078033.3114, 0.0 ], [ 607756.867999999783933, 4077878.411100000143051, 0.0 ], [ 608183.610100000165403, 4079137.282299999147654, 0.0 ], [ 609677.189299999736249, 4080193.45299999974668, 0.0 ], [ 609901.221499999985099, 4079137.281500000506639, 0.0 ], [ 613955.216300000436604, 4079489.340099999681115, 0.0 ], [ 614509.98369999974966, 4079873.403899999335408, 0.0 ], [ 613294.688000000081956, 4080933.575099999085069, 0.0 ], [ 613812.324400000274181, 4081979.578199999406934, 0.0 ], [ 613510.747600000351667, 4082614.982899999246001, 0.0 ], [ 614026.693300000391901, 4082794.97719999961555, 0.0 ], [ 614476.944199999794364, 4083717.784600000828505, 0.0 ], [ 614082.386800000444055, 4084590.292400000616908, 0.0 ], [ 613899.327899999916553, 4084277.994200000539422, 0.0 ], [ 613350.819500000216067, 4084920.597500000149012, 0.0 ], [ 613247.317400000058115, 4085583.296700000762939, 0.0 ], [ 612615.508899999782443, 4085852.303899999707937, 0.0 ], [ 612551.182599999941885, 4085661.601600000634789, 0.0 ], [ 612332.378100000321865, 4086299.605699999257922, 0.0 ], [ 611770.065999999642372, 4086677.301300000399351, 0.0 ], [ 611608.240299999713898, 4086576.801200000569224, 0.0 ], [ 611566.623800000175834, 4087832.613199999555945, 0.0 ], [ 611103.509899999946356, 4088286.233799999579787, 0.0 ], [ 611493.345300000160933, 4088808.28969999961555, 0.0 ], [ 615221.17119999974966, 4086530.720799999311566, 0.0 ], [ 615866.198099999688566, 4086357.790899999439716, 0.0 ], [ 616372.587799999862909, 4086599.6371, 0.0 ], [ 616555.232200000435114, 4086593.212899999693036, 0.0 ], [ 616720.868999999947846, 4086520.930700000375509, 0.0 ], [ 616823.604100000113249, 4086409.639699999243021, 0.0 ], [ 616504.940999999642372, 4086565.998299999162555, 0.0 ], [ 616347.298899999819696, 4086371.838600000366569, 0.0 ], [ 616595.747100000269711, 4086454.139599999412894, 0.0 ], [ 616808.987200000323355, 4085979.039100000634789, 0.0 ], [ 617270.758899999782443, 4086085.287000000476837, 0.0 ], [ 617553.824000000022352, 4085763.516000000759959, 0.0 ], [ 617248.730899999849498, 4084441.310499999672174, 0.0 ], [ 617774.808699999935925, 4083353.979100000113249, 0.0 ], [ 620332.139700000174344, 4081548.732999999076128, 0.0 ], [ 620705.4527000002563, 4080767.388599999248981, 0.0 ], [ 620559.331199999898672, 4080647.103700000792742, 0.0 ], [ 620567.980899999849498, 4080506.606000000610948, 0.0 ], [ 620369.786500000394881, 4080314.943, 0.0 ], [ 620520.513199999928474, 4080602.276399999856949, 0.0 ], [ 619542.928100000135601, 4080125.2668999992311, 0.0 ], [ 619418.561900000087917, 4079355.467000000178814, 0.0 ], [ 618690.913599999621511, 4078739.996200000867248, 0.0 ], [ 618265.26659999974072, 4078008.614800000563264, 0.0 ], [ 618285.027099999599159, 4077068.635800000280142, 0.0 ], [ 617771.188299999572337, 4076974.17090000025928, 0.0 ], [ 617219.273299999535084, 4075448.340299999341369, 0.0 ], [ 617010.214599999599159, 4075662.940500000491738, 0.0 ], [ 617152.293800000101328, 4075398.832000000402331, 0.0 ], [ 616920.474200000055134, 4075457.0493, 0.0 ], [ 616490.238099999725819, 4074831.690899999812245, 0.0 ], [ 616468.492499999701977, 4074389.835400000214577, 0.0 ], [ 616860.5159, 4074062.911399999633431, 0.0 ], [ 616895.343100000172853, 4073917.959899999201298, 0.0 ], [ 616847.668100000359118, 4073749.771299999207258, 0.0 ], [ 616656.984600000083447, 4074162.701899999752641, 0.0 ], [ 616509.493700000457466, 4073971.152000000700355, 0.0 ], [ 616710.695600000210106, 4073732.975199999287724, 0.0 ], [ 615477.449400000274181, 4074480.6809, 0.0 ], [ 606740.442800000309944, 4072682.67960000038147, 0.0 ], [ 606386.987599999643862, 4072932.247400000691414, 0.0 ], [ 606472.470800000242889, 4072710.865399999544024, 0.0 ], [ 606177.580900000408292, 4072634.517200000584126, 0.0 ], [ 606238.852900000289083, 4072355.227600000798702, 0.0 ], [ 606523.239799999631941, 4072377.789000000804663, 0.0 ], [ 606644.501799999736249, 4071595.268400000408292, 0.0 ], [ 606922.066300000064075, 4071654.009700000286102, 0.0 ], [ 606826.722199999727309, 4072491.98509999923408, 0.0 ], [ 607245.199900000356138, 4072639.64750000089407, 0.0 ], [ 607255.620199999772012, 4072012.717299999669194, 0.0 ], [ 607587.794599999673665, 4071447.66579999960959, 0.0 ], [ 608050.409599999897182, 4071227.147299999371171, 0.0 ], [ 608797.819199999794364, 4071356.621799999848008, 0.0 ], [ 609005.350899999961257, 4070506.707000000402331, 0.0 ], [ 607921.972199999727309, 4070142.909199999645352, 0.0 ], [ 608167.155199999921024, 4069370.7017, 0.0 ], [ 608889.519899999722838, 4068745.954800000414252, 0.0 ], [ 608802.286199999973178, 4067894.89299999922514, 0.0 ], [ 608440.406999999657273, 4067941.494000000879169, 0.0 ], [ 608153.095499999821186, 4068346.194199999794364, 0.0 ], [ 608017.03000000026077, 4068212.90059999935329, 0.0 ], [ 608221.338299999944866, 4067799.192199999466538, 0.0 ], [ 607649.278699999675155, 4065929.481899999082088, 0.0 ], [ 606543.388500000350177, 4065054.875199999660254, 0.0 ], [ 606105.457000000402331, 4064107.4726, 0.0 ], [ 605556.511300000362098, 4063735.86629999987781, 0.0 ], [ 605100.191899999976158, 4063938.676300000399351, 0.0 ], [ 604954.692900000140071, 4063309.870699999853969, 0.0 ], [ 604028.877399999648333, 4064439.677799999713898, 0.0 ], [ 604031.318300000391901, 4064731.480100000277162, 0.0 ], [ 603055.812699999660254, 4065067.884099999442697, 0.0 ] ], [ [ 599881.844600000418723, 4070224.106100000441074, 0.0 ], [ 600053.3136, 4068378.719000000506639, 0.0 ], [ 600632.180800000205636, 4068571.014000000432134, 0.0 ], [ 600069.320899999700487, 4068264.966399999335408, 0.0 ], [ 600111.675999999977648, 4068081.339700000360608, 0.0 ], [ 600416.483300000429153, 4068230.367900000885129, 0.0 ], [ 600194.776300000026822, 4067862.19480000063777, 0.0 ], [ 600894.993599999696016, 4067762.246999999508262, 0.0 ], [ 600872.774600000120699, 4067292.020700000226498, 0.0 ], [ 601284.194099999964237, 4067141.650299999862909, 0.0 ], [ 601095.238400000147521, 4067177.196100000292063, 0.0 ], [ 601451.040500000119209, 4066787.640900000929832, 0.0 ], [ 601550.620900000445545, 4066175.274000000208616, 0.0 ], [ 602235.708599999547005, 4065736.697300000116229, 0.0 ], [ 604142.533900000154972, 4065281.774800000712276, 0.0 ], [ 603853.174200000241399, 4065262.661100000143051, 0.0 ], [ 604740.677400000393391, 4064485.479499999433756, 0.0 ], [ 605365.238099999725819, 4064467.31279999949038, 0.0 ], [ 606007.311700000427663, 4064896.010299999266863, 0.0 ], [ 606048.318699999712408, 4065547.993599999696016, 0.0 ], [ 605628.412700000219047, 4065789.257999999448657, 0.0 ], [ 605494.054999999701977, 4065456.774299999698997, 0.0 ], [ 604971.46169999986887, 4065817.293299999088049, 0.0 ], [ 605116.913099999539554, 4066242.756100000813603, 0.0 ], [ 604400.762799999676645, 4067410.493000000715256, 0.0 ], [ 604415.938099999912083, 4069438.465900000184774, 0.0 ], [ 604255.417399999685585, 4069365.598200000822544, 0.0 ], [ 603710.895999999716878, 4071170.200899999588728, 0.0 ], [ 602970.059999999590218, 4072011.312699999660254, 0.0 ], [ 601849.900500000454485, 4071966.726099999621511, 0.0 ], [ 600757.270899999886751, 4071446.3257, 0.0 ], [ 600947.369800000451505, 4071237.607599999755621, 0.0 ], [ 600432.400399999693036, 4071016.955800000578165, 0.0 ], [ 599881.844600000418723, 4070224.106100000441074, 0.0 ] ], [ [ 606661.592699999921024, 4073480.0164, 0.0 ], [ 607053.325400000438094, 4073439.0559, 0.0 ], [ 607622.74309999961406, 4072939.201500000432134, 0.0 ], [ 611663.778599999845028, 4073813.324300000444055, 0.0 ], [ 612427.844600000418723, 4074266.008400000631809, 0.0 ], [ 613878.863900000229478, 4074313.2884, 0.0 ], [ 614344.611800000071526, 4074811.063400000333786, 0.0 ], [ 616529.356300000101328, 4075910.865800000727177, 0.0 ], [ 616249.738800000399351, 4075969.7949, 0.0 ], [ 615627.861299999989569, 4075859.271800000220537, 0.0 ], [ 615162.765599999576807, 4075868.728900000452995, 0.0 ], [ 615002.500300000421703, 4075899.840500000864267, 0.0 ], [ 614744.927799999713898, 4075998.141799999400973, 0.0 ], [ 614034.682799999602139, 4076394.011, 0.0 ], [ 613431.848500000312924, 4076417.769600000232458, 0.0 ], [ 608428.251799999736249, 4074696.98509999923408, 0.0 ], [ 613388.697200000286102, 4076420.525399999693036, 0.0 ], [ 614027.572200000286102, 4076407.555400000885129, 0.0 ], [ 615173.91469999961555, 4075884.699699999764562, 0.0 ], [ 616544.233900000341237, 4076016.968399999663234, 0.0 ], [ 615064.814199999906123, 4076561.39299999922514, 0.0 ], [ 614474.129900000058115, 4077462.319700000807643, 0.0 ], [ 613293.747600000351667, 4077568.005000000819564, 0.0 ], [ 609771.613199999555945, 4076214.364800000563264, 0.0 ], [ 609118.910099999979138, 4076320.5493, 0.0 ], [ 608421.869199999608099, 4076109.929999999701977, 0.0 ], [ 607447.732699999585748, 4075215.41579999960959, 0.0 ], [ 607040.96239999961108, 4073602.509999999776483, 0.0 ], [ 606661.592699999921024, 4073480.0164, 0.0 ] ], [ [ 616555.537899999879301, 4076011.051400000229478, 0.0 ], [ 616626.523000000044703, 4075927.068399999290705, 0.0 ], [ 616646.807799999602139, 4075958.81870000064373, 0.0 ], [ 616555.537899999879301, 4076011.051400000229478, 0.0 ] ], [ [ 616669.099700000137091, 4075945.518899999558926, 0.0 ], [ 616676.560999999754131, 4075895.748299999162555, 0.0 ], [ 616719.624400000087917, 4075834.521800000220537, 0.0 ], [ 616669.099700000137091, 4075945.518899999558926, 0.0 ] ], [ [ 616743.225999999791384, 4075865.964999999850988, 0.0 ], [ 616807.097500000149012, 4075767.283299999311566, 0.0 ], [ 616824.995500000193715, 4075801.658500000834465, 0.0 ], [ 616743.225999999791384, 4075865.964999999850988, 0.0 ] ], [ [ 616836.382100000046194, 4075794.250700000673532, 0.0 ], [ 616978.160699999891222, 4075638.856300000101328, 0.0 ], [ 617001.456799999810755, 4075668.016100000590086, 0.0 ], [ 616836.382100000046194, 4075794.250700000673532, 0.0 ] ] ], [ [ [ 608660.370000000111759, 4072766.216299999505281, 0.0 ], [ 607703.22829999960959, 4071880.291899999603629, 0.0 ], [ 607440.813099999912083, 4071914.356699999421835, 0.0 ], [ 607460.752199999988079, 4072592.3619, 0.0 ], [ 608660.370000000111759, 4072766.216299999505281, 0.0 ] ] ] ] } },
{ "type": "Feature", "properties": { "gouvernorat": "Zaghouan" }, "geometry": { "type": "Polygon", "coordinates": [ [ [ 605500.856499999761581, 3999021.292600000277162, 0.0 ], [ 603458.84360000025481, 3998189.488099999725819, 0.0 ], [ 602834.027400000020862, 3997376.089199999347329, 0.0 ], [ 602417.585199999623001, 3997406.48340000025928, 0.0 ], [ 602280.967000000178814, 3996828.4879, 0.0 ], [ 601428.902200000360608, 3995842.283299999311566, 0.0 ], [ 601435.96030000038445, 3994788.2719, 0.0 ], [ 602061.278800000436604, 3994184.771099999547005, 0.0 ], [ 602366.648299999535084, 3992552.463999999687076, 0.0 ], [ 600331.826000000350177, 3991752.753100000321865, 0.0 ], [ 598787.007399999536574, 3990642.253499999642372, 0.0 ], [ 597790.879099999554455, 3990525.0471, 0.0 ], [ 595904.111600000411272, 3989338.742599999532104, 0.0 ], [ 595659.982900000177324, 3987221.231799999251962, 0.0 ], [ 593964.667600000277162, 3983600.20920000039041, 0.0 ], [ 592613.850899999961257, 3984378.415699999779463, 0.0 ], [ 591891.214300000108778, 3985118.41950000077486, 0.0 ], [ 590735.45380000025034, 3985021.419099999591708, 0.0 ], [ 590986.401300000026822, 3985627.029100000858307, 0.0 ], [ 589627.833599999547005, 3987254.437599999830127, 0.0 ], [ 588980.762299999594688, 3987675.734400000423193, 0.0 ], [ 587718.563900000415742, 3987880.734300000593066, 0.0 ], [ 587526.443400000222027, 3989124.448200000450015, 0.0 ], [ 587081.495000000111759, 3988891.04450000077486, 0.0 ], [ 587163.252799999900162, 3988296.74210000038147, 0.0 ], [ 586562.498499999754131, 3988401.741599999368191, 0.0 ], [ 586013.313699999824166, 3987752.740299999713898, 0.0 ], [ 585739.987200000323355, 3987715.737700000405312, 0.0 ], [ 585778.619300000369549, 3988128.436000000685453, 0.0 ], [ 584804.235500000417233, 3988283.245699999853969, 0.0 ], [ 584083.478799999691546, 3988772.249099999666214, 0.0 ], [ 582997.296900000423193, 3988210.04079999960959, 0.0 ], [ 581934.912800000049174, 3987989.744799999520183, 0.0 ], [ 580681.282100000418723, 3988493.745400000363588, 0.0 ], [ 580418.593100000172853, 3989690.748700000345707, 0.0 ], [ 580555.565799999982119, 3990509.666600000113249, 0.0 ], [ 578839.703499999828637, 3991681.2652000002563, 0.0 ], [ 575851.879300000146031, 3991547.462600000202656, 0.0 ], [ 575744.995699999853969, 3990539.262199999764562, 0.0 ], [ 574552.062400000169873, 3989516.455, 0.0 ], [ 574164.061499999836087, 3993249.076500000432134, 0.0 ], [ 572604.549700000323355, 3995135.4836, 0.0 ], [ 571726.601300000213087, 3994764.2873, 0.0 ], [ 570057.591799999587238, 3994689.282600000500679, 0.0 ], [ 568263.335699999704957, 3995417.089199999347329, 0.0 ], [ 567882.210799999535084, 3995900.293600000441074, 0.0 ], [ 569155.723600000143051, 3999290.512499999254942, 0.0 ], [ 568512.527800000272691, 4000055.311300000175834, 0.0 ], [ 566867.951100000180304, 4001044.515900000929832, 0.0 ], [ 565074.32149999961257, 4001424.121400000527501, 0.0 ], [ 564878.935600000433624, 4003170.136, 0.0 ], [ 564438.877399999648333, 4004082.135600000619888, 0.0 ], [ 564633.818799999542534, 4005331.848400000482798, 0.0 ], [ 562819.690200000070035, 4006587.150499999523163, 0.0 ], [ 561244.914599999785423, 4006721.8542, 0.0 ], [ 560625.236100000329316, 4007543.8618, 0.0 ], [ 559387.791699999943376, 4007883.864800000563264, 0.0 ], [ 558679.478099999949336, 4008537.165699999779463, 0.0 ], [ 557930.223899999633431, 4010251.376800000667572, 0.0 ], [ 557524.03110000025481, 4009733.369400000199676, 0.0 ], [ 556475.153699999675155, 4009220.871099999174476, 0.0 ], [ 552765.063900000415742, 4012174.887499999254942, 0.0 ], [ 558003.159900000318885, 4015222.603399999439716, 0.0 ], [ 560220.603900000452995, 4015367.404200000688434, 0.0 ], [ 561748.246399999596179, 4017165.2182, 0.0 ], [ 563128.311700000427663, 4016813.6075, 0.0 ], [ 563693.254399999976158, 4017426.216099999845028, 0.0 ], [ 564994.134700000286102, 4018204.921800000593066, 0.0 ], [ 564217.067200000397861, 4020331.631300000473857, 0.0 ], [ 565757.103400000371039, 4022082.37470000050962, 0.0 ], [ 567587.14740000013262, 4022892.943800000473857, 0.0 ], [ 567713.64780000038445, 4023610.451899999752641, 0.0 ], [ 567514.46030000038445, 4024940.25899999961257, 0.0 ], [ 567877.403599999845028, 4026171.465399999171495, 0.0 ], [ 567231.957000000402331, 4028543.676400000229478, 0.0 ], [ 568043.649799999780953, 4028893.977, 0.0 ], [ 568078.035199999809265, 4029116.982799999415874, 0.0 ], [ 567517.900200000032783, 4029609.985600000247359, 0.0 ], [ 567224.214800000190735, 4030740.991900000721216, 0.0 ], [ 567398.087799999862909, 4031365.498400000855327, 0.0 ], [ 567155.955599999986589, 4031719.498400000855327, 0.0 ], [ 567454.778400000184774, 4031849.992499999701977, 0.0 ], [ 567472.152700000442564, 4032300.303600000217557, 0.0 ], [ 566646.335099999792874, 4032916.301899999380112, 0.0 ], [ 567008.024699999950826, 4033181.309499999508262, 0.0 ], [ 566152.216500000096858, 4033287.308700000867248, 0.0 ], [ 565840.291199999861419, 4034405.8476, 0.0 ], [ 566091.45299999974668, 4034804.718699999153614, 0.0 ], [ 568085.532800000160933, 4036465.5197, 0.0 ], [ 568688.85190000012517, 4037315.031700000166893, 0.0 ], [ 569253.159699999727309, 4037430.32880000025034, 0.0 ], [ 569713.915599999949336, 4038274.331800000742078, 0.0 ], [ 569897.543800000101328, 4040038.042999999597669, 0.0 ], [ 570325.802699999883771, 4040589.343900000676513, 0.0 ], [ 571838.116100000217557, 4041722.5493, 0.0 ], [ 573386.934000000357628, 4042134.057600000873208, 0.0 ], [ 573946.442900000140071, 4043414.76410000026226, 0.0 ], [ 574384.325299999676645, 4045773.377800000831485, 0.0 ], [ 574982.886599999852479, 4046439.775900000706315, 0.0 ], [ 577241.403699999675155, 4047072.780099999159575, 0.0 ], [ 577129.622899999842048, 4048513.255400000140071, 0.0 ], [ 579691.86089999973774, 4048884.091199999675155, 0.0 ], [ 580230.919900000095367, 4049526.394099999219179, 0.0 ], [ 580919.921900000423193, 4049428.093399999663234, 0.0 ], [ 581167.133799999952316, 4049668.525699999183416, 0.0 ], [ 583007.749099999666214, 4049967.096100000664592, 0.0 ], [ 584772.824000000022352, 4050975.606200000271201, 0.0 ], [ 585117.832100000232458, 4050894.801999999210238, 0.0 ], [ 586001.767300000414252, 4051641.403999999165535, 0.0 ], [ 587581.713499999605119, 4051970.6085, 0.0 ], [ 587610.153800000436604, 4052296.81389999948442, 0.0 ], [ 588891.96999999973923, 4053901.61629999987781, 0.0 ], [ 589226.976300000213087, 4055055.828099999576807, 0.0 ], [ 590792.797899999655783, 4056991.435000000521541, 0.0 ], [ 591353.29590000025928, 4056787.634999999776483, 0.0 ], [ 591874.30420000012964, 4056136.833499999716878, 0.0 ], [ 591471.178700000047684, 4055391.130999999120831, 0.0 ], [ 592378.300800000317395, 4054693.818399999290705, 0.0 ], [ 592869.615199999883771, 4053078.817500000819564, 0.0 ], [ 593647.49930000025779, 4051679.8037, 0.0 ], [ 594895.630199999548495, 4050838.599500000476837, 0.0 ], [ 597344.956699999980628, 4049800.093699999153614, 0.0 ], [ 597324.638700000010431, 4049338.385099999606609, 0.0 ], [ 598710.467699999921024, 4048141.5811, 0.0 ], [ 602828.548100000247359, 4046216.769799999892712, 0.0 ], [ 602573.427899999544024, 4045089.06279999949038, 0.0 ], [ 604311.307099999859929, 4044238.760099999606609, 0.0 ], [ 604390.368400000035763, 4043148.045800000429153, 0.0 ], [ 605737.812400000169873, 4041479.335100000724196, 0.0 ], [ 606357.012799999676645, 4041364.537599999457598, 0.0 ], [ 608057.076200000010431, 4040333.730599999427795, 0.0 ], [ 609339.650399999693036, 4040087.328700000420213, 0.0 ], [ 610284.803199999965727, 4040683.480399999767542, 0.0 ], [ 611737.044900000095367, 4040511.033800000324845, 0.0 ], [ 612553.602400000207126, 4040108.532999999821186, 0.0 ], [ 611536.405299999751151, 4039284.726299999281764, 0.0 ], [ 611964.985600000247359, 4039397.523800000548363, 0.0 ], [ 613474.668100000359118, 4038849.021600000560284, 0.0 ], [ 612420.792299999855459, 4036256.704600000753999, 0.0 ], [ 612210.909599999897182, 4036168.002299999818206, 0.0 ], [ 611905.10190000012517, 4034924.2982, 0.0 ], [ 614587.556200000457466, 4034204.989399999380112, 0.0 ], [ 615419.806400000117719, 4035340.494400000199676, 0.0 ], [ 620786.588899999856949, 4038012.013599999248981, 0.0 ], [ 621075.903500000014901, 4036525.50730000063777, 0.0 ], [ 620336.337199999950826, 4035530.294399999082088, 0.0 ], [ 620792.342600000090897, 4034008.48509999923408, 0.0 ], [ 621349.34389999974519, 4033124.279699999839067, 0.0 ], [ 620976.587100000120699, 4030628.6733, 0.0 ], [ 621371.95990000013262, 4028197.95380000025034, 0.0 ], [ 622346.2034, 4027569.177799999713898, 0.0 ], [ 622028.901300000026822, 4027028.644600000232458, 0.0 ], [ 623744.227500000037253, 4025800.606599999591708, 0.0 ], [ 623163.716000000014901, 4024226.428300000727177, 0.0 ], [ 622717.216199999675155, 4021830.612299999222159, 0.0 ], [ 624229.165500000119209, 4019983.206800000742078, 0.0 ], [ 623592.912299999967217, 4019468.598999999463558, 0.0 ], [ 623825.28139999974519, 4019256.60080000013113, 0.0 ], [ 623397.599499999545515, 4018263.397399999201298, 0.0 ], [ 623988.969600000418723, 4017399.888000000268221, 0.0 ], [ 623506.905899999663234, 4016308.384099999442697, 0.0 ], [ 623576.220499999821186, 4015425.878599999472499, 0.0 ], [ 622813.458599999547005, 4014507.570699999108911, 0.0 ], [ 624053.219700000248849, 4013555.868300000205636, 0.0 ], [ 624805.7807, 4013320.564400000497699, 0.0 ], [ 624005.656700000166893, 4012375.861700000241399, 0.0 ], [ 623799.656700000166893, 4010188.854399999603629, 0.0 ], [ 622980.089200000278652, 4010043.153699999675155, 0.0 ], [ 622705.649100000038743, 4009314.347899999469519, 0.0 ], [ 621687.331299999728799, 4009979.346899999305606, 0.0 ], [ 620951.888600000180304, 4010011.151000000536442, 0.0 ], [ 620117.44510000012815, 4008962.548900000751019, 0.0 ], [ 619175.747600000351667, 4008421.846300000324845, 0.0 ], [ 618769.249900000169873, 4008478.145400000736117, 0.0 ], [ 618152.37430000025779, 4007479.833200000226498, 0.0 ], [ 618023.928199999965727, 4007900.8399, 0.0 ], [ 616933.491399999707937, 4007361.137299999594688, 0.0 ], [ 616193.299300000071526, 4008223.147099999710917, 0.0 ], [ 614914.411000000312924, 4007956.1404, 0.0 ], [ 614695.351099999621511, 4008885.146800000220537, 0.0 ], [ 614912.605899999849498, 4009703.154899999499321, 0.0 ], [ 614402.218100000172853, 4009560.353399999439716, 0.0 ], [ 612566.896599999628961, 4008220.139399999752641, 0.0 ], [ 612435.531000000424683, 4007550.341900000348687, 0.0 ], [ 612828.900899999774992, 4006844.331399999558926, 0.0 ], [ 612808.400999999605119, 4005609.125800000503659, 0.0 ], [ 613187.282999999821186, 4005134.129599999636412, 0.0 ], [ 613861.408400000073016, 4003138.814099999144673, 0.0 ], [ 612857.899100000038743, 4001366.30519999936223, 0.0 ], [ 612208.774400000460446, 4001544.110300000756979, 0.0 ], [ 611292.268000000156462, 4000868.804300000891089, 0.0 ], [ 611090.135800000280142, 3999291.796499999240041, 0.0 ], [ 610554.136400000192225, 3999241.096699999645352, 0.0 ], [ 610285.955500000156462, 3999682.7994, 0.0 ], [ 609517.817800000309944, 3999826.501499999314547, 0.0 ], [ 609370.505499999970198, 4000942.300599999725819, 0.0 ], [ 608905.874099999666214, 4000483.301799999549985, 0.0 ], [ 607822.56180000025779, 4000159.496400000527501, 0.0 ], [ 607260.86809999961406, 4000216.805099999532104, 0.0 ], [ 606480.675200000405312, 4000897.300899999216199, 0.0 ], [ 606910.112200000323355, 3999032.789599999785423, 0.0 ], [ 605500.856499999761581, 3999021.292600000277162, 0.0 ] ] ] } }
]
}
