{
"type": "FeatureCollection",
"name": "regions_hydrographiques",
"crs": { "type": "name", "properties": { "name": "urn:ogc:def:crs:EPSG::22332" } },
"features": [
{ "type": "Feature", "properties": { "CODE": 9, "LIB_FR": "Sud" }, "geometry": { "type": "MultiPolygon", "coordinates": [ [ [ [ 713618.620900000445545, 3684064.262700000777841 ], [ 713755.735100000165403, 3683989.4408 ], [ 713624.556400000117719, 3683894.7928 ], [ 713618.620900000445545, 3684064.262700000777841 ] ] ], [ [ [ 697541.677799999713898, 3684304.648199999704957 ], [ 697328.02309999987483, 3684552.7083 ], [ 697347.276899999938905, 3684613.223500000312924 ], [ 697580.904199999757111, 3684476.989 ], [ 697541.677799999713898, 3684304.648199999704957 ] ] ], [ [ [ 697009.721599999815226, 3685145.0121 ], [ 696948.248499999754131, 3685140.210999999195337 ], [ 696968.872000000439584, 3685190.1744 ], [ 697009.721599999815226, 3685145.0121 ] ] ], [ [ [ 696327.009300000034273, 3697972.548499999567866 ], [ 697565.329900000244379, 3696640.488900000229478 ], [ 698818.540199999697506, 3695770.371099999174476 ], [ 698045.282399999909103, 3694807.996099999174476 ], [ 697506.014200000092387, 3695924.309599999338388 ], [ 697282.220700000412762, 3695997.750900000333786 ], [ 696690.550099999643862, 3696817.95130000077188 ], [ 696327.009300000034273, 3697972.548499999567866 ] ] ], [ [ [ 694949.529799999669194, 3702980.707800000905991 ], [ 694894.427899999544024, 3702994.199200000613928 ], [ 694962.94469999987632, 3703045.405300000682473 ], [ 694949.529799999669194, 3702980.707800000905991 ] ] ], [ [ [ 696277.512799999676645, 3705072.302200000733137 ], [ 696551.404400000348687, 3704160.71680000051856 ], [ 696512.900600000284612, 3704127.775900000706315 ], [ 696324.364000000059605, 3704313.261800000444055 ], [ 696448.387199999764562, 3704341.038599999621511 ], [ 696251.967400000430644, 3704920.313799999654293 ], [ 696277.512799999676645, 3705072.302200000733137 ] ] ], [ [ [ 673706.765700000338256, 3719050.25650000013411 ], [ 673772.020899999886751, 3718339.997300000861287 ], [ 673478.795099999755621, 3717093.7884 ], [ 673254.633899999782443, 3717798.276900000870228 ], [ 672485.919700000435114, 3718859.0581 ], [ 672709.482300000265241, 3719217.726199999451637 ], [ 673039.957700000144541, 3719344.993699999526143 ], [ 673706.765700000338256, 3719050.25650000013411 ] ] ], [ [ [ 684549.418899999931455, 3723811.575500000268221 ], [ 684131.432699999772012, 3723392.2006 ], [ 684181.020800000056624, 3723622.497099999338388 ], [ 684037.906200000084937, 3723574.236500000581145 ], [ 683705.912899999879301, 3723845.750199999660254 ], [ 684161.81319999974221, 3724196.410199999809265 ], [ 684549.418899999931455, 3723811.575500000268221 ] ] ], [ [ [ 683991.110999999567866, 3725370.897399999201298 ], [ 684035.129700000397861, 3724906.897299999371171 ], [ 683745.926199999637902, 3724616.051400000229478 ], [ 683803.2489, 3724799.813400000333786 ], [ 683681.250599999912083, 3724767.179400000721216 ], [ 683628.354899999685585, 3725049.770300000905991 ], [ 683991.110999999567866, 3725370.897399999201298 ] ] ], [ [ [ 663802.128299999982119, 3729364.441800000146031 ], [ 664880.165699999779463, 3729184.60840000025928 ], [ 664807.560399999842048, 3728053.57799999974668 ], [ 664384.707600000314415, 3728599.899800000712276 ], [ 663816.738699999637902, 3728917.694199999794364 ], [ 663802.128299999982119, 3729364.441800000146031 ] ] ], [ [ [ 659199.452399999834597, 3734442.013399999588728 ], [ 659434.14850000012666, 3734090.797700000926852 ], [ 659273.329400000162423, 3733431.024700000882149 ], [ 659446.42090000025928, 3732241.189200000837445 ], [ 659015.862900000065565, 3732353.614099999889731 ], [ 658464.882500000298023, 3733171.342499999329448 ], [ 658113.079199999570847, 3733302.429500000551343 ], [ 658298.744800000451505, 3733721.067500000819564 ], [ 659075.815499999560416, 3734134.536100000143051 ], [ 659199.452399999834597, 3734442.013399999588728 ] ] ], [ [ [ 665658.580900000408292, 3752371.425799999386072 ], [ 666048.255400000140071, 3752350.221999999135733 ], [ 666370.6886, 3751932.868000000715256 ], [ 666523.168499999679625, 3752142.068 ], [ 666730.414900000207126, 3751993.756400000303984 ], [ 666981.218799999915063, 3752124.019500000402331 ], [ 667387.414499999955297, 3751892.938699999824166 ], [ 667702.261599999852479, 3751962.089400000870228 ], [ 668237.89780000038445, 3751625.804999999701977 ], [ 668483.392300000414252, 3751614.247600000351667 ], [ 668601.455500000156462, 3751802.527699999511242 ], [ 668828.353600000031292, 3751743.716399999335408 ], [ 671401.648699999786913, 3750687.200099999085069 ], [ 671533.081799999810755, 3750739.058700000867248 ], [ 671487.134999999776483, 3751012.21059999987483 ], [ 671600.607900000177324, 3751095.494300000369549 ], [ 671508.425499999895692, 3750988.533800000324845 ], [ 671675.441499999724329, 3750703.010800000280142 ], [ 671694.123200000263751, 3751095.769500000402331 ], [ 671911.22829999960959, 3750499.838600000366569 ], [ 673170.606100000441074, 3749804.06389999948442 ], [ 673624.892300000414252, 3749719.335899999365211 ], [ 674172.446700000204146, 3749899.355499999597669 ], [ 674840.04079999960959, 3749510.0702 ], [ 675542.007000000216067, 3749349.1042 ], [ 676041.918499999679625, 3749446.460899999365211 ], [ 676754.220499999821186, 3749298.065999999642372 ], [ 677169.507100000046194, 3749462.049900000914931 ], [ 678651.6716, 3749521.162499999627471 ], [ 678622.156200000084937, 3749653.7719 ], [ 678912.948200000450015, 3749817.7138 ], [ 679004.087299999780953, 3750418.115199999883771 ], [ 678502.524400000460446, 3751472.219499999657273 ], [ 678220.266200000420213, 3751607.859899999573827 ], [ 678783.764899999834597, 3751775.400800000876188 ], [ 681341.296000000089407, 3749211.706000000238419 ], [ 683617.639499999582767, 3747784.499399999156594 ], [ 684866.309299999848008, 3746234.906199999153614 ], [ 686192.368300000205636, 3745177.723099999129772 ], [ 687207.042500000447035, 3744743.690899999812245 ], [ 688255.193599999882281, 3744767.604299999773502 ], [ 688423.012799999676645, 3745015.527000000700355 ], [ 689563.417700000107288, 3744641.663499999791384 ], [ 690266.71129999961704, 3744146.0778 ], [ 690269.530899999663234, 3742322.88880000077188 ], [ 690412.56969999987632, 3741552.41579999960959 ], [ 690697.184299999848008, 3741345.312000000849366 ], [ 690525.572900000028312, 3741017.898900000378489 ], [ 690841.768199999816716, 3740276.4167 ], [ 690704.94579999987036, 3740482.143799999728799 ], [ 690693.686599999666214, 3740350.058000000193715 ], [ 690323.845599999651313, 3740256.63429999910295 ], [ 690097.628800000064075, 3740562.893999999389052 ], [ 689662.406700000166893, 3742206.996999999508262 ], [ 689651.533099999651313, 3741284.856499999761581 ], [ 689813.290000000037253, 3740694.195499999448657 ], [ 690207.871500000357628, 3740219.385500000789762 ], [ 690451.334099999628961, 3740138.259400000795722 ], [ 690714.100700000301003, 3740323.473300000652671 ], [ 690518.128100000321865, 3740011.961100000888109 ], [ 690698.186300000175834, 3739490.560100000351667 ], [ 690507.702100000344217, 3739073.648 ], [ 690307.949300000444055, 3738924.6053 ], [ 689943.696299999952316, 3739176.519600000232458 ], [ 689412.417500000447035, 3739049.634099999442697 ], [ 688022.976999999955297, 3738052.643200000748038 ], [ 687821.835900000296533, 3737598.1415 ], [ 687605.506799999624491, 3737526.926799999549985 ], [ 687697.105800000019372, 3737385.133500000461936 ], [ 687546.989000000059605, 3737438.593299999833107 ], [ 687466.098100000061095, 3737132.821900000795722 ], [ 687188.551099999807775, 3736999.674799999222159 ], [ 687259.202399999834597, 3736868.035599999129772 ], [ 687067.912299999967217, 3736802.9594 ], [ 687162.558899999596179, 3736696.954199999570847 ], [ 687055.196899999864399, 3736794.30379999987781 ], [ 686788.386599999852479, 3736576.830399999395013 ], [ 686602.318199999630451, 3736637.042899999767542 ], [ 686471.502199999988079, 3736501.027300000190735 ], [ 686465.928600000217557, 3736283.14780000038445 ], [ 686362.562400000169873, 3736188.361500000581145 ], [ 686374.639499999582767, 3736617.933900000527501 ], [ 685959.59389999974519, 3736555.9847999997437 ], [ 684986.247899999842048, 3736023.346200000494719 ], [ 684394.462899999693036, 3734729.799900000914931 ], [ 684112.322200000286102, 3733575.151200000196695 ], [ 683947.879200000315905, 3729817.863700000569224 ], [ 683772.72649999987334, 3729520.849700000137091 ], [ 683497.989199999719858, 3729261.5581 ], [ 683350.029000000096858, 3729206.389699999243021 ], [ 683714.990500000305474, 3729671.293999999761581 ], [ 683607.578700000420213, 3729654.692800000309944 ], [ 683539.521800000220537, 3730786.841499999165535 ], [ 683406.943400000222027, 3730778.57660000026226 ], [ 683368.845999999903142, 3731140.840299999341369 ], [ 683579.811499999836087, 3732382.616699999198318 ], [ 683310.712299999780953, 3731392.879799999296665 ], [ 683125.043300000019372, 3729650.347300000488758 ], [ 683131.300200000405312, 3729323.310100000351667 ], [ 683277.53249999973923, 3729278.095599999651313 ], [ 682910.818300000391901, 3728272.214400000870228 ], [ 682266.059700000099838, 3728011.395300000905991 ], [ 682291.951299999840558, 3728201.201999999582767 ], [ 682719.181400000117719, 3728449.8597999997437 ], [ 682557.159400000236928, 3728491.80460000038147 ], [ 682445.673499999567866, 3728942.957000000402331 ], [ 682794.823300000280142, 3729475.361999999731779 ], [ 682408.058699999935925, 3728949.698200000450015 ], [ 682084.93030000012368, 3729527.378100000321865 ], [ 682395.442999999970198, 3730287.730699999257922 ], [ 682321.35869999974966, 3730707.682099999859929 ], [ 682532.119599999859929, 3731341.227800000458956 ], [ 682164.419099999591708, 3732528.8597 ], [ 682283.662200000137091, 3733209.056199999526143 ], [ 681547.445199999958277, 3732922.343299999833107 ], [ 681143.535500000230968, 3732980.135900000110269 ], [ 680498.626699999906123, 3732034.019400000572205 ], [ 680131.578900000080466, 3730344.997099999338388 ], [ 679660.878700000233948, 3729626.621400000527501 ], [ 679722.302199999801815, 3729468.07799999974668 ], [ 678772.364500000141561, 3729101.754200000315905 ], [ 677562.197599999606609, 3727673.673900000751019 ], [ 677366.482300000265241, 3727872.815099999308586 ], [ 676669.635099999606609, 3727324.5 ], [ 676089.710199999623001, 3727369.975700000301003 ], [ 675366.065200000070035, 3726520.468499999493361 ], [ 675142.888600000180304, 3725508.38370000012219 ], [ 675162.809200000017881, 3723339.260099999606609 ], [ 674996.581600000150502, 3723111.007500000298023 ], [ 675106.107200000435114, 3722785.692800000309944 ], [ 674958.163399999961257, 3722420.674100000411272 ], [ 674557.351800000295043, 3722922.672399999573827 ], [ 673715.948599999770522, 3723220.285900000482798 ], [ 673252.250300000421703, 3724947.622600000351667 ], [ 673562.383200000040233, 3725399.924000000581145 ], [ 673538.220599999651313, 3726338.1491 ], [ 674166.937300000339746, 3727345.206299999728799 ], [ 674207.290599999949336, 3728054.95409999974072 ], [ 673935.597799999639392, 3728978.084100000560284 ], [ 672923.064100000075996, 3729964.9846 ], [ 672387.952600000426173, 3730830.543199999257922 ], [ 671144.862399999983609, 3732037.82120000012219 ], [ 670506.470499999821186, 3732985.114800000563264 ], [ 669503.83490000013262, 3733998.970499999821186 ], [ 669146.794599999673665, 3734170.412200000137091 ], [ 668064.021900000050664, 3733946.680600000545382 ], [ 667294.457799999974668, 3733148.866800000891089 ], [ 666703.887799999676645, 3732990.531600000336766 ], [ 665868.985299999825656, 3732312.68889999948442 ], [ 665514.972900000400841, 3731479.636 ], [ 665526.287200000137091, 3730480.898900000378489 ], [ 665940.282999999821186, 3729661.899800000712276 ], [ 665851.009300000034273, 3729533.5472 ], [ 665488.728900000452995, 3730084.607999999076128 ], [ 665165.881599999964237, 3730026.870799999684095 ], [ 664906.647199999541044, 3730464.545800000429153 ], [ 664225.788599999621511, 3730646.316199999302626 ], [ 663527.019500000402331, 3730421.606300000101328 ], [ 664105.050499999895692, 3730486.222500000149012 ], [ 664008.972199999727309, 3729982.845899999141693 ], [ 663158.614500000141561, 3729765.447499999776483 ], [ 662902.626699999906123, 3730536.845100000500679 ], [ 662072.158900000154972, 3731622.5099 ], [ 661882.167500000447035, 3731628.625499999150634 ], [ 661530.392599999904633, 3731993.4386 ], [ 661432.774799999780953, 3731608.518100000917912 ], [ 661281.600200000219047, 3731598.768699999898672 ], [ 661514.176599999889731, 3732030.82179999910295 ], [ 661261.539200000464916, 3732284.426200000569224 ], [ 661398.614900000393391, 3732272.321399999782443 ], [ 661238.799200000241399, 3732646.131899999454618 ], [ 660861.241899999789894, 3733007.4199 ], [ 660923.193500000052154, 3733376.920099999755621 ], [ 660587.659699999727309, 3734691.326500000432134 ], [ 660184.369099999777973, 3735432.113199999555945 ], [ 660004.149699999950826, 3735442.774599999189377 ], [ 660147.657999999821186, 3735550.168800000101328 ], [ 660208.643899999558926, 3736151.957399999722838 ], [ 659935.167500000447035, 3736823.130899999290705 ], [ 660076.595499999821186, 3737280.774399999529123 ], [ 660681.062300000339746, 3738225.101399999111891 ], [ 660753.634300000034273, 3738589.610300000756979 ], [ 660992.666699999943376, 3738450.338700000196695 ], [ 661209.097799999639392, 3738620.0537 ], [ 661112.385099999606609, 3739069.630100000649691 ], [ 661651.08629999961704, 3739883.58500000089407 ], [ 661866.664499999955297, 3740912.807 ], [ 661764.734600000083447, 3741916.229499999433756 ], [ 661879.960500000044703, 3741968.256799999624491 ], [ 661755.349200000055134, 3742018.982100000604987 ], [ 661899.957399999722838, 3742095.964199999347329 ], [ 661667.684200000017881, 3743342.106799999251962 ], [ 661846.096499999985099, 3743435.639399999752641 ], [ 661674.263899999670684, 3743503.1349 ], [ 661783.235100000165403, 3743547.61849999986589 ], [ 661778.86089999973774, 3744179.792099999263883 ], [ 661644.50829999987036, 3744466.022099999710917 ], [ 661796.724399999715388, 3745334.671499999240041 ], [ 661560.208300000056624, 3746209.069599999114871 ], [ 661295.089700000360608, 3746385.915899999439716 ], [ 661249.008500000461936, 3746585.872500000521541 ], [ 661395.832299999892712, 3746596.589700000360608 ], [ 661137.43819999974221, 3747114.677500000223517 ], [ 661220.711400000378489, 3747633.082000000402331 ], [ 661662.018799999728799, 3747420.450400000438094 ], [ 661919.407300000078976, 3747880.29109999909997 ], [ 661662.313799999654293, 3748251.806600000709295 ], [ 661333.570299999788404, 3748392.111700000241399 ], [ 661352.147599999792874, 3748955.834699999541044 ], [ 661517.922500000335276, 3749004.460899999365211 ], [ 661393.612499999813735, 3749140.087500000372529 ], [ 661419.104199999943376, 3749637.36879999935627 ], [ 661064.335900000296533, 3749511.372099999338388 ], [ 660978.677500000223517, 3749613.709100000560284 ], [ 661255.543800000101328, 3750202.626599999144673 ], [ 661255.735399999655783, 3750673.852299999445677 ], [ 663862.269700000062585, 3751595.47719999961555 ], [ 665753.302400000393391, 3751878.206700000911951 ], [ 665865.303999999538064, 3752209.299200000241399 ], [ 665679.148900000378489, 3752224.964099999517202 ], [ 665444.968299999833107, 3752344.166300000622869 ], [ 665225.476099999621511, 3752331.588300000876188 ], [ 665521.975200000219047, 3752354.066199999302626 ], [ 665729.92339999973774, 3752234.370999999344349 ], [ 665658.580900000408292, 3752371.425799999386072 ] ] ], [ [ [ 674947.957999999634922, 3753915.594200000166893 ], [ 675666.726099999621511, 3753663.131799999624491 ], [ 676573.037100000306964, 3753023.445000000298023 ], [ 677611.682300000451505, 3752543.158099999651313 ], [ 677998.694799999706447, 3752162.528699999675155 ], [ 676825.116200000047684, 3752664.035700000822544 ], [ 676304.337799999862909, 3752718.052200000733137 ], [ 675485.034099999815226, 3753373.0143 ], [ 674600.825100000016391, 3753653.537799999117851 ], [ 674947.957999999634922, 3753915.594200000166893 ] ] ], [ [ [ 602894.230100000277162, 3796835.385299999266863 ], [ 602060.917299999855459, 3796045.262399999424815 ], [ 601089.517400000244379, 3794800.287200000137091 ], [ 600823.126600000075996, 3794272.167400000616908 ], [ 600977.642099999822676, 3794133.308000000193715 ], [ 600916.996500000357628, 3793939.2179000005126 ], [ 600967.501699999906123, 3794119.964999999850988 ], [ 600851.623499999754131, 3794210.893200000748038 ], [ 600750.25069999974221, 3794053.843499999493361 ], [ 600863.745799999684095, 3793971.815400000661612 ], [ 600637.509800000116229, 3794088.139699999243021 ], [ 600472.146800000220537, 3793880.863199999555945 ], [ 599169.816200000233948, 3791287.698799999430776 ], [ 597997.993999999947846, 3787871.909099999815226 ], [ 596954.518899999558926, 3786372.599500000476837 ], [ 596437.313900000415742, 3785235.104100000113249 ], [ 596267.877700000070035, 3785005.057099999859929 ], [ 596014.512299999594688, 3784965.497400000691414 ], [ 596002.084499999880791, 3783062.174900000914931 ], [ 595791.736700000241399, 3782687.1228 ], [ 595613.477500000037253, 3781632.45409999974072 ], [ 595200.979199999943376, 3780829.35190000012517 ], [ 594688.375900000333786, 3781079.656400000676513 ], [ 593926.917999999597669, 3781168.761900000274181 ], [ 593798.639999999664724, 3781466.084599999710917 ], [ 593825.294300000183284, 3781196.6458 ], [ 594038.312400000169873, 3781074.436200000345707 ], [ 593881.364000000059605, 3780802.170099999755621 ], [ 594147.419599999673665, 3781047.2204 ], [ 594398.27170000039041, 3781050.2928 ], [ 595010.340599999763072, 3780626.47580000013113 ], [ 594535.344200000166893, 3780332.096699999645352 ], [ 594301.669400000013411, 3780381.968000000342727 ], [ 594194.298200000077486, 3780176.897299999371171 ], [ 594379.811900000087917, 3779851.2204 ], [ 594508.33559999987483, 3778629.830399999395013 ], [ 594247.113800000399351, 3776051.831900000572205 ], [ 593998.641699999570847, 3775641.687300000339746 ], [ 594146.849999999627471, 3775374.114900000393391 ], [ 593614.986999999731779, 3775406.5822 ], [ 593163.768500000238419, 3775060.462600000202656 ], [ 593053.009399999864399, 3774880.739800000563264 ], [ 593651.21129999961704, 3775368.7668999992311 ], [ 594013.600300000049174, 3775342.336100000888109 ], [ 593949.801199999637902, 3774802.226500000804663 ], [ 594142.30449999962002, 3774509.592399999499321 ], [ 594580.489500000141561, 3774314.6601 ], [ 594716.180900000035763, 3773699.440700000151992 ], [ 594546.855600000359118, 3773595.159199999645352 ], [ 594648.981399999931455, 3772328.534700000658631 ], [ 594485.384899999946356, 3771954.474500000476837 ], [ 594908.973199999891222, 3770531.34180000051856 ], [ 595606.232400000095367, 3766232.184399999678135 ], [ 596421.485600000247359, 3763418.545499999076128 ], [ 596377.290900000371039, 3763096.390100000426173 ], [ 596016.029000000096858, 3763148.931199999526143 ], [ 595028.821000000461936, 3763051.468599999323487 ], [ 596579.341500000096858, 3762961.254799999296665 ], [ 597995.016699999570847, 3759173.496300000697374 ], [ 600284.320199999958277, 3754547.175000000745058 ], [ 601158.636699999682605, 3754243.0449 ], [ 602258.457299999892712, 3754243.2017 ], [ 602468.722199999727309, 3754169.359400000423193 ], [ 602827.155899999663234, 3753905.025900000706315 ], [ 602256.777099999599159, 3754212.920800000429153 ], [ 601533.356200000271201, 3754215.668700000271201 ], [ 601546.42989999987185, 3753942.481699999421835 ], [ 601180.90500000026077, 3753858.88910000026226 ], [ 601315.479700000025332, 3753272.700200000777841 ], [ 602361.081199999898672, 3753398.204500000923872 ], [ 602481.653500000014901, 3753602.702099999412894 ], [ 602322.286600000225008, 3753324.255999999120831 ], [ 601878.425900000147521, 3752951.1118 ], [ 601912.295199999585748, 3752719.272199999541044 ], [ 601468.322900000028312, 3752609.465900000184774 ], [ 601985.082899999804795, 3752645.988299999386072 ], [ 602355.340300000272691, 3751497.005300000309944 ], [ 602862.484199999831617, 3750653.518400000408292 ], [ 603253.327600000426173, 3750842.71169999986887 ], [ 603555.249900000169873, 3750660.148199999704957 ], [ 603215.161000000312924, 3750816.349500000476837 ], [ 602753.144600000232458, 3750496.024599999189377 ], [ 603149.674899999983609, 3750733.330199999734759 ], [ 603139.67119999974966, 3750525.582699999213219 ], [ 603312.86670000012964, 3750677.424499999731779 ], [ 603422.042200000025332, 3750609.901799999177456 ], [ 603254.201299999840558, 3750431.703099999576807 ], [ 603667.10149999987334, 3749258.280200000852346 ], [ 609379.327100000344217, 3742723.462600000202656 ], [ 613287.125599999912083, 3739703.879499999806285 ], [ 613394.886300000362098, 3739382.596899999305606 ], [ 613177.511400000192225, 3739556.008099999278784 ], [ 613227.510800000280142, 3739266.5472999997437 ], [ 613933.900899999774992, 3739021.3902000002563 ], [ 614923.790699999779463, 3738221.9583 ], [ 615048.738699999637902, 3738209.530500000342727 ], [ 615002.525799999944866, 3738329.4254 ], [ 615146.955199999734759, 3738219.382799999788404 ], [ 615241.773900000378489, 3738216.049100000411272 ], [ 615059.36710000038147, 3738299.244899999350309 ], [ 615065.443400000222027, 3738463.333799999207258 ], [ 615347.710099999792874, 3738360.8575 ], [ 616225.884700000286102, 3737570.251199999824166 ], [ 616241.17200000025332, 3737354.36119999922812 ], [ 616695.448699999600649, 3737177.054500000551343 ], [ 617481.962000000290573, 3736508.467199999839067 ], [ 617944.891499999910593, 3735935.69400000013411 ], [ 618047.951799999922514, 3735085.530600000172853 ], [ 618645.848899999633431, 3734392.251700000837445 ], [ 618643.379200000315905, 3733367.6097 ], [ 618890.240699999965727, 3733942.331700000911951 ], [ 619498.838200000114739, 3733879.468299999833107 ], [ 623439.03249999973923, 3730161.377800000831485 ], [ 625327.528400000184774, 3729005.8597 ], [ 625481.527400000020862, 3729201.083699999377131 ], [ 625800.312699999660254, 3729024.696599999442697 ], [ 626183.012799999676645, 3729551.245999999344349 ], [ 626334.621399999596179, 3729511.439300000667572 ], [ 626385.110700000077486, 3729390.654899999499321 ], [ 626230.660799999721348, 3729535.559100000187755 ], [ 626076.582899999804795, 3729364.998400000855327 ], [ 626216.182199999690056, 3729262.477700000628829 ], [ 626317.947300000116229, 3729389.694499999284744 ], [ 626321.5625, 3729317.130699999630451 ], [ 626218.754200000315905, 3729246.559699999168515 ], [ 626067.324099999852479, 3729356.155999999493361 ], [ 625822.744900000281632, 3729014.70409999974072 ], [ 625848.996199999935925, 3728696.628000000491738 ], [ 629797.010900000110269, 3726024.737700000405312 ], [ 630901.058400000445545, 3725736.199500000104308 ], [ 631385.235700000077486, 3725399.326999999582767 ], [ 631577.001899999566376, 3725599.615900000557303 ], [ 631722.985000000335276, 3725493.925899999216199 ], [ 631648.428199999965727, 3725380.163599999621511 ], [ 631846.897699999623001, 3725412.387900000438094 ], [ 631697.905899999663234, 3725307.035199999809265 ], [ 632496.533400000073016, 3725315.866100000217557 ], [ 632992.360700000077486, 3725047.137599999085069 ], [ 633701.678700000047684, 3724943.542999999597669 ], [ 633834.916899999603629, 3725045.612600000575185 ], [ 634088.685200000181794, 3724840.862999999895692 ], [ 636050.729299999773502, 3724451.248500000685453 ], [ 636308.051199999637902, 3723895.554500000551343 ], [ 636203.826399999670684, 3723660.847200000658631 ], [ 635993.513600000180304, 3723838.440899999812245 ], [ 635660.339900000020862, 3723547.984200000762939 ], [ 635584.593700000084937, 3722412.898600000888109 ], [ 635212.687300000339746, 3722054.07880000025034 ], [ 634427.219399999827147, 3721925.892699999734759 ], [ 634226.973199999891222, 3722127.3311 ], [ 634414.674599999561906, 3721871.2983 ], [ 635585.45409999974072, 3721978.031899999827147 ], [ 635653.424700000323355, 3722178.684900000691414 ], [ 636198.064699999988079, 3722354.997999999672174 ], [ 636291.833100000396371, 3722674.366699999198318 ], [ 636757.026399999856949, 3723088.75929999910295 ], [ 636857.100599999539554, 3722818.379799999296665 ], [ 636636.685200000181794, 3722696.869300000369549 ], [ 636534.776899999938905, 3722498.052500000223517 ], [ 636928.239199999719858, 3722776.440199999138713 ], [ 637017.948499999940395, 3722469.06279999949038 ], [ 636672.13219999987632, 3722198.557600000873208 ], [ 636816.247800000011921, 3722087.0724 ], [ 637271.628499999642372, 3722246.9353 ], [ 637794.01630000025034, 3721352.356200000271201 ], [ 637571.742300000041723, 3721925.862299999222159 ], [ 637780.40610000025481, 3722222.704600000753999 ], [ 638808.368800000287592, 3722654.07039999961853 ], [ 639992.81209999974817, 3722781.206000000238419 ], [ 640712.007699999958277, 3723204.846699999645352 ], [ 640918.108, 3723636.220300000160933 ], [ 644066.770800000056624, 3723912.47749999910593 ], [ 644747.165699999779463, 3724127.150499999523163 ], [ 644987.308799999766052, 3724329.150699999183416 ], [ 644923.905899999663234, 3724503.819900000467896 ], [ 645367.200000000186265, 3724637.005899999290705 ], [ 645097.312599999830127, 3723550.349600000306964 ], [ 644122.809399999678135, 3721996.456599999219179 ], [ 644033.435800000093877, 3721146.203400000929832 ], [ 643649.785299999639392, 3720506.403300000354648 ], [ 644138.052699999883771, 3721074.055800000205636 ], [ 644293.206500000320375, 3721752.265100000426173 ], [ 644735.108199999667704, 3722050.765799999237061 ], [ 645763.800800000317395, 3722226.8596 ], [ 646495.490899999625981, 3721748.239800000563264 ], [ 647147.469399999827147, 3721792.336300000548363 ], [ 647864.353699999861419, 3722309.55629999935627 ], [ 647836.032800000160933, 3723018.149800000712276 ], [ 646529.714200000278652, 3722325.93610000051558 ], [ 646390.712500000372529, 3722530.621200000867248 ], [ 646090.485799999907613, 3722446.467599999159575 ], [ 645282.075000000186265, 3722947.414300000295043 ], [ 645187.413200000301003, 3723355.713199999183416 ], [ 645453.4046, 3723651.911699999123812 ], [ 645422.342600000090897, 3724118.932499999180436 ], [ 645680.278400000184774, 3724521.855699999257922 ], [ 646621.32050000037998, 3724889.214700000360608 ], [ 648286.411100000143051, 3725221.353900000452995 ], [ 648317.138399999588728, 3725513.792500000447035 ], [ 649005.411399999633431, 3725877.693099999800324 ], [ 649196.050999999977648, 3726184.965700000524521 ], [ 649900.904299999587238, 3726375.7686 ], [ 650190.920300000347197, 3726271.014799999073148 ], [ 650666.130099999718368, 3726628.4013 ], [ 652451.635499999858439, 3726856.125700000673532 ], [ 655443.643000000156462, 3729345.134700000286102 ], [ 656702.084099999628961, 3729821.919700000435114 ], [ 657274.373100000433624, 3730327.774599999189377 ], [ 659128.197200000286102, 3730641.58420000039041 ], [ 659668.228699999861419, 3730532.981599999591708 ], [ 660831.965900000184774, 3729560.907500000670552 ], [ 661728.261800000444055, 3727303.677799999713898 ], [ 661356.588200000114739, 3726461.007999999448657 ], [ 661153.773599999956787, 3725137.95160000026226 ], [ 661130.683299999684095, 3725370.36119999922812 ], [ 661121.626600000075996, 3725366.658500000834465 ], [ 661122.460099999792874, 3725269.963400000706315 ], [ 661109.764999999664724, 3725227.652499999850988 ], [ 660940.148400000296533, 3725429.062999999150634 ], [ 660456.627700000070035, 3723772.70920000039041 ], [ 660517.630699999630451, 3721638.003100000321865 ], [ 661046.475899999961257, 3719925.555299999192357 ], [ 660934.174499999731779, 3718977.86460000090301 ], [ 660812.433199999853969, 3718670.524700000882149 ], [ 660103.650500000454485, 3718125.404999999329448 ], [ 659653.729799999855459, 3715978.9112 ], [ 659295.328999999910593, 3716039.1064 ], [ 658883.936300000175834, 3715879.520099999383092 ], [ 658182.552199999801815, 3715037.699699999764562 ], [ 656939.9989, 3714319.665200000628829 ], [ 656613.102099999785423, 3713948.411499999463558 ], [ 656199.246100000105798, 3713162.690700000151992 ], [ 656004.833700000308454, 3712236.650699999183416 ], [ 656112.484400000423193, 3712078.4222999997437 ], [ 656771.809100000187755, 3712088.25139999948442 ], [ 656800.352099999785423, 3711953.333799999207258 ], [ 656087.46239999961108, 3712050.350199999287724 ], [ 655993.996299999766052, 3711403.377000000327826 ], [ 656253.919099999591708, 3710928.663200000301003 ], [ 656841.685700000263751, 3710990.337300000712276 ], [ 657191.497100000269711, 3710743.503399999812245 ], [ 658029.345999999903142, 3709783.314099999144673 ], [ 658141.646200000308454, 3709331.499099999666214 ], [ 658053.753999999724329, 3708819.4695999994874 ], [ 657716.761699999682605, 3707647.321100000292063 ], [ 657528.741600000299513, 3707461.923800000920892 ], [ 657975.970300000160933, 3706813.699300000444055 ], [ 657894.543300000019372, 3706722.682099999859929 ], [ 660362.323099999688566, 3706516.737199999392033 ], [ 661479.124099999666214, 3705674.796299999579787 ], [ 661761.225899999961257, 3705368.18720000050962 ], [ 661826.926900000311434, 3705033.874800000339746 ], [ 662312.216699999757111, 3704936.940899999812245 ], [ 662576.737499999813735, 3704493.95549999922514 ], [ 663069.486299999989569, 3704509.607200000435114 ], [ 663256.38300000037998, 3704815.233799999579787 ], [ 663394.253800000064075, 3704683.737400000914931 ], [ 663981.436099999584258, 3704908.31279999949038 ], [ 664286.531700000166893, 3704757.394500000402331 ], [ 665320.33490000013262, 3704928.430099999532104 ], [ 665378.379900000058115, 3704630.482300000265241 ], [ 665487.162399999797344, 3705137.94789999909699 ], [ 665566.754399999976158, 3704638.718100000172853 ], [ 665702.573800000362098, 3705273.427500000223517 ], [ 665961.618599999696016, 3705450.786100000143051 ], [ 665911.021399999968708, 3705669.586899999529123 ], [ 666925.544800000265241, 3705740.481200000271201 ], [ 667191.511900000274181, 3705901.050300000235438 ], [ 667779.165500000119209, 3707164.619200000539422 ], [ 669745.599799999967217, 3707375.432199999690056 ], [ 671180.463800000026822, 3707953.798100000247359 ], [ 671546.91469999961555, 3708611.712799999862909 ], [ 671955.918100000359118, 3708880.145099999383092 ], [ 673231.907399999909103, 3709135.199699999764562 ], [ 675144.531000000424683, 3709927.29590000025928 ], [ 677676.018400000408292, 3710611.443 ], [ 678721.99239999987185, 3711099.453299999237061 ], [ 678685.985100000165403, 3711462.86769999936223 ], [ 679085.93030000012368, 3711673.979800000786781 ], [ 679001.072499999776483, 3711948.650699999183416 ], [ 679235.0148, 3712019.616800000891089 ], [ 679273.151899999938905, 3712287.668800000101328 ], [ 680339.41440000012517, 3713742.3213 ], [ 680391.947300000116229, 3714479.06980000063777 ], [ 680734.71100000012666, 3714806.055299999192357 ], [ 680849.773699999786913, 3715219.38370000012219 ], [ 680692.863599999807775, 3715777.6831 ], [ 680263.306699999608099, 3716190.967700000852346 ], [ 680114.369699999690056, 3716656.542199999094009 ], [ 679772.503399999812245, 3716463.1392 ], [ 680072.519199999980628, 3716691.435900000855327 ], [ 679963.343100000172853, 3716998.239 ], [ 679520.735600000247359, 3717436.708200000226498 ], [ 678751.669599999673665, 3718953.151699999347329 ], [ 677412.74170000012964, 3719404.5888 ], [ 677308.497600000351667, 3719835.344200000166893 ], [ 677415.85869999974966, 3720231.92710000090301 ], [ 677230.797600000165403, 3720268.015100000426173 ], [ 677389.403300000354648, 3720258.279500000178814 ], [ 677969.750599999912083, 3720960.780500000342727 ], [ 678056.53249999973923, 3720887.88260000012815 ], [ 678196.239199999719858, 3721195.642200000584126 ], [ 678634.145399999804795, 3721127.219000000506639 ], [ 678784.811700000427663, 3721381.446900000795722 ], [ 679611.618599999696016, 3721761.333799999207258 ], [ 679939.772699999623001, 3721640.829800000414252 ], [ 680244.854500000365078, 3721731.960400000214577 ], [ 680645.999400000087917, 3722370.543099999427795 ], [ 680552.723399999551475, 3722512.0320999994874 ], [ 680566.724700000137091, 3722538.292899999767542 ], [ 680783.611899999901652, 3722313.05629999935627 ], [ 681568.161399999633431, 3722262.114299999549985 ], [ 681914.097599999979138, 3721964.819900000467896 ], [ 682182.892199999652803, 3722042.6053 ], [ 682920.527099999599159, 3721556.241800000891089 ], [ 684033.161100000143051, 3721589.357799999415874 ], [ 684431.971199999563396, 3721929.183499999344349 ], [ 684833.576500000432134, 3721942.580600000917912 ], [ 685041.263100000098348, 3722242.341299999505281 ], [ 685006.546699999831617, 3723141.300799999386072 ], [ 684799.101400000043213, 3723160.929300000891089 ], [ 684690.446100000292063, 3722858.474600000306964 ], [ 684295.977400000207126, 3723108.382999999448657 ], [ 684352.606800000183284, 3723383.2007 ], [ 684606.184600000269711, 3723563.715099999681115 ], [ 685614.812800000421703, 3723251.498299999162555 ], [ 685778.766400000080466, 3723430.080199999734759 ], [ 686151.802199999801815, 3723467.11629999987781 ], [ 687429.95299999974668, 3722425.392699999734759 ], [ 688611.142500000074506, 3721830.001199999824166 ], [ 689926.603199999779463, 3721926.5186 ], [ 691061.669900000095367, 3720486.214400000870228 ], [ 691710.00650000013411, 3720146.83809999935329 ], [ 691497.99210000038147, 3719967.44480000063777 ], [ 691665.518199999816716, 3719581.33809999935329 ], [ 692756.291299999691546, 3718656.671900000423193 ], [ 695385.41399999987334, 3715078.296800000593066 ], [ 696378.390999999828637, 3712167.156999999657273 ], [ 696275.380499999970198, 3711900.932099999859929 ], [ 696461.639999999664724, 3711386.648700000718236 ], [ 696348.301300000399351, 3711198.222500000149012 ], [ 696734.984000000171363, 3709316.808599999174476 ], [ 696670.902099999599159, 3708553.65059999935329 ], [ 697136.406700000166893, 3707326.674799999222159 ], [ 697993.568900000303984, 3706043.365299999713898 ], [ 697059.471599999815226, 3707304.322499999776483 ], [ 696899.885800000280142, 3707761.653100000694394 ], [ 696675.625500000081956, 3707798.441199999302626 ], [ 696465.349799999967217, 3707572.672900000587106 ], [ 696512.303700000047684, 3707332.9331 ], [ 696686.191800000146031, 3707212.6074 ], [ 696875.705000000074506, 3707415.190700000151992 ], [ 696982.805100000463426, 3707277.570900000631809 ], [ 696699.793700000271201, 3707168.806199999526143 ], [ 696381.818300000391901, 3707406.764499999582767 ], [ 696145.441399999894202, 3707028.8849 ], [ 696461.450400000438094, 3706657.125600000843406 ], [ 696596.155100000090897, 3706764.185100000351667 ], [ 697004.62569999974221, 3706094.964199999347329 ], [ 696902.763600000180304, 3706183.4145 ], [ 696173.965599999763072, 3705675.012700000777841 ], [ 696196.775700000114739, 3704970.1075 ], [ 696061.351800000295043, 3705521.207399999722838 ], [ 695715.616600000299513, 3705538.109400000423193 ], [ 695389.774299999698997, 3703910.710400000214577 ], [ 694902.953999999910593, 3703036.78940000012517 ], [ 694770.121299999766052, 3703072.384800000116229 ], [ 694837.79619999974966, 3702767.017300000414252 ], [ 694601.97719999961555, 3702425.109899999573827 ], [ 694476.033999999985099, 3701460.767100000753999 ], [ 694556.554100000299513, 3700539.577600000426173 ], [ 695831.767199999652803, 3698514.125199999660254 ], [ 695710.026200000196695, 3698002.017000000923872 ], [ 695861.644100000150502, 3697434.916500000283122 ], [ 697399.932599999941885, 3695304.531999999657273 ], [ 697423.559500000439584, 3694451.180600000545382 ], [ 696870.263600000180304, 3693484.590399999171495 ], [ 696462.406700000166893, 3693171.136499999091029 ], [ 695720.121199999935925, 3693106.834499999880791 ], [ 695584.091199999675155, 3693475.363199999555945 ], [ 695005.724000000394881, 3693410.39949999935925 ], [ 694570.063500000163913, 3692861.3597999997437 ], [ 694681.557599999941885, 3692269.145099999383092 ], [ 695441.456299999728799, 3692378.424100000411272 ], [ 696171.766400000080466, 3692238.2785 ], [ 696523.667100000195205, 3692470.804099999368191 ], [ 696861.224899999797344, 3692459.200200000777841 ], [ 697794.779099999926984, 3693259.484300000593066 ], [ 697833.8454, 3693617.619400000199676 ], [ 698607.871700000017881, 3693902.517100000753999 ], [ 699865.077100000344217, 3693244.168800000101328 ], [ 701712.689000000245869, 3691383.244100000709295 ], [ 702255.864799999631941, 3690695.309900000691414 ], [ 702177.069500000216067, 3690405.059800000861287 ], [ 702316.495400000363588, 3690204.787900000810623 ], [ 702178.270800000056624, 3689814.587200000882149 ], [ 702297.984400000423193, 3689461.117799999192357 ], [ 703021.199799999594688, 3689196.642100000753999 ], [ 702936.011300000362098, 3689068.968100000172853 ], [ 703259.685700000263751, 3688846.386900000274181 ], [ 703955.003399999812245, 3688606.50760000012815 ], [ 704200.326000000350177, 3688795.135600000619888 ], [ 704361.090499999932945, 3688583.558199999853969 ], [ 704582.86849999986589, 3688628.026000000536442 ], [ 708496.687199999578297, 3687067.846799999475479 ], [ 709701.620600000023842, 3686224.406300000846386 ], [ 713587.060600000433624, 3684093.57179999910295 ], [ 713443.556499999947846, 3683864.404100000858307 ], [ 712484.301199999637902, 3684493.745100000873208 ], [ 711928.07010000012815, 3684512.206800000742078 ], [ 711102.019999999552965, 3684934.745899999514222 ], [ 710314.508399999700487, 3685059.777300000190735 ], [ 708526.585900000296533, 3685880.0603 ], [ 705726.81180000025779, 3686676.312300000339746 ], [ 702455.190799999982119, 3687959.392799999564886 ], [ 701858.635300000198185, 3687931.590500000864267 ], [ 700956.376899999566376, 3688288.885299999266863 ], [ 699791.246399999596179, 3688306.044399999082088 ], [ 699087.838399999774992, 3687654.447799999266863 ], [ 698167.465400000102818, 3687832.973999999463558 ], [ 697708.763399999588728, 3686922.8333 ], [ 697647.715599999763072, 3685627.929400000721216 ], [ 697368.079199999570847, 3685354.924699999392033 ], [ 697094.890100000426173, 3685456.504899999126792 ], [ 697064.619900000281632, 3685156.162100000306964 ], [ 697020.578599999658763, 3685361.83390000090003 ], [ 696885.194199999794364, 3685403.627800000831485 ], [ 696895.399600000120699, 3685199.993899999186397 ], [ 696805.893299999646842, 3685326.871300000697374 ], [ 697047.767799999564886, 3684514.9222 ], [ 697471.123200000263751, 3684339.970200000330806 ], [ 697612.273599999956787, 3684026.243200000375509 ], [ 697797.862999999895692, 3684302.893200000748038 ], [ 698891.996600000187755, 3682559.9627 ], [ 699503.774000000208616, 3681986.338199999183416 ], [ 700628.161399999633431, 3681433.063200000673532 ], [ 701134.075699999928474, 3680905.719399999827147 ], [ 701190.975499999709427, 3680219.461400000378489 ], [ 701390.047199999913573, 3679938.831599999219179 ], [ 701269.032399999909103, 3679948.8925 ], [ 701935.618800000287592, 3679150.642699999734759 ], [ 701873.127999999560416, 3677555.6382 ], [ 702677.785500000230968, 3675986.722500000149012 ], [ 703688.402099999599159, 3675394.495899999514222 ], [ 704260.49239999987185, 3675335.631400000303984 ], [ 704849.122600000351667, 3675642.418199999257922 ], [ 704168.224999999627471, 3675596.82799999974668 ], [ 704227.528199999593198, 3675692.054999999701977 ], [ 706052.581899999640882, 3676013.240900000557303 ], [ 706180.233099999837577, 3676214.089500000700355 ], [ 708660.761099999770522, 3675719.40430000051856 ], [ 710873.621600000187755, 3675938.8498 ], [ 711492.745299999602139, 3675858.568600000813603 ], [ 714141.283300000242889, 3674900.964500000700355 ], [ 720682.740100000053644, 3673305.381699999794364 ], [ 721553.692499999888241, 3673365.490499999374151 ], [ 722038.406999999657273, 3673813.023900000378489 ], [ 722464.801199999637902, 3673751.240199999883771 ], [ 722866.039800000376999, 3674323.421 ], [ 723115.943199999630451, 3674070.411100000143051 ], [ 723747.916799999773502, 3673917.428099999204278 ], [ 724673.273699999786913, 3673245.33559999987483 ], [ 725420.06290000025183, 3673015.193499999120831 ], [ 726414.85329999960959, 3673069.264799999073148 ], [ 727209.012699999846518, 3673638.709799999371171 ], [ 727528.801900000311434, 3673345.803300000727177 ], [ 727917.35080000013113, 3673352.790200000628829 ], [ 727564.695700000040233, 3673409.705900000408292 ], [ 727334.247600000351667, 3673747.4518 ], [ 727741.685800000093877, 3673983.831599999219179 ], [ 727701.128299999982119, 3674219.821900000795722 ], [ 727978.684600000269711, 3674154.11119999922812 ], [ 727793.709599999710917, 3674314.841299999505281 ], [ 727932.324599999934435, 3674509.065500000491738 ], [ 727826.048899999819696, 3674485.857100000604987 ], [ 727793.413499999791384, 3674872.160900000482798 ], [ 727502.764399999752641, 3675246.3278 ], [ 725190.753399999812245, 3676538.676899999380112 ], [ 725401.277900000102818, 3676322.032199999317527 ], [ 725279.667500000447035, 3676335.076099999248981 ], [ 724362.573699999600649, 3677219.881400000303984 ], [ 723044.705299999564886, 3678031.99970000050962 ], [ 720564.393500000238419, 3679996.52449999935925 ], [ 719285.913099999539554, 3681232.692099999636412 ], [ 718024.051599999889731, 3681948.365900000557303 ], [ 716342.904699999839067, 3682605.9748 ], [ 716313.121199999935925, 3682828.822300000116229 ], [ 716516.331299999728799, 3682841.065199999138713 ], [ 717629.833700000308454, 3682439.098799999803305 ], [ 719520.420599999837577, 3681445.0801 ], [ 724456.604899999685585, 3677621.293999999761581 ], [ 731502.971300000324845, 3673775.635900000110269 ], [ 732189.688900000415742, 3673624.9781 ], [ 732192.129099999554455, 3674111.7027000002563 ], [ 731964.03760000038892, 3674248.053899999707937 ], [ 732188.723699999973178, 3674284.819499999284744 ], [ 732242.733599999919534, 3673640.427300000563264 ], [ 734216.287499999627471, 3672695.068399999290705 ], [ 736073.513299999758601, 3672280.680299999192357 ], [ 736680.658400000073016, 3672292.213500000536442 ], [ 737291.464599999599159, 3672037.909099999815226 ], [ 738305.217699999921024, 3672321.663599999621511 ], [ 738859.666400000452995, 3672237.928099999204278 ], [ 738781.459300000220537, 3669947.053600000217557 ], [ 738546.838100000284612, 3668789.544299999251962 ], [ 736590.068699999712408, 3663373.275800000876188 ], [ 736110.380300000309944, 3662575.525299999862909 ], [ 735756.252600000239909, 3661194.7697 ], [ 735614.125599999912083, 3659854.5143 ], [ 735633.059299999848008, 3654784.488700000569224 ], [ 736305.433500000275671, 3651976.229100000113249 ], [ 735279.364599999971688, 3650760.476299999281764 ], [ 735121.799700000323355, 3649147.719699999317527 ], [ 733941.791299999691546, 3645837.457100000232458 ], [ 732785.594100000336766, 3641203.688999999314547 ], [ 734110.96239999961108, 3636668.942800000309944 ], [ 733145.832399999722838, 3628781.887599999085069 ], [ 733209.955199999734759, 3626455.878000000491738 ], [ 733788.3898, 3623275.613700000569224 ], [ 734006.815999999642372, 3620211.520500000566244 ], [ 732920.691800000146031, 3614676.580199999734759 ], [ 735014.94510000012815, 3610199.8103 ], [ 737457.9527000002563, 3608235.299699999392033 ], [ 739635.894899999722838, 3606942.5461 ], [ 742134.466099999845028, 3603506.528999999165535 ], [ 742825.717299999669194, 3602961.267100000753999 ], [ 744311.786000000312924, 3600079.260600000619888 ], [ 744975.277999999932945, 3596363.241599999368191 ], [ 745167.21750000026077, 3594064.734899999573827 ], [ 744993.153800000436604, 3593627.48340000025928 ], [ 744220.462299999780953, 3592726.480799999088049 ], [ 742835.705599999986589, 3591582.227800000458956 ], [ 742242.702600000426173, 3590882.225700000301003 ], [ 739967.815100000239909, 3587714.465800000354648 ], [ 737657.742899999953806, 3587002.215600000694394 ], [ 736274.176799999549985, 3586303.219399999827147 ], [ 730981.152999999932945, 3582334.457499999552965 ], [ 727519.760099999606609, 3581273.704199999570847 ], [ 723851.80559999961406, 3578470.69649999961257 ], [ 721177.355999999679625, 3576726.193199999630451 ], [ 716352.398599999956787, 3575308.442600000649691 ], [ 703905.626600000075996, 3570828.52309999987483 ], [ 703536.408300000242889, 3569927.182600000873208 ], [ 703100.275399999693036, 3569616.185200000181794 ], [ 698188.699300000444055, 3566608.9803 ], [ 694424.620600000023842, 3564984.17879999987781 ], [ 691629.481100000441074, 3562650.96680000051856 ], [ 690889.545800000429153, 3562486.6706000007689 ], [ 690618.107699999585748, 3562143.3695 ], [ 686637.146300000138581, 3560819.167300000786781 ], [ 682005.187800000421703, 3557175.95920000039041 ], [ 678782.360100000165403, 3555139.648800000548363 ], [ 675243.096300000324845, 3552333.142400000244379 ], [ 675393.903400000184774, 3550131.632500000298023 ], [ 675266.215800000354648, 3549859.3366 ], [ 674499.150399999693036, 3548499.929199999198318 ], [ 672389.705000000074506, 3545584.123299999162555 ], [ 670538.511800000444055, 3542305.609999999403954 ], [ 669361.123200000263751, 3540614.309499999508262 ], [ 668781.44620000012219, 3540186.105499999597669 ], [ 667236.061499999836087, 3539409.601800000295043 ], [ 665700.052500000223517, 3538942.296299999579787 ], [ 664737.668600000441074, 3539202.305099999532104 ], [ 662281.600399999879301, 3536974.5921 ], [ 661067.535600000061095, 3537133.601399999111891 ], [ 658740.14670000039041, 3538161.607899999246001 ], [ 657886.269799999892712, 3538261.1085 ], [ 656724.640399999916553, 3538105.100099999457598 ], [ 655795.635200000368059, 3537555.901100000366569 ], [ 655569.203499999828637, 3537604.101500000804663 ], [ 655277.628899999894202, 3537111.600099999457598 ], [ 654639.950699999928474, 3537137.105599999427795 ], [ 654980.703099999576807, 3536712.099899999797344 ], [ 654841.892, 3536702.901699999347329 ], [ 654607.197300000116229, 3536101.602399999275804 ], [ 654021.319799999706447, 3536008.3015 ], [ 653857.449400000274181, 3535788.095499999821186 ], [ 654341.820199999958277, 3535454.291899999603629 ], [ 653979.388399999588728, 3534617.289200000464916 ], [ 654643.131599999964237, 3534473.098099999129772 ], [ 654623.25899999961257, 3534246.293400000780821 ], [ 654284.567800000309944, 3534022.288499999791384 ], [ 654400.199199999682605, 3533233.085899999365211 ], [ 653911.194099999964237, 3533391.284700000658631 ], [ 653848.253800000064075, 3533793.894300000742078 ], [ 653632.624200000427663, 3533687.296 ], [ 653692.504700000397861, 3532615.090099999681115 ], [ 652543.936200000345707, 3531583.08699999935925 ], [ 653186.751600000075996, 3531557.281999999657273 ], [ 652797.191499999724329, 3531163.581199999898672 ], [ 652705.942400000058115, 3530747.084100000560284 ], [ 653125.689699999988079, 3529702.872300000861287 ], [ 654130.8114, 3528927.076899999752641 ], [ 654466.500900000333786, 3528455.570900000631809 ], [ 654627.567200000397861, 3527918.568199999630451 ], [ 654455.310200000181794, 3527095.263399999588728 ], [ 652610.491200000047684, 3523435.556399999186397 ], [ 650513.044800000265241, 3521612.252299999818206 ], [ 648914.786799999885261, 3519671.541300000622869 ], [ 647832.976999999955297, 3518654.5456000007689 ], [ 647737.159799999557436, 3518047.237099999561906 ], [ 647992.665500000119209, 3516927.030899999663234 ], [ 647081.091300000436604, 3515317.033500000834465 ], [ 646446.348199999891222, 3514715.824500000104308 ], [ 644924.076000000350177, 3512447.018899999558926 ], [ 644055.076100000180304, 3512061.5165 ], [ 642104.638700000010431, 3512316.527300000190735 ], [ 641583.384200000204146, 3512255.219900000840425 ], [ 640257.323400000110269, 3511358.81980000063777 ], [ 639066.874499999918044, 3510905.821399999782443 ], [ 638509.371000000275671, 3510869.519099999219179 ], [ 633945.230700000189245, 3510941.527300000190735 ], [ 631517.159799999557436, 3511858.825200000777841 ], [ 631066.217799999751151, 3511875.832399999722838 ], [ 623310.501400000415742, 3507325.817199999466538 ], [ 622854.495900000445545, 3506753.511900000274181 ], [ 616198.346900000236928, 3495551.476399999111891 ], [ 614844.719499999657273, 3493009.476199999451637 ], [ 613816.895499999634922, 3491457.467399999499321 ], [ 609115.50829999987036, 3485320.448100000619888 ], [ 608230.008100000210106, 3484416.949200000613928 ], [ 607245.367700000293553, 3482737.735999999567866 ], [ 607145.930399999953806, 3482274.438999999314547 ], [ 607236.502500000409782, 3480902.7331000007689 ], [ 607524.454300000332296, 3480645.975700000301003 ], [ 608814.689100000075996, 3478309.010800000280142 ], [ 609146.67850000038743, 3475128.0899 ], [ 609721.28899999987334, 3472357.280500000342727 ], [ 611955.043600000441074, 3467015.931600000709295 ], [ 613972.957000000402331, 3461070.691099999472499 ], [ 617182.213399999774992, 3453726.635299999266863 ], [ 617644.973600000143051, 3451480.628000000491738 ], [ 619481.878700000233948, 3450009.842199999839067 ], [ 618997.076100000180304, 3448075.94620000012219 ], [ 620078.696600000374019, 3443000.1294 ], [ 622456.632100000046194, 3439421.296599999070168 ], [ 621326.245400000363588, 3434124.250600000843406 ], [ 622075.904900000430644, 3429200.104800000786781 ], [ 624556.056099999696016, 3418306.089700000360608 ], [ 623119.310499999672174, 3416236.1042 ], [ 622405.875599999912083, 3411598.660499999299645 ], [ 621217.339700000360608, 3407661.819299999624491 ], [ 619110.7511, 3403878.179199999198318 ], [ 618669.388700000010431, 3401924.773700000718236 ], [ 616575.780399999581277, 3398369.7642 ], [ 610087.237300000153482, 3390901.04590000025928 ], [ 607318.116899999789894, 3386478.794399999082088 ], [ 605355.629200000315905, 3382646.684299999848008 ], [ 603802.063500000163913, 3380321.018400000408292 ], [ 600838.893400000408292, 3377078.790500000119209 ], [ 598454.835099999792874, 3373862.42259999923408 ], [ 596552.208100000396371, 3370373.363600000739098 ], [ 592768.5148, 3364797.149700000882149 ], [ 591270.46999999973923, 3363161.3257 ], [ 590170.895899999886751, 3361036.260299999266863 ], [ 586445.574199999682605, 3357929.713400000706315 ], [ 579185.933699999935925, 3356472.342199999839067 ], [ 566505.816700000315905, 3350193.659499999135733 ], [ 563415.787899999879301, 3348518.386099999770522 ], [ 561158.041100000031292, 3346698.551799999549985 ], [ 557878.001799999736249, 3345128.11849999986589 ], [ 553762.150399999693036, 3343838.736099999397993 ], [ 517096.875099999830127, 3506223.193399999290705 ], [ 507370.982800000347197, 3550002.280500000342727 ], [ 439587.661000000312924, 3595791.005400000140071 ], [ 436616.469100000336766, 3631447.196399999782443 ], [ 416362.827499999664724, 3656739.333799999207258 ], [ 416665.558000000193715, 3658579.211500000208616 ], [ 420058.861499999649823, 3660478.730699999257922 ], [ 395947.225499999709427, 3671418.006899999454618 ], [ 393117.183699999935925, 3671084.154100000858307 ], [ 391911.747700000181794, 3672998.811599999666214 ], [ 390766.892400000244379, 3673760.914300000295043 ], [ 388907.004099999554455, 3674483.696399999782443 ], [ 389097.234600000083447, 3675243.1798 ], [ 387203.163900000043213, 3680339.810599999502301 ], [ 383132.016900000162423, 3698684.207900000736117 ], [ 372638.681699999608099, 3715297.695299999788404 ], [ 369438.442599999718368, 3723703.971000000834465 ], [ 369968.282399999909103, 3728232.061699999496341 ], [ 366987.896599999628961, 3732372.178600000217557 ], [ 368120.710500000044703, 3734555.269099999219179 ], [ 369270.44539999961853, 3734949.071599999442697 ], [ 366620.261500000022352, 3738147.954500000923872 ], [ 363383.675599999725819, 3740220.612099999561906 ], [ 365455.872399999760091, 3744523.362999999895692 ], [ 365368.222099999897182, 3744887.783900000154972 ], [ 370725.190000000409782, 3745528.6031 ], [ 373265.19510000012815, 3746520.792600000277162 ], [ 374416.134899999946356, 3747274.856599999591708 ], [ 378800.656600000336766, 3749378.658500000834465 ], [ 381126.643099999986589, 3750129.055099999532104 ], [ 384500.08739999961108, 3750644.993599999696016 ], [ 390135.723699999973178, 3750764.05629999935627 ], [ 393032.916899999603629, 3751081.557 ], [ 395017.29590000025928, 3750922.806600000709295 ], [ 398668.553199999965727, 3750248.117799999192357 ], [ 401010.120400000363588, 3750684.681199999526143 ], [ 402597.623599999584258, 3750605.30599999986589 ], [ 407112.085699999704957, 3751260.151100000366569 ], [ 409572.715699999593198, 3751418.901399999856949 ], [ 413343.035699999891222, 3752014.215099999681115 ], [ 416041.791100000031292, 3753958.906500000506639 ], [ 417788.044599999673665, 3754474.845000000670552 ], [ 420048.170300000347197, 3755455.083499999716878 ], [ 421770.703999999910593, 3756923.472899999469519 ], [ 424406.712500000372529, 3760200.17119999974966 ], [ 425279.442400000058115, 3760628.0033 ], [ 425898.888799999840558, 3761166.149700000882149 ], [ 426873.96860000025481, 3761439.949899999424815 ], [ 427635.970099999569356, 3762512.57289999909699 ], [ 429371.111100000329316, 3763331.724600000306964 ], [ 430034.687400000169873, 3764085.788599999621511 ], [ 431053.33530000038445, 3764691.579800000414252 ], [ 432124.23450000025332, 3766441.025000000372529 ], [ 432086.607099999673665, 3767387.083000000566244 ], [ 432748.066800000146031, 3767783.958799999207258 ], [ 432955.765100000426173, 3768264.17850000038743 ], [ 434570.2171, 3769029.899000000208616 ], [ 435674.854700000025332, 3769294.482899999246001 ], [ 436124.647199999541044, 3769572.29590000025928 ], [ 436468.606300000101328, 3770055.161499999463558 ], [ 436852.252899999730289, 3770200.682600000873208 ], [ 437818.654000000096858, 3770161.130599999800324 ], [ 438326.164900000207126, 3769977.094399999827147 ], [ 439320.206500000320375, 3770251.33559999987483 ], [ 439627.785199999809265, 3769910.683900000527501 ], [ 439912.212899999693036, 3769861.074400000274181 ], [ 440845.698400000110269, 3770961.718299999833107 ], [ 441905.80460000038147, 3771616.206199999898672 ], [ 443564.017900000326335, 3772199.084499999880791 ], [ 444039.130400000140071, 3772085.143699999898672 ], [ 444730.5152000002563, 3771612.97829999960959 ], [ 445257.566200000233948, 3771720.92850000038743 ], [ 445873.517500000074506, 3771574.878200000151992 ], [ 446216.418200000189245, 3771695.5285 ], [ 446445.018600000068545, 3771479.628100000321865 ], [ 446889.519500000402331, 3771701.878499999642372 ], [ 447321.32039999961853, 3771701.878499999642372 ], [ 447939.740199999883771, 3771496.145400000736117 ], [ 448338.203499999828637, 3771681.883199999108911 ], [ 449114.095599999651313, 3771683.034199999645352 ], [ 449713.158499999903142, 3772167.281500000506639 ], [ 450517.493400000035763, 3772188.448200000450015 ], [ 451163.078099999576807, 3771939.739399999380112 ], [ 451692.245799999684095, 3772230.781600000336766 ], [ 453106.181900000199676, 3772589.557399999350309 ], [ 455208.036100000143051, 3772003.680500000715256 ], [ 456141.487999999895692, 3771406.77930000051856 ], [ 457157.490000000223517, 3771444.8794 ], [ 457525.79079999960959, 3771749.679999999701977 ], [ 458262.392300000414252, 3771648.079800000414252 ], [ 458556.667000000365078, 3771382.813100000843406 ], [ 458853.530100000090897, 3771522.513299999758601 ], [ 459535.966699999757111, 3770802.07289999909699 ], [ 460640.868900000117719, 3770757.6228 ], [ 460850.419300000183284, 3770967.1732 ], [ 461189.342600000090897, 3770859.598500000312924 ], [ 462463.322499999776483, 3771348.174000000581145 ], [ 463609.367499999701977, 3771326.081199999898672 ], [ 464112.076899999752641, 3771266.549900000914931 ], [ 464945.515999999828637, 3770684.465399999171495 ], [ 465554.058899999596179, 3771180.560100000351667 ], [ 466422.8114, 3771068.619699999690056 ], [ 467049.875199999660254, 3771240.599199999123812 ], [ 467589.626299999654293, 3771087.140599999576807 ], [ 468039.476700000464916, 3770512.596799999475479 ], [ 468483.97759999986738, 3770851.26410000026226 ], [ 470198.481100000441074, 3771549.76549999974668 ], [ 470928.732499999925494, 3771581.515599999576807 ], [ 471955.317900000140071, 3771338.098400000482798 ], [ 473638.071299999952316, 3771655.598999999463558 ], [ 474908.073800000362098, 3772184.766799999400973 ], [ 475398.435899999924004, 3772186.5307 ], [ 476922.439000000245869, 3772615.156500000506639 ], [ 477636.815399999730289, 3772588.698100000619888 ], [ 478314.150100000202656, 3772355.864299999549985 ], [ 479785.589100000448525, 3772334.697599999606609 ], [ 481431.201500000432134, 3771923.732699999585748 ], [ 482782.166699999943376, 3772303.145999999716878 ], [ 485379.321899999864399, 3772245.995899999514222 ], [ 485495.846300000324845, 3771517.727 ], [ 485315.929299999959767, 3771157.89299999922514 ], [ 485400.596099999733269, 3771041.476099999621511 ], [ 487369.10010000038892, 3770787.475600000470877 ], [ 488321.601999999955297, 3771242.559800000861287 ], [ 489062.43680000025779, 3771951.644600000232458 ], [ 490539.553899999707937, 3772024.0669 ], [ 490952.304700000211596, 3771690.691199999302626 ], [ 491039.61739999987185, 3770404.813699999824166 ], [ 495294.130800000391901, 3770357.188500000163913 ], [ 496343.035699999891222, 3770465.6327 ], [ 496509.723600000143051, 3770886.321000000461936 ], [ 496866.911799999885261, 3771108.57149999961257 ], [ 499113.228799999691546, 3770664.070599999278784 ], [ 500494.356499999761581, 3771481.634700000286102 ], [ 502017.883200000040233, 3771810.5636 ], [ 502847.353600000031292, 3772378.096000000834465 ], [ 504505.584599999710917, 3772955.823200000450015 ], [ 505266.263199999928474, 3773048.4276 ], [ 505702.82660000026226, 3772684.624800000339746 ], [ 505914.493700000457466, 3772691.239399999380112 ], [ 506377.515399999916553, 3773451.917999999597669 ], [ 506992.672899999655783, 3773471.761800000444055 ], [ 508152.432199999690056, 3774075.343699999153614 ], [ 509429.049300000071526, 3774353.156700000166893 ], [ 511984.747499999590218, 3773147.933199999853969 ], [ 513019.799599999561906, 3773262.23340000025928 ], [ 513553.200699999928474, 3773541.633899999782443 ], [ 513629.400799999944866, 3774113.135099999606609 ], [ 514134.226800000295043, 3774311.573000000789762 ], [ 514197.681800000369549, 3774813.553099999204278 ], [ 515447.573599999770522, 3775564.697699999436736 ], [ 516409.459099999628961, 3776007.0954 ], [ 517098.3597999997437, 3775802.94400000013411 ], [ 518699.092199999839067, 3776239.507400000467896 ], [ 519666.146200000308454, 3776191.88230000063777 ], [ 519963.803100000135601, 3776496.153699999675155 ], [ 520572.345900000073016, 3775986.829800000414252 ], [ 521253.649400000460446, 3776039.746600000187755 ], [ 521650.525200000032783, 3775404.745300000533462 ], [ 522609.641699999570847, 3774776.3586 ], [ 524298.767099999822676, 3775376.03800000064075 ], [ 524584.517699999734759, 3775236.3377 ], [ 524540.067599999718368, 3774899.787000000476837 ], [ 524991.524100000038743, 3774517.05599999986589 ], [ 525835.470200000330806, 3774931.537100000306964 ], [ 526869.463899999856949, 3774597.1031 ], [ 527345.714900000020862, 3774616.153100000694394 ], [ 527453.66509999986738, 3774260.552400000393391 ], [ 528583.967299999669194, 3774076.402000000700355 ], [ 529421.7955, 3773578.299599999561906 ], [ 530381.020899999886751, 3773606.5011 ], [ 531181.122499999590218, 3772812.749500000849366 ], [ 532733.488499999977648, 3773207.579299999400973 ], [ 533556.392599999904633, 3772522.471599999815226 ], [ 534496.988199999555945, 3772105.752000000327826 ], [ 534813.329800000414252, 3772177.748199999332428 ], [ 534716.108900000341237, 3772565.974899999797344 ], [ 534929.171299999579787, 3772681.742000000551343 ], [ 534564.457100000232458, 3773280.5044 ], [ 534528.922100000083447, 3773640.591900000348687 ], [ 534796.286199999973178, 3774081.318900000303984 ], [ 535669.412899999879301, 3773710.901499999687076 ], [ 536476.393699999898672, 3773657.9847 ], [ 536754.206799999810755, 3773287.567299999296665 ], [ 539492.649799999780953, 3773247.879699999466538 ], [ 539968.900700000114739, 3773142.04619999974966 ], [ 540494.247999999672174, 3772777.737500000745058 ], [ 541629.974999999627471, 3773195.794800000265241 ], [ 543746.645899999886751, 3773291.045 ], [ 544692.727400000207126, 3774117.9123 ], [ 545704.760599999688566, 3774328.25650000013411 ], [ 547019.056499999947846, 3776246.872199999168515 ], [ 547801.695899999700487, 3776798.434599999338388 ], [ 548689.26659999974072, 3777098.449500000104308 ], [ 549435.74280000012368, 3776862.381899999454618 ], [ 550324.744599999859929, 3777137.549100000411272 ], [ 550483.494900000281632, 3777052.88230000063777 ], [ 551541.830299999564886, 3775973.380100000649691 ], [ 552102.748100000433624, 3775793.46309999935329 ], [ 552642.499200000427663, 3774978.544800000265241 ], [ 553077.47510000038892, 3774650.460799999535084 ], [ 552811.832899999804795, 3775634.712799999862909 ], [ 552854.166299999691546, 3776058.04700000025332 ], [ 553150.500199999660254, 3776280.297399999573827 ], [ 553923.085099999792874, 3776058.04700000025332 ], [ 554187.668999999761581, 3776174.463899999856949 ], [ 554409.919400000013411, 3777031.715600000694394 ], [ 554325.252600000239909, 3777412.716299999505281 ], [ 554726.240799999795854, 3778435.61089999973774 ], [ 555451.861999999731779, 3779439.045199999585748 ], [ 556460.588000000454485, 3780100.504799999296665 ], [ 558577.258899999782443, 3780861.183399999514222 ], [ 559867.105200000107288, 3781539.17960000038147 ], [ 560363.199900000356138, 3782035.274299999698997 ], [ 565425.681400000117719, 3789417.8256 ], [ 568124.43680000025779, 3792576.956900000572205 ], [ 568600.687800000421703, 3792886.519999999552965 ], [ 569505.564600000157952, 3793029.395300000905991 ], [ 570799.379700000397861, 3793537.396299999207258 ], [ 571847.131799999624491, 3794688.336100000888109 ], [ 573990.261099999770522, 3794847.086400000378489 ], [ 574934.825400000438094, 3795307.462300000712276 ], [ 575260.263600000180304, 3795640.837999999523163 ], [ 576839.829300000332296, 3796188.526599999517202 ], [ 578667.14989999961108, 3796026.225700000301003 ], [ 580640.610100000165403, 3795472.660499999299645 ], [ 582551.70990000013262, 3796092.929700000211596 ], [ 583607.843999999575317, 3796126.457800000905991 ], [ 585518.943799999542534, 3797668.748800000175834 ], [ 587430.043700000271201, 3798758.411000000312924 ], [ 588083.841000000014901, 3799529.556600000709295 ], [ 588469.41370000038296, 3800786.859099999070168 ], [ 588844.584699999541044, 3804065.197499999776483 ], [ 589863.232599999755621, 3804435.614900000393391 ], [ 590418.85869999974966, 3805679.159099999815226 ], [ 591106.776700000278652, 3806578.744200000539422 ], [ 591715.319600000046194, 3806975.619999999180436 ], [ 592839.800999999977648, 3807121.141100000590086 ], [ 593749.308100000023842, 3806965.698100000619888 ], [ 595280.587199999950826, 3806112.415200000628829 ], [ 597013.611499999649823, 3804868.870999999344349 ], [ 598455.593500000424683, 3803109.388299999758601 ], [ 600299.963499999605119, 3799917.294299999251962 ], [ 601794.862399999983609, 3797774.16499999910593 ], [ 602132.206799999810755, 3797350.830800000578165 ], [ 602894.230100000277162, 3796835.385299999266863 ] ] ] ] } },
{ "type": "Feature", "properties": { "CODE": 7, "LIB_FR": "Sahel et Leben" }, "geometry": { "type": "MultiPolygon", "coordinates": [ [ [ [ 691532.300499999895692, 3838293.545499999076128 ], [ 691903.410099999979138, 3837815.1239 ], [ 693633.969100000336766, 3837735.368899999186397 ], [ 694189.708200000226498, 3837316.15819999948144 ], [ 694368.356700000353158, 3836772.015599999576807 ], [ 692845.779299999587238, 3836364.886 ], [ 691341.239000000059605, 3835011.814200000837445 ], [ 691086.207200000062585, 3835124.596599999815226 ], [ 690802.453499999828637, 3834989.04700000025332 ], [ 689921.798799999989569, 3833767.326500000432134 ], [ 688790.526600000448525, 3832758.167600000277162 ], [ 688350.11600000038743, 3832840.729399999603629 ], [ 687271.69579999987036, 3832293.497099999338388 ], [ 685832.069600000046194, 3833341.3059 ], [ 685384.625099999830127, 3833298.582299999892712 ], [ 685367.342899999581277, 3833423.607799999415874 ], [ 683875.94539999961853, 3833892.831800000742078 ], [ 681348.753899999894202, 3835752.836200000718236 ], [ 680654.219399999827147, 3835950.992599999532104 ], [ 680242.270399999804795, 3836232.071100000292063 ], [ 680474.875, 3836268.826099999248981 ], [ 680269.343399999663234, 3836327.001800000667572 ], [ 680368.166299999691546, 3836416.661100000143051 ], [ 680644.824900000356138, 3836240.659099999815226 ], [ 681079.056800000369549, 3836439.439899999648333 ], [ 681974.615199999883771, 3837715.223600000143051 ], [ 682531.372999999672174, 3838061.420199999585748 ], [ 684507.035099999979138, 3837868.0756 ], [ 685190.599200000055134, 3838004.7325 ], [ 685214.085699999704957, 3838229.354299999773502 ], [ 685346.824300000444055, 3838003.23619999922812 ], [ 686667.357599999755621, 3838188.080199999734759 ], [ 687182.624499999918044, 3838138.191199999302626 ], [ 687331.308799999766052, 3837829.897900000214577 ], [ 687744.465200000442564, 3837706.194499999284744 ], [ 688113.7347999997437, 3837815.502699999138713 ], [ 688398.008899999782443, 3838223.770099999383092 ], [ 689952.016900000162423, 3838038.773499999195337 ], [ 690774.342299999669194, 3838145.596999999135733 ], [ 691237.67200000025332, 3838407.530099999159575 ], [ 691532.300499999895692, 3838293.545499999076128 ] ] ], [ [ [ 713546.57909999974072, 3848473.063200000673532 ], [ 714360.980800000019372, 3848224.339999999850988 ], [ 714413.393400000408292, 3848070.089099999517202 ], [ 712888.750900000333786, 3847929.873400000855327 ], [ 712185.2489, 3847552.11849999986589 ], [ 711150.180900000035763, 3846654.217700000852346 ], [ 710943.779400000348687, 3847137.782800000160933 ], [ 711139.906000000424683, 3847213.421599999070168 ], [ 711168.560999999754131, 3847751.172499999403954 ], [ 711327.481599999591708, 3847950.885900000110269 ], [ 711862.468100000172853, 3848030.076400000602007 ], [ 711826.267799999564886, 3848224.494699999690056 ], [ 713546.57909999974072, 3848473.063200000673532 ] ] ], [ [ [ 709786.6705, 3850187.080600000917912 ], [ 710091.302099999971688, 3849982.458499999716878 ], [ 710264.112399999983609, 3850111.248099999502301 ], [ 710342.668300000019372, 3849350.156899999827147 ], [ 710633.2796, 3849106.4232 ], [ 710805.040500000119209, 3849168.045099999755621 ], [ 710796.753899999894202, 3848909.518400000408292 ], [ 711246.497499999590218, 3848510.476600000634789 ], [ 711064.748700000345707, 3848448.520199999213219 ], [ 709639.919900000095367, 3849701.634099999442697 ], [ 709715.658800000324845, 3849949.936599999666214 ], [ 709508.11710000038147, 3850100.254300000146031 ], [ 709786.6705, 3850187.080600000917912 ] ] ], [ [ [ 703019.193199999630451, 3852874.4543999992311 ], [ 703229.721199999563396, 3852707.563200000673532 ], [ 703514.376199999824166, 3852753.653000000864267 ], [ 703484.30489999987185, 3852301.3904 ], [ 704026.207399999722838, 3852006.361099999397993 ], [ 704129.661899999715388, 3851635.082599999383092 ], [ 702862.419999999925494, 3852494.854900000616908 ], [ 702783.852500000037253, 3852703.5537 ], [ 703019.193199999630451, 3852874.4543999992311 ] ] ], [ [ [ 710859.547199999913573, 3856091.272199999541044 ], [ 711530.376500000245869, 3855927.626299999654293 ], [ 712304.904699999839067, 3855087.6327 ], [ 713233.458499999716878, 3854851.16330000013113 ], [ 713527.848600000143051, 3854620.2358 ], [ 713495.527200000360608, 3854501.488399999216199 ], [ 713256.060499999672174, 3854656.793600000441074 ], [ 713092.305100000463426, 3854551.674900000914931 ], [ 712807.557000000029802, 3854848.32010000012815 ], [ 712832.572700000368059, 3854655.318499999120831 ], [ 712654.537200000137091, 3854593.404200000688434 ], [ 712089.9079, 3854810.552899999544024 ], [ 711432.332899999804795, 3854763.4244 ], [ 710731.46239999961108, 3855589.738800000399351 ], [ 711078.911799999885261, 3855536.190899999812245 ], [ 710769.332899999804795, 3855946.631300000473857 ], [ 710859.547199999913573, 3856091.272199999541044 ] ] ], [ [ [ 706351.076799999922514, 3855771.196599999442697 ], [ 707058.284599999897182, 3855267.011199999600649 ], [ 707263.018299999646842, 3854863.099500000476837 ], [ 707211.512099999934435, 3854498.062699999660254 ], [ 707570.066800000146031, 3854257.086200000718236 ], [ 707489.836099999956787, 3853914.41300000064075 ], [ 708338.709099999628961, 3853152.669399999082088 ], [ 708584.482499999925494, 3853148.7456 ], [ 708780.520200000144541, 3853503.36009999923408 ], [ 708406.998499999754131, 3854106.714400000870228 ], [ 707942.482300000265241, 3854283.216 ], [ 708016.442599999718368, 3854880.763699999079108 ], [ 708133.136800000444055, 3854910.575500000268221 ], [ 709491.383399999700487, 3854216.284700000658631 ], [ 709952.024400000460446, 3854310.10359999909997 ], [ 711293.995099999941885, 3853289.852299999445677 ], [ 711988.61670000012964, 3852991.276799999177456 ], [ 711818.962700000032783, 3852593.645500000566244 ], [ 711455.476999999955297, 3852923.835899999365211 ], [ 711228.768600000068545, 3852819.490299999713898 ], [ 710638.982099999673665, 3853477.425799999386072 ], [ 709914.078700000420213, 3853484.733300000429153 ], [ 709429.943199999630451, 3853182.878200000151992 ], [ 709112.978500000201166, 3853315.632200000807643 ], [ 709063.161199999973178, 3853130.012000000104308 ], [ 708830.754999999888241, 3853324.367000000551343 ], [ 708887.755099999718368, 3853201.428999999538064 ], [ 709187.046099999919534, 3853063.3936 ], [ 709015.807799999602139, 3853070.87470000050962 ], [ 709026.055900000035763, 3852890.380400000140071 ], [ 709296.833599999547005, 3852548.356899999082088 ], [ 709766.114900000393391, 3852290.572000000625849 ], [ 709771.154400000348687, 3852172.357100000604987 ], [ 709288.317300000227988, 3852170.898499999195337 ], [ 709080.622299999929965, 3851820.307700000703335 ], [ 709183.91370000038296, 3851469.2851 ], [ 709408.169599999673665, 3851459.74239999987185 ], [ 709405.654299999587238, 3851054.283800000324845 ], [ 709985.515399999916553, 3850381.603199999779463 ], [ 709309.997200000099838, 3850023.691199999302626 ], [ 709030.337199999950826, 3850156.762000000104308 ], [ 708745.141400000080466, 3850085.633600000292063 ], [ 708454.067300000227988, 3850767.553600000217557 ], [ 708110.800800000317395, 3850722.074300000444055 ], [ 708109.784500000067055, 3850845.4868 ], [ 708045.097900000400841, 3850791.369100000709295 ], [ 708083.040000000037253, 3850727.734099999070168 ], [ 708205.243200000375509, 3850649.986700000241399 ], [ 707962.371899999678135, 3850588.831199999898672 ], [ 708009.566100000403821, 3850461.435000000521541 ], [ 707808.149400000460446, 3850310.181900000199676 ], [ 707950.882799999788404, 3850106.265799999237061 ], [ 708441.037200000137091, 3849967.348500000312924 ], [ 708234.622100000269711, 3849553.240299999713898 ], [ 708326.720300000160933, 3848905.832599999383092 ], [ 710336.824500000104308, 3847455.81279999949038 ], [ 710399.692800000309944, 3846972.062100000679493 ], [ 710639.054399999789894, 3846862.007799999788404 ], [ 710600.739299999549985, 3846689.901100000366569 ], [ 710838.243800000287592, 3846470.088400000706315 ], [ 710991.437699999660254, 3846508.477900000289083 ], [ 710831.532999999821186, 3846045.550499999895692 ], [ 710950.926300000399351, 3845685.56110000051558 ], [ 710670.34499999973923, 3845447.966900000348687 ], [ 710419.961600000038743, 3845449.715700000524521 ], [ 710265.589300000108778, 3845217.688200000673532 ], [ 710658.012900000438094, 3844678.578099999576807 ], [ 710477.484400000423193, 3844527.240800000727177 ], [ 710379.348199999891222, 3844480.022600000724196 ], [ 710541.193500000052154, 3844590.9748 ], [ 710382.9227, 3844781.9594 ], [ 710326.126899999566376, 3844589.3914 ], [ 710161.7966, 3844594.5592 ], [ 710286.420300000347197, 3844343.1108 ], [ 710117.463100000284612, 3844576.80350000038743 ], [ 710006.096300000324845, 3844962.627900000661612 ], [ 710048.72620000038296, 3845216.01490000076592 ], [ 709481.004300000146031, 3845362.393100000917912 ], [ 708822.626000000163913, 3845223.226099999621511 ], [ 707947.544300000183284, 3844292.3902000002563 ], [ 707758.590800000354648, 3844352.791300000622869 ], [ 707184.186700000427663, 3843923.064200000837445 ], [ 706886.425699999555945, 3843937.809100000187755 ], [ 706729.145899999886751, 3844276.82179999910295 ], [ 706415.131599999964237, 3843847.799000000581145 ], [ 705978.962299999780953, 3844247.1706000007689 ], [ 706026.039200000464916, 3843348.716399999335408 ], [ 706348.636400000192225, 3843137.052899999544024 ], [ 706111.310499999672174, 3843198.826199999079108 ], [ 705732.648900000378489, 3842767.333000000566244 ], [ 703027.905899999663234, 3842236.285700000822544 ], [ 702145.980999999679625, 3841785.495799999684095 ], [ 702139.159500000067055, 3841536.866599999368191 ], [ 702077.291899999603629, 3841707.5428 ], [ 701722.111999999731779, 3841822.629599999636412 ], [ 700108.401499999687076, 3840900.082399999722838 ], [ 699767.789099999703467, 3840497.1754 ], [ 699237.233599999919534, 3840338.335100000724196 ], [ 698597.700799999758601, 3839704.252100000157952 ], [ 697502.416400000452995, 3839181.858799999579787 ], [ 696468.514700000174344, 3838295.121200000867248 ], [ 695682.920599999837577, 3837934.463199999183416 ], [ 695105.276399999856949, 3837315.722999999299645 ], [ 694727.857200000435114, 3837322.901499999687076 ], [ 694599.653599999845028, 3838059.780300000682473 ], [ 694418.306099999696016, 3838204.485300000756979 ], [ 694624.040599999949336, 3838385.247099999338388 ], [ 694712.24210000038147, 3838799.444499999284744 ], [ 694302.637099999934435, 3839018.872199999168515 ], [ 695156.276999999769032, 3839464.839400000870228 ], [ 695436.900299999862909, 3839826.647600000724196 ], [ 695644.834699999541044, 3840639.055800000205636 ], [ 695256.138399999588728, 3841121.472200000658631 ], [ 695338.597799999639392, 3841359.792700000107288 ], [ 696281.343799999915063, 3841692.273199999704957 ], [ 696874.906200000084937, 3842129.606799999251962 ], [ 697541.762699999846518, 3843409.033800000324845 ], [ 697478.642099999822676, 3843863.250399999320507 ], [ 698663.80530000012368, 3844220.9978 ], [ 699011.053899999707937, 3844577.747899999842048 ], [ 698989.747499999590218, 3844968.386199999600649 ], [ 698457.236200000159442, 3845224.274599999189377 ], [ 698614.498200000263751, 3845495.586300000548363 ], [ 698374.985000000335276, 3845915.480399999767542 ], [ 698773.024299999698997, 3845773.885700000450015 ], [ 698942.333700000308454, 3845933.521999999880791 ], [ 699076.174300000071526, 3845776.385500000789762 ], [ 699612.216099999845028, 3846169.702299999073148 ], [ 698571.75690000038594, 3848362.064799999818206 ], [ 699039.633200000040233, 3848157.643200000748038 ], [ 699439.520700000226498, 3848327.7347999997437 ], [ 699665.974999999627471, 3848061.3849 ], [ 699386.14049999974668, 3847886.283399999141693 ], [ 699402.190499999560416, 3847583.6535 ], [ 699820.911299999803305, 3847249.90819999948144 ], [ 699889.790599999949336, 3846869.032199999317527 ], [ 700324.513799999840558, 3846567.994000000879169 ], [ 700672.122999999672174, 3846550.885199999436736 ], [ 700755.017699999734759, 3846345.096300000324845 ], [ 701047.129399999976158, 3846332.54590000025928 ], [ 701150.282200000248849, 3846072.401399999856949 ], [ 701512.387699999846518, 3846021.819900000467896 ], [ 702035.521300000138581, 3845580.386399999260902 ], [ 702427.167000000365078, 3845819.5801 ], [ 702493.791500000283122, 3846223.557499999180436 ], [ 703097.145200000144541, 3845958.765000000596046 ], [ 703665.501000000163913, 3846606.11769999936223 ], [ 703479.045099999755621, 3846908.627100000157952 ], [ 703542.807199999690056, 3847124.912599999457598 ], [ 703755.979500000365078, 3846985.00650000013411 ], [ 703989.204900000244379, 3847166.390000000596046 ], [ 703742.00800000037998, 3848370.190199999138713 ], [ 704030.275299999862909, 3848414.021999999880791 ], [ 704274.855100000277162, 3848865.74349999986589 ], [ 704012.908900000154972, 3849234.050000000745058 ], [ 703862.917000000365078, 3849210.963400000706315 ], [ 703776.797600000165403, 3849097.5011 ], [ 703761.344200000166893, 3849109.444499999284744 ], [ 703731.159699999727309, 3849342.533800000324845 ], [ 703089.033800000324845, 3849879.63399999961257 ], [ 702724.490600000135601, 3850899.5406 ], [ 703326.561999999918044, 3850941.984099999070168 ], [ 703727.044700000435114, 3850666.580700000748038 ], [ 704444.972299999557436, 3851161.655799999833107 ], [ 704539.517199999652803, 3850976.967199999839067 ], [ 704659.104299999773502, 3851086.506999999284744 ], [ 704726.107599999755621, 3850607.021299999207258 ], [ 704904.837299999780953, 3850902.450500000268221 ], [ 704769.402300000190735, 3851118.392400000244379 ], [ 704264.170599999837577, 3851340.164300000295043 ], [ 704290.675200000405312, 3851616.196599999442697 ], [ 704621.359299999661744, 3851506.215500000864267 ], [ 705194.464100000448525, 3851716.121500000357628 ], [ 705552.678100000135601, 3851635.02930000051856 ], [ 706059.542500000447035, 3851774.022600000724196 ], [ 706319.606900000013411, 3851494.6776 ], [ 706152.885200000368059, 3851781.0777000002563 ], [ 705623.906899999827147, 3851935.731300000101328 ], [ 705358.873599999584258, 3852992.915100000798702 ], [ 704969.096400000154972, 3853486.963300000876188 ], [ 704977.320600000210106, 3853632.05519999936223 ], [ 705192.059000000357628, 3853654.406300000846386 ], [ 705419.379099999554455, 3853338.405300000682473 ], [ 705865.179399999789894, 3853324.461200000718236 ], [ 705825.644899999722838, 3854126.668099999427795 ], [ 705225.260800000280142, 3854594.379599999636412 ], [ 705252.473899999633431, 3855227.42960000038147 ], [ 705606.220999999903142, 3855387.14750000089407 ], [ 705772.643699999898672, 3855687.603800000622869 ], [ 705370.050900000147521, 3856118.9419 ], [ 706084.759200000204146, 3855867.629000000655651 ], [ 706278.654699999839067, 3856139.52449999935925 ], [ 706373.232499999925494, 3856075.740499999374151 ], [ 706134.622800000011921, 3855853.0154 ], [ 706238.101099999621511, 3855743.383099999278784 ], [ 706466.167700000107288, 3856030.046399999409914 ], [ 706406.553399999625981, 3856154.23619999922812 ], [ 706481.592400000430644, 3856044.346200000494719 ], [ 706351.076799999922514, 3855771.196599999442697 ] ] ], [ [ [ 697075.907599999569356, 3897995.332699999213219 ], [ 697210.314399999566376, 3897816.5165 ], [ 697254.761500000022352, 3897515.427999999374151 ], [ 697224.218100000172853, 3897390.373299999162555 ], [ 697205.628700000233948, 3897734.7939 ], [ 696846.149100000038743, 3897948.487199999392033 ], [ 697075.907599999569356, 3897995.332699999213219 ] ] ], [ [ [ 696503.408300000242889, 3899993.081199999898672 ], [ 696513.079400000162423, 3899475.795299999415874 ], [ 696368.880699999630451, 3898811.848200000822544 ], [ 696268.219600000418723, 3899196.514000000432134 ], [ 696441.139000000432134, 3899400.647199999541044 ], [ 696199.769199999980628, 3899558.786100000143051 ], [ 696267.192800000309944, 3900033.405799999833107 ], [ 696343.658099999651313, 3900126.4671 ], [ 696490.567999999970198, 3899992.707000000402331 ], [ 696901.782100000418723, 3900372.5044 ], [ 696503.408300000242889, 3899993.081199999898672 ] ] ], [ [ [ 665491.366799999959767, 3954206.014799999073148 ], [ 665161.797899999655783, 3953866.121899999678135 ], [ 665483.3591, 3954445.040400000289083 ], [ 665491.366799999959767, 3954206.014799999073148 ] ] ], [ [ [ 665394.521300000138581, 3955552.883600000292063 ], [ 665826.709999999962747, 3954309.2983 ], [ 665718.400200000032783, 3953955.048100000247359 ], [ 665766.387699999846518, 3954209.114399999380112 ], [ 665499.083800000138581, 3954457.547399999573827 ], [ 665600.881599999964237, 3954755.096899999305606 ], [ 665152.379200000315905, 3955281.050499999895692 ], [ 665263.19550000037998, 3956479.66440000012517 ], [ 665394.521300000138581, 3955552.883600000292063 ] ] ], [ [ [ 680984.822800000198185, 3959978.24970000050962 ], [ 681555.433500000275671, 3960027.580700000748038 ], [ 681949.712299999780953, 3959351.595599999651313 ], [ 681771.325500000268221, 3959059.203099999576807 ], [ 680902.229199999943376, 3958623.428400000557303 ], [ 681632.168700000271201, 3959197.178999999538064 ], [ 681351.581500000320375, 3959489.512000000104308 ], [ 680863.4841, 3959581.751000000163913 ], [ 680984.822800000198185, 3959978.24970000050962 ] ] ], [ [ [ 683836.215599999763072, 3963833.501900000497699 ], [ 684276.256000000052154, 3963789.986500000581145 ], [ 684777.14159999974072, 3963217.210899999365211 ], [ 684783.851800000295043, 3962967.154500000178814 ], [ 684264.11670000012964, 3962399.452600000426173 ], [ 683787.297500000335276, 3962134.416500000283122 ], [ 682670.184200000017881, 3961995.831000000238419 ], [ 682676.387400000356138, 3962166.959699999541044 ], [ 682448.667299999855459, 3962290.6042 ], [ 683147.891699999570847, 3963516.164200000464916 ], [ 683836.215599999763072, 3963833.501900000497699 ] ] ], [ [ [ 644019.963100000284612, 3973223.932099999859929 ], [ 644539.353500000201166, 3972783.525100000202656 ], [ 644180.050099999643862, 3973041.155099999159575 ], [ 644098.743800000287592, 3972849.440899999812245 ], [ 644475.528900000266731, 3972758.534 ], [ 644371.90639999974519, 3972693.260500000789762 ], [ 644428.769000000320375, 3971803.5406 ], [ 644697.169200000353158, 3971027.136099999770522 ], [ 645222.588899999856949, 3970202.693499999120831 ], [ 645968.372899999842048, 3969461.722100000828505 ], [ 646629.704300000332296, 3967917.585200000554323 ], [ 647450.191300000064075, 3966972.118899999186397 ], [ 648307.804999999701977, 3966280.403699999675155 ], [ 648251.540500000119209, 3966153.196900000795722 ], [ 648540.576700000092387, 3965802.171499999240041 ], [ 649201.436999999918044, 3965524.570699999108911 ], [ 648810.24309999961406, 3965554.669800000265241 ], [ 648816.297600000165403, 3965388.648399999365211 ], [ 648677.711600000038743, 3965576.35359999909997 ], [ 648369.451200000010431, 3965591.093800000846386 ], [ 648364.176900000311434, 3965461.8739 ], [ 648283.333999999798834, 3965594.86570000089705 ], [ 648437.755900000222027, 3965144.500800000503659 ], [ 648271.322599999606609, 3965304.355799999088049 ], [ 648426.680700000375509, 3964909.447599999606609 ], [ 648313.866100000217557, 3964858.224999999627471 ], [ 648423.122899999842048, 3964880.415100000798702 ], [ 648588.804100000299513, 3965006.0152000002563 ], [ 648828.847900000400841, 3965308.839199999347329 ], [ 648713.558199999853969, 3964974.256300000473857 ], [ 648794.867999999783933, 3964109.191400000825524 ], [ 649228.786399999633431, 3963593.478399999439716 ], [ 650584.074400000274181, 3962745.250700000673532 ], [ 651517.645800000056624, 3961861.1469 ], [ 651713.269199999980628, 3961749.557199999690056 ], [ 651877.352300000376999, 3961800.710200000554323 ], [ 652069.957999999634922, 3961733.646600000560284 ], [ 651655.858, 3961651.222500000149012 ], [ 651899.394199999980628, 3961375.207399999722838 ], [ 652008.685300000011921, 3961444.461200000718236 ], [ 651852.953499999828637, 3961582.966700000688434 ], [ 651971.587899999693036, 3961627.783900000154972 ], [ 652131.522599999792874, 3961249.108899999409914 ], [ 652379.116100000217557, 3961346.406099999323487 ], [ 652095.544999999925494, 3961168.438400000333786 ], [ 651869.576999999582767, 3960470.041300000622869 ], [ 652264.264399999752641, 3961236.133600000292063 ], [ 656026.956500000320375, 3959063.138900000602007 ], [ 656948.361399999819696, 3958832.391200000420213 ], [ 657827.434700000099838, 3958847.663499999791384 ], [ 658787.199500000104308, 3959075.450799999758601 ], [ 659809.698599999770522, 3959731.81110000051558 ], [ 660425.791500000283122, 3959912.625199999660254 ], [ 660919.8277000002563, 3960564.118200000375509 ], [ 662141.287999999709427, 3960408.209799999371171 ], [ 663210.666799999773502, 3961133.5559 ], [ 664172.404000000096858, 3960729.473300000652671 ], [ 665428.67879999987781, 3960619.561699999496341 ], [ 665649.4227, 3960860.390799999237061 ], [ 665493.303600000217557, 3961125.558599999174476 ], [ 665734.387400000356138, 3961525.951400000602007 ], [ 665695.707999999634922, 3960818.435100000351667 ], [ 666023.764499999582767, 3960456.510099999606609 ], [ 665700.511699999682605, 3960732.66579999960959 ], [ 665483.504700000397861, 3960621.905500000342727 ], [ 665787.872000000439584, 3960532.422499999403954 ], [ 665708.551500000059605, 3960344.11879999935627 ], [ 665876.577200000174344, 3960457.351199999451637 ], [ 665727.642, 3960255.181199999526143 ], [ 665825.903699999675155, 3960043.705 ], [ 666116.024400000460446, 3959794.364 ], [ 666365.134700000286102, 3959804.201999999582767 ], [ 666366.387500000186265, 3959581.231799999251962 ], [ 666497.435800000093877, 3959555.723200000822544 ], [ 666403.760900000110269, 3959708.71030000038445 ], [ 666546.038200000301003, 3959643.182900000363588 ], [ 666607.878999999724329, 3959369.324500000104308 ], [ 666284.126299999654293, 3958556.037399999797344 ], [ 666359.915400000289083, 3958395.880699999630451 ], [ 666302.892799999564886, 3958097.38150000013411 ], [ 666259.339300000108778, 3958019.83420000039041 ], [ 666232.459099999628961, 3958361.388699999079108 ], [ 665896.30559999961406, 3958083.970799999311566 ], [ 666018.423799999989569, 3957969.647900000214577 ], [ 666214.721199999563396, 3958129.755100000649691 ], [ 665985.130300000309944, 3957901.3761 ], [ 665582.673499999567866, 3957930.404100000858307 ], [ 665453.269799999892712, 3957735.38880000077188 ], [ 665385.623499999754131, 3957275.6327 ], [ 665565.650200000032783, 3956456.844399999827147 ], [ 665259.964800000190735, 3956520.694399999454618 ], [ 665286.839399999938905, 3956754.704700000584126 ], [ 665035.412200000137091, 3956830.971000000834465 ], [ 664858.142400000244379, 3956405.059800000861287 ], [ 664964.17200000025332, 3956357.526100000366569 ], [ 664778.352900000289083, 3956170.4353 ], [ 664565.94510000012815, 3955133.9737 ], [ 664729.305399999953806, 3954396.840199999511242 ], [ 664977.585799999535084, 3954155.001900000497699 ], [ 664749.655199999921024, 3954258.991800000891089 ], [ 664568.471099999733269, 3954074.103199999779463 ], [ 665027.868999999947846, 3953630.130899999290705 ], [ 664326.405799999833107, 3954145.541600000113249 ], [ 664272.831899999640882, 3954005.572000000625849 ], [ 664716.549700000323355, 3953131.407299999147654 ], [ 664856.168700000271201, 3953303.064500000327826 ], [ 664775.793899999931455, 3952948.002699999138713 ], [ 665052.099399999715388, 3952341.8991 ], [ 665746.423799999989569, 3951529.236700000241399 ], [ 666809.950699999928474, 3950875.121300000697374 ], [ 666953.184899999760091, 3950889.040400000289083 ], [ 666969.4386, 3950973.912399999797344 ], [ 667033.977699999697506, 3950996.7204 ], [ 666996.41399999987334, 3950817.504499999806285 ], [ 668009.923899999819696, 3950088.226099999621511 ], [ 668544.8421, 3949942.543600000441074 ], [ 669468.986600000411272, 3949985.1699 ], [ 669697.901499999687076, 3949509.811000000685453 ], [ 670434.987300000153482, 3949374.181600000709295 ], [ 670759.112999999895692, 3949017.4342 ], [ 671130.66330000013113, 3949024.4211 ], [ 671399.56969999987632, 3949253.409900000318885 ], [ 671129.974999999627471, 3949005.238199999555945 ], [ 671239.122200000099838, 3948883.604699999094009 ], [ 671374.156999999657273, 3949116.8739 ], [ 671402.810499999672174, 3948937.3903 ], [ 671900.461099999956787, 3948669.436799999326468 ], [ 673183.468100000172853, 3948475.9715 ], [ 676158.37569999974221, 3947441.5252 ], [ 676587.694099999964237, 3947392.309399999678135 ], [ 677057.688400000333786, 3947713.156700000166893 ], [ 677192.087700000032783, 3947719.881799999624491 ], [ 676937.807300000451505, 3947598.485300000756979 ], [ 677091.658300000242889, 3947514.08559999987483 ], [ 676895.38289999961853, 3947321.85080000013113 ], [ 677125.730299999937415, 3947398.0186 ], [ 677142.184399999678135, 3947650.434499999508262 ], [ 677467.338299999944866, 3947083.897900000214577 ], [ 679285.968799999915063, 3946914.885900000110269 ], [ 679653.151300000026822, 3946673.8279 ], [ 679767.700600000098348, 3946059.365800000727177 ], [ 680280.831600000150502, 3945813.729599999263883 ], [ 680401.142099999822676, 3945931.742799999192357 ], [ 680446.954300000332296, 3945936.903100000694394 ], [ 680403.1568, 3945768.622500000521541 ], [ 680963.495400000363588, 3945519.177300000563264 ], [ 681037.701200000010431, 3945237.613800000399351 ], [ 681424.453499999828637, 3945021.2653 ], [ 681908.08559999987483, 3944988.702099999412894 ], [ 681949.778199999593198, 3945021.084100000560284 ], [ 681962.331600000150502, 3945087.93019999936223 ], [ 682001.159300000406802, 3945119.329900000244379 ], [ 681978.46999999973923, 3945015.059499999508262 ], [ 683294.8591, 3944943.32120000012219 ], [ 684326.344200000166893, 3944617.591399999335408 ], [ 684721.317499999888241, 3944252.059000000357628 ], [ 685232.917299999855459, 3944080.532800000160933 ], [ 684950.099700000137091, 3944748.230900000780821 ], [ 684333.340800000354648, 3945404.624500000849366 ], [ 683411.036600000225008, 3945764.74239999987185 ], [ 682813.421799999661744, 3945728.229699999094009 ], [ 683422.586900000460446, 3945849.237299999222159 ], [ 684223.462100000120699, 3945550.1108 ], [ 684884.353799999691546, 3945061.989 ], [ 685320.395899999886751, 3943960.573300000280142 ], [ 685591.715300000272691, 3943734.2043999992311 ], [ 685586.665000000037253, 3943510.945800000801682 ], [ 685457.300999999977648, 3943744.994999999180436 ], [ 685515.661899999715388, 3943506.941700000315905 ], [ 685319.092400000430644, 3943471.236500000581145 ], [ 685210.824199999682605, 3942907.268300000578165 ], [ 685167.92119999974966, 3941608.275900000706315 ], [ 684371.733300000429153, 3939762.430299999192357 ], [ 684044.857099999673665, 3938232.441299999132752 ], [ 683975.717899999581277, 3936372.682099999859929 ], [ 684331.569099999964237, 3934259.081800000742078 ], [ 685022.285899999551475, 3932592.1798 ], [ 686452.363800000399351, 3931048.600600000470877 ], [ 687577.028400000184774, 3930553.004000000655651 ], [ 688796.184799999929965, 3931114.260800000280142 ], [ 688815.200500000268221, 3930901.13260000012815 ], [ 688452.558299999684095, 3930509.4831000007689 ], [ 687982.414499999955297, 3930476.059699999168515 ], [ 687684.631099999882281, 3929875.902899999171495 ], [ 687629.386500000022352, 3930248.191700000315905 ], [ 687564.622399999760091, 3930090.759400000795722 ], [ 687527.647599999792874, 3930247.564899999648333 ], [ 687346.449000000022352, 3930141.243200000375509 ], [ 687515.862999999895692, 3929986.0165 ], [ 687155.900999999605119, 3929998.282299999147654 ], [ 687070.910099999979138, 3929721.705700000748038 ], [ 687319.900299999862909, 3929844.746899999678135 ], [ 687230.972799999639392, 3929631.727299999445677 ], [ 687353.567900000140071, 3929583.9046 ], [ 687429.865199999883771, 3929748.8596 ], [ 687349.580000000074506, 3929537.295499999076128 ], [ 687455.361899999901652, 3929499.739900000393391 ], [ 687848.03000000026077, 3929891.4199 ], [ 687490.786399999633431, 3929480.262399999424815 ], [ 687015.717199999839067, 3929652.261399999260902 ], [ 686749.018400000408292, 3929242.89809999987483 ], [ 685443.215800000354648, 3923985.055099999532104 ], [ 685224.459400000050664, 3922567.848600000143051 ], [ 685226.004700000397861, 3920942.683199999853969 ], [ 685496.86670000012964, 3919513.987500000745058 ], [ 686147.158900000154972, 3917859.924900000914931 ], [ 685841.588800000026822, 3917757.340800000354648 ], [ 686001.623100000433624, 3917833.224700000137091 ], [ 685933.615100000053644, 3917993.023299999535084 ], [ 685848.414900000207126, 3917827.774599999189377 ], [ 685703.527099999599159, 3917910.818299999460578 ], [ 685528.793399999849498, 3917781.291400000452995 ], [ 685381.393000000156462, 3917459.8147 ], [ 685242.16370000038296, 3917561.5186 ], [ 684993.7045, 3917449.1765 ], [ 684595.459400000050664, 3916579.035399999469519 ], [ 684561.300699999555945, 3914501.800799999386072 ], [ 684966.459400000050664, 3912081.9079 ], [ 685582.137299999594688, 3910496.6392 ], [ 686718.005400000140071, 3908839.821000000461936 ], [ 690956.728199999779463, 3904223.033800000324845 ], [ 692178.785299999639392, 3903503.542899999767542 ], [ 693858.708800000138581, 3901940.917199999094009 ], [ 695231.012400000356138, 3901129.728499999269843 ], [ 695875.088299999944866, 3901026.555400000885129 ], [ 696793.043600000441074, 3900578.82740000076592 ], [ 697074.767199999652803, 3900325.281199999153614 ], [ 696788.691399999894202, 3900567.19539999961853 ], [ 696334.894399999640882, 3900520.876900000497699 ], [ 696069.800099999643862, 3899577.237099999561906 ], [ 695671.653599999845028, 3899328.252800000831485 ], [ 695005.888199999928474, 3899741.593699999153614 ], [ 694647.850599999539554, 3899409.4517 ], [ 694191.288399999961257, 3899894.284299999475479 ], [ 693526.277900000102818, 3899740.497999999672174 ], [ 693740.274699999950826, 3899395.565300000831485 ], [ 693471.055100000463426, 3899639.082699999213219 ], [ 692751.896200000308454, 3899378.767000000923872 ], [ 692769.021200000308454, 3898954.129599999636412 ], [ 691882.408400000073016, 3898055.403200000524521 ], [ 691981.724499999545515, 3897848.289899999275804 ], [ 691749.202499999664724, 3897256.6974 ], [ 692002.046099999919534, 3896506.533500000834465 ], [ 691844.328200000338256, 3896152.742200000211596 ], [ 691512.244400000199676, 3896155.7171 ], [ 691068.955099999904633, 3895827.014000000432134 ], [ 690835.431499999947846, 3895376.05629999935627 ], [ 690988.493800000287592, 3894983.548100000247359 ], [ 690272.129700000397861, 3894658.920299999415874 ], [ 689846.092899999581277, 3893560.630899999290705 ], [ 689557.856599999591708, 3893341.003100000321865 ], [ 689573.463200000114739, 3893011.324500000104308 ], [ 690153.254300000146031, 3892605.351700000464916 ], [ 690129.887400000356138, 3892443.134099999442697 ], [ 689539.884700000286102, 3892239.55379999987781 ], [ 688788.606100000441074, 3892407.460999999195337 ], [ 687451.629999999888241, 3892158.974899999797344 ], [ 686800.737999999895692, 3891359.191400000825524 ], [ 687676.082399999722838, 3890800.635199999436736 ], [ 687633.441599999554455, 3890721.999099999666214 ], [ 686903.377199999988079, 3891209.775000000372529 ], [ 686759.122700000181794, 3891154.542300000786781 ], [ 685683.251400000415742, 3889503.306199999526143 ], [ 684624.449599999934435, 3887405.081700000911951 ], [ 684275.611100000329316, 3886225.669299999251962 ], [ 684146.802400000393391, 3884224.217499999329448 ], [ 684276.112900000065565, 3884254.020400000736117 ], [ 684752.977300000376999, 3883297.387700000777841 ], [ 684827.735799999907613, 3882844.796700000762939 ], [ 684578.26549999974668, 3882842.816999999806285 ], [ 684646.075100000016391, 3882185.841099999845028 ], [ 684285.191999999806285, 3881034.097999999299645 ], [ 684482.187599999830127, 3879435.442600000649691 ], [ 684078.655399999581277, 3879000.188799999654293 ], [ 684086.794700000435114, 3878656.0793999992311 ], [ 683682.473799999803305, 3878153.050699999555945 ], [ 683311.052799999713898, 3877267.462099999189377 ], [ 683483.259700000286102, 3877088.196599999442697 ], [ 683285.258600000292063, 3877202.971200000494719 ], [ 683071.012799999676645, 3876947.646999999880791 ], [ 683006.712199999950826, 3876042.814600000157952 ], [ 682101.662499999627471, 3875649.77930000051856 ], [ 681206.540900000371039, 3874857.715399999171495 ], [ 679929.687599999830127, 3874394.006699999794364 ], [ 678669.192400000058115, 3873599.572599999606609 ], [ 676589.784900000318885, 3871603.147700000554323 ], [ 675929.990399999544024, 3870604.580600000917912 ], [ 675618.559500000439584, 3870673.011 ], [ 675821.356999999843538, 3870531.541799999773502 ], [ 675739.019100000150502, 3870148.495899999514222 ], [ 675578.031000000424683, 3870129.54869999922812 ], [ 675610.558199999853969, 3869887.200500000268221 ], [ 675255.994800000451505, 3869828.585999999195337 ], [ 675766.3909, 3869705.152000000700355 ], [ 675536.676400000229478, 3869439.604900000616908 ], [ 675371.12540000025183, 3868304.3191 ], [ 675605.151300000026822, 3866057.165100000798702 ], [ 675435.222500000149012, 3864832.301300000399351 ], [ 675755.660099999979138, 3863538.695599999278784 ], [ 675560.5625, 3862856.967800000682473 ], [ 675563.059000000357628, 3861697.277300000190735 ], [ 673968.600399999879301, 3859244.431099999696016 ], [ 672482.830500000156462, 3857723.52280000038445 ], [ 672123.305200000293553, 3855997.393899999558926 ], [ 671387.711799999698997, 3855436.850199999287724 ], [ 671393.982499999925494, 3855208.072100000455976 ], [ 670965.884100000374019, 3854838.676000000908971 ], [ 670919.592799999751151, 3854515.999600000679493 ], [ 670753.365699999965727, 3854605.286399999633431 ], [ 670701.814100000075996, 3854485.031099999323487 ], [ 670672.749900000169873, 3854815.879200000315905 ], [ 670512.46100000012666, 3854551.601500000804663 ], [ 670572.82010000012815, 3853544.908399999141693 ], [ 671221.264200000092387, 3852381.269200000911951 ], [ 671131.956000000238419, 3851881.41579999960959 ], [ 670029.962299999780953, 3851469.143300000578165 ], [ 668891.680499999783933, 3851339.283800000324845 ], [ 667923.548700000159442, 3850628.282199999317527 ], [ 667363.064699999988079, 3850436.71680000051856 ], [ 666686.144999999552965, 3849798.7906 ], [ 666113.585900000296533, 3848842.455700000748038 ], [ 666113.489799999631941, 3848411.712999999523163 ], [ 665802.552199999801815, 3848146.88429999910295 ], [ 665880.415400000289083, 3848000.6722 ], [ 665788.054800000041723, 3848073.363500000908971 ], [ 665554.4852, 3847538.950799999758601 ], [ 664962.538900000043213, 3848402.648199999704957 ], [ 665321.57050000037998, 3847518.809399999678135 ], [ 665236.521399999968708, 3847592.640100000426173 ], [ 664252.779500000178814, 3846788.626000000163913 ], [ 664095.618400000035763, 3846809.0515 ], [ 663789.862900000065565, 3846362.441600000485778 ], [ 663473.597900000400841, 3846595.305500000715256 ], [ 663320.026499999687076, 3846945.161000000312924 ], [ 663566.307099999859929, 3846327.4035 ], [ 663184.956199999898672, 3846109.310399999842048 ], [ 662996.520499999634922, 3846283.690099999308586 ], [ 663179.403900000266731, 3846096.175300000235438 ], [ 663250.644999999552965, 3844587.323699999600649 ], [ 663465.54619999974966, 3844181.352399999275804 ], [ 663220.171000000089407, 3843912.884099999442697 ], [ 663310.092199999839067, 3843816.390599999576807 ], [ 663153.099899999797344, 3843847.130300000309944 ], [ 663120.256699999794364, 3843592.033600000664592 ], [ 663247.226599999703467, 3843539.034399999305606 ], [ 663096.246500000357628, 3843553.214500000700355 ], [ 663036.747600000351667, 3843217.7292 ], [ 662839.626400000415742, 3843346.348899999633431 ], [ 662897.745900000445545, 3843961.7369 ], [ 662741.050900000147521, 3844116.849600000306964 ], [ 662605.652499999850988, 3843720.528100000694394 ], [ 661982.155500000342727, 3844215.562699999660254 ], [ 661549.758600000292063, 3843911.248500000685453 ], [ 661424.937800000421703, 3843701.896299999207258 ], [ 661606.805700000375509, 3843520.032299999147654 ], [ 661860.219899999909103, 3843829.448100000619888 ], [ 662588.716799999587238, 3843115.1305 ], [ 662071.104799999855459, 3842961.376800000667572 ], [ 662033.676599999889731, 3842413.732899999246001 ], [ 661901.930100000463426, 3842275.56279999949038 ], [ 661821.554299999959767, 3842499.393999999389052 ], [ 662012.939799999818206, 3842608.692800000309944 ], [ 661826.467600000090897, 3842637.838500000536442 ], [ 661784.086600000038743, 3842956.654400000348687 ], [ 661623.893000000156462, 3843116.161699999123812 ], [ 661251.800900000147521, 3843104.745799999684095 ], [ 661230.550800000317395, 3842932.611500000581145 ], [ 661540.937300000339746, 3842919.14949999935925 ], [ 661562.318799999542534, 3842796.240199999883771 ], [ 661228.779500000178814, 3842711.367900000885129 ], [ 661231.42339999973774, 3842475.127699999138713 ], [ 661596.585500000044703, 3842482.928300000727177 ], [ 661601.800800000317395, 3842172.824699999764562 ], [ 661189.022699999623001, 3842165.501800000667572 ], [ 661151.172100000083447, 3842873.387700000777841 ], [ 661090.235299999825656, 3842616.206599999219179 ], [ 660923.551099999807775, 3842617.046800000593066 ], [ 660533.903400000184774, 3843372.20130000077188 ], [ 660472.171500000171363, 3841987.1393 ], [ 660236.158499999903142, 3841895.546800000593066 ], [ 660733.865299999713898, 3841708.6239 ], [ 660629.703099999576807, 3840645.534499999135733 ], [ 660244.475399999879301, 3840698.653899999335408 ], [ 660270.86809999961406, 3840221.236700000241399 ], [ 660022.46059999987483, 3839805.604399999603629 ], [ 660210.548499999567866, 3839005.747600000351667 ], [ 659362.143000000156462, 3837580.341399999335408 ], [ 657917.747399999760091, 3835659.7039 ], [ 657870.087000000290573, 3835262.054099999368191 ], [ 657685.940100000239909, 3835303.879699999466538 ], [ 657096.357400000095367, 3834492.9441 ], [ 657003.628600000403821, 3834642.6415 ], [ 656913.292500000447035, 3834384.453099999576807 ], [ 656787.505800000391901, 3834746.424900000914931 ], [ 656560.025000000372529, 3834810.987600000575185 ], [ 654428.775200000032783, 3834067.314600000157952 ], [ 654192.957499999552965, 3834492.588500000536442 ], [ 653735.236200000159442, 3834589.493699999526143 ], [ 653370.38329999987036, 3834380.661100000143051 ], [ 653033.063099999912083, 3833917.88910000026226 ], [ 652510.972599999979138, 3833664.771999999880791 ], [ 652487.675800000317395, 3833440.392100000753999 ], [ 652192.020700000226498, 3833350.6513 ], [ 651637.434500000439584, 3833626.771500000730157 ], [ 650603.20380000025034, 3832832.153400000184774 ], [ 650215.126400000415742, 3832100.042099999263883 ], [ 650348.289499999955297, 3831580.736500000581145 ], [ 650262.551500000059605, 3831666.0033 ], [ 649869.117300000041723, 3831324.830399999395013 ], [ 649205.166100000031292, 3831190.854100000113249 ], [ 649311.848500000312924, 3831003.002000000327826 ], [ 649047.540900000371039, 3830709.578199999406934 ], [ 649270.363900000229478, 3830206.913599999621511 ], [ 648872.028400000184774, 3829441.851500000804663 ], [ 648097.577200000174344, 3828595.315899999812245 ], [ 647848.388100000098348, 3828622.191199999302626 ], [ 647733.934500000439584, 3828372.3388 ], [ 647372.400899999774992, 3828307.415899999439716 ], [ 647059.766800000332296, 3827891.420199999585748 ], [ 647054.661299999803305, 3827563.447599999606609 ], [ 646865.466500000096858, 3827522.524800000712276 ], [ 646962.219800000078976, 3827425.851399999111891 ], [ 646654.189199999906123, 3825835.325400000438094 ], [ 646813.685399999842048, 3824924.366100000217557 ], [ 646612.490799999795854, 3824706.028200000524521 ], [ 646666.92879999987781, 3823973.36629999987781 ], [ 646464.836199999786913, 3823335.979599999263883 ], [ 646900.460699999704957, 3823817.786299999803305 ], [ 647167.210400000214577, 3824760.059699999168515 ], [ 647215.236399999819696, 3824248.612800000235438 ], [ 646159.902499999850988, 3822602.33699999935925 ], [ 644343.535400000400841, 3821470.120300000533462 ], [ 641436.042700000107288, 3820237.8902000002563 ], [ 641225.356100000441074, 3820203.6502 ], [ 641654.749400000087917, 3820383.5296 ], [ 641310.377700000070035, 3820293.0143 ], [ 641329.486700000241399, 3820398.39809999987483 ], [ 642966.631099999882281, 3820992.225400000810623 ], [ 642526.096699999645352, 3820930.756799999624491 ], [ 642472.652099999599159, 3820958.825999999418855 ], [ 643370.596599999815226, 3821254.427300000563264 ], [ 643335.224399999715388, 3821454.1151 ], [ 642747.608199999667704, 3821630.158800000324845 ], [ 640613.104399999603629, 3820773.548900000751019 ], [ 639709.775899999774992, 3821186.177899999544024 ], [ 639202.545800000429153, 3820695.672499999403954 ], [ 638487.976800000295043, 3820596.88880000077188 ], [ 638077.897699999623001, 3820768.247099999338388 ], [ 637482.615799999795854, 3820412.009700000286102 ], [ 637691.778800000436604, 3819731.360600000247359 ], [ 637531.712299999780953, 3819676.4901 ], [ 637645.502000000327826, 3819733.155300000682473 ], [ 637464.700000000186265, 3820357.882200000807643 ], [ 637285.784900000318885, 3820396.2851 ], [ 637055.611899999901652, 3819834.169099999591708 ], [ 636680.567900000140071, 3819740.682199999690056 ], [ 636413.475700000301003, 3819900.686799999326468 ], [ 635467.463399999774992, 3819680.512700000777841 ], [ 635257.584999999962747, 3819451.146600000560284 ], [ 634810.757500000298023, 3819478.829299999400973 ], [ 634433.433000000193715, 3819021.934800000861287 ], [ 634181.127000000327826, 3819084.847799999639392 ], [ 633426.564799999818206, 3818579.2653 ], [ 633521.924399999901652, 3818438.665300000458956 ], [ 633222.031299999915063, 3818462.987600000575185 ], [ 633465.230299999937415, 3818393.748999999836087 ], [ 633257.432500000111759, 3818379.1513 ], [ 633400.781299999915063, 3818213.57120000012219 ], [ 633227.661399999633431, 3818368.3772 ], [ 633202.221199999563396, 3818147.579700000584126 ], [ 633107.863800000399351, 3818290.254599999636412 ], [ 633121.068900000303984, 3818138.132999999448657 ], [ 632731.391699999570847, 3817948.860600000247359 ], [ 632597.970099999569356, 3817666.331700000911951 ], [ 632216.071399999782443, 3817537.954 ], [ 631919.526899999938905, 3816977.615900000557303 ], [ 631815.849600000306964, 3817052.472500000149012 ], [ 631764.878800000064075, 3816882.849099999293685 ], [ 631610.781499999575317, 3817004.264599999412894 ], [ 631716.116499999538064, 3816800.701999999582767 ], [ 631613.505400000140071, 3816732.269200000911951 ], [ 631015.474000000394881, 3817190.86879999935627 ], [ 631578.562800000421703, 3816543.464099999517202 ], [ 631267.770600000396371, 3816397.981799999251962 ], [ 630953.858, 3815755.1546 ], [ 629598.918499999679625, 3814140.437699999660254 ], [ 628408.25650000013411, 3812207.987400000914931 ], [ 627624.70380000025034, 3811435.4364 ], [ 627028.818199999630451, 3810219.1554000005126 ], [ 626158.278300000354648, 3809161.754300000146031 ], [ 625600.572800000198185, 3808946.885299999266863 ], [ 624894.889000000432134, 3808988.459699999541044 ], [ 624807.759499999694526, 3809497.058900000527501 ], [ 625047.903500000014901, 3809790.229100000113249 ], [ 624636.863599999807775, 3809714.090700000524521 ], [ 624154.458800000138581, 3809979.324300000444055 ], [ 624166.05449999962002, 3809700.742200000211596 ], [ 623573.66579999960959, 3809364.399299999698997 ], [ 623233.479600000195205, 3809341.185000000521541 ], [ 623083.099799999967217, 3809003.193099999800324 ], [ 622775.895700000226498, 3808985.735200000926852 ], [ 623091.084699999541044, 3808801.507799999788404 ], [ 623151.66399999987334, 3808365.89919999986887 ], [ 622382.094800000078976, 3808955.154999999329448 ], [ 622123.408900000154972, 3808883.196100000292063 ], [ 622011.245000000111759, 3807975.207900000736117 ], [ 622233.016499999910593, 3808829.095100000500679 ], [ 622718.00040000025183, 3808441.1570999994874 ], [ 622590.158200000412762, 3808098.49100000038743 ], [ 622779.050099999643862, 3808364.807700000703335 ], [ 622967.542500000447035, 3808261.232699999585748 ], [ 622791.045199999585748, 3808073.479699999094009 ], [ 623056.69550000037998, 3808177.65819999948144 ], [ 623202.279000000096858, 3808066.086100000888109 ], [ 623610.531999999657273, 3808409.850999999791384 ], [ 624037.506199999712408, 3808525.883600000292063 ], [ 624187.321600000374019, 3808791.368300000205636 ], [ 623994.103199999779463, 3808930.395999999716878 ], [ 624208.11699999962002, 3808872.155300000682473 ], [ 624275.982599999755621, 3808303.540899999439716 ], [ 623996.601599999703467, 3807256.4507 ], [ 622736.486499999649823, 3806647.724700000137091 ], [ 621372.666000000201166, 3806467.798000000417233 ], [ 620705.6727, 3806596.572799999266863 ], [ 619261.1705, 3807504.365399999544024 ], [ 618841.095999999903142, 3807495.043800000101328 ], [ 618549.031899999827147, 3807681.340199999511242 ], [ 618652.4079, 3807947.719200000166893 ], [ 618966.439100000075996, 3808100.661399999633431 ], [ 618757.854399999603629, 3808139.844000000506639 ], [ 618350.741200000047684, 3807879.529200000688434 ], [ 618191.02379999961704, 3808169.068800000473857 ], [ 618385.012699999846518, 3808515.173900000751019 ], [ 618147.374400000087917, 3808348.044299999251962 ], [ 618150.327200000174344, 3808828.898299999535084 ], [ 617954.25690000038594, 3808909.211400000378489 ], [ 618080.072399999946356, 3808792.709100000560284 ], [ 618003.191899999976158, 3808209.902899999171495 ], [ 617618.236100000329316, 3808304.838199999183416 ], [ 617811.298100000247359, 3807992.51410000026226 ], [ 617771.903800000436604, 3807723.951099999248981 ], [ 618210.335900000296533, 3807468.066700000315905 ], [ 618102.035199999809265, 3807226.611999999731779 ], [ 617905.384999999776483, 3807343.345599999651313 ], [ 617833.840599999763072, 3806971.631400000303984 ], [ 617547.127399999648333, 3807132.224600000306964 ], [ 617602.047199999913573, 3806787.51630000025034 ], [ 617426.476700000464916, 3806583.793700000271201 ], [ 617278.659799999557436, 3806703.258600000292063 ], [ 617415.081299999728799, 3806486.758899999782443 ], [ 617077.60259999986738, 3806324.427899999544024 ], [ 617071.349499999545515, 3805978.702099999412894 ], [ 617439.037800000049174, 3805599.167300000786781 ], [ 616796.787399999797344, 3804661.953500000759959 ], [ 616674.9205, 3803911.56279999949038 ], [ 616005.184299999848008, 3803773.6418999992311 ], [ 615356.525000000372529, 3804015.404699999839067 ], [ 615342.128399999812245, 3803838.961899999529123 ], [ 614973.441499999724329, 3803762.4836 ], [ 614933.176799999549985, 3803512.209000000730157 ], [ 613828.015399999916553, 3803371.142200000584126 ], [ 613247.713499999605119, 3802861.749600000679493 ], [ 613161.99349999986589, 3802398.500700000673532 ], [ 612559.794400000013411, 3801654.946900000795722 ], [ 611742.035699999891222, 3801348.973899999633431 ], [ 611393.767, 3801023.49970000050962 ], [ 611436.421299999579787, 3800885.446599999442697 ], [ 611307.655799999833107, 3800838.70380000025034 ], [ 611385.461900000460446, 3801012.359899999573827 ], [ 611251.207999999634922, 3800903.2652000002563 ], [ 610899.556300000287592, 3801513.532400000840425 ], [ 610531.67989999987185, 3801714.3969 ], [ 610127.248599999584258, 3802279.525399999693036 ], [ 609821.234600000083447, 3801927.843299999833107 ], [ 609786.6722999997437, 3802417.454199999570847 ], [ 610115.683799999766052, 3802835.752699999138713 ], [ 610143.194299999624491, 3802958.07010000012815 ], [ 609809.850200000219047, 3802539.858999999240041 ], [ 609702.415599999949336, 3802259.261600000783801 ], [ 609569.990100000053644, 3802241.5406 ], [ 609442.244500000029802, 3802579.3914 ], [ 609163.581799999810755, 3801770.737700000405312 ], [ 608828.40749999973923, 3801488.477600000798702 ], [ 608805.5614, 3800185.977099999785423 ], [ 608382.599000000394881, 3799687.8037 ], [ 608447.80460000038147, 3799518.28999999910593 ], [ 608169.411999999545515, 3799105.492000000551343 ], [ 607643.328900000080466, 3798981.997600000351667 ], [ 607520.987599999643862, 3798187.542300000786781 ], [ 607448.359699999913573, 3798753.695900000631809 ], [ 607036.598600000143051, 3798896.972100000828505 ], [ 606456.184600000269711, 3798824.760700000450015 ], [ 606540.248100000433624, 3798007.750499999150634 ], [ 606438.227400000207126, 3798772.417700000107288 ], [ 605699.701200000010431, 3798707.805800000205636 ], [ 605039.293300000019372, 3798266.102900000289083 ], [ 604820.191599999554455, 3798324.793600000441074 ], [ 604682.025700000114739, 3798624.710200000554323 ], [ 604803.145999999716878, 3798313.8136 ], [ 605005.700699999928474, 3798249.3443 ], [ 604938.300800000317395, 3798019.044199999421835 ], [ 605381.799399999901652, 3797420.085100000724196 ], [ 604867.301500000059605, 3798052.339299999177456 ], [ 604260.776600000448525, 3797641.1305 ], [ 603222.935899999924004, 3797470.220499999821186 ], [ 602894.230100000277162, 3796835.385299999266863 ], [ 602132.206799999810755, 3797350.830800000578165 ], [ 600299.963499999605119, 3799917.294299999251962 ], [ 598455.593500000424683, 3803109.388299999758601 ], [ 597013.611499999649823, 3804868.870999999344349 ], [ 595280.587199999950826, 3806112.415200000628829 ], [ 593749.308100000023842, 3806965.698100000619888 ], [ 592839.800999999977648, 3807121.141100000590086 ], [ 591715.319600000046194, 3806975.619999999180436 ], [ 591106.776700000278652, 3806578.744200000539422 ], [ 590418.85869999974966, 3805679.159099999815226 ], [ 589863.232599999755621, 3804435.614900000393391 ], [ 588844.584699999541044, 3804065.197499999776483 ], [ 588892.209800000302494, 3806082.64949999935925 ], [ 587800.801400000229478, 3810828.622500000521541 ], [ 587833.874400000087917, 3811870.421499999240041 ], [ 587646.787100000306964, 3812292.8564 ], [ 586849.348500000312924, 3812297.13230000063777 ], [ 586337.378700000233948, 3812467.788799999281764 ], [ 585689.677400000393391, 3813159.146500000730157 ], [ 585207.076399999670684, 3814962.550100000575185 ], [ 583742.340200000442564, 3816437.869699999690056 ], [ 582842.754999999888241, 3817104.620999999344349 ], [ 580472.083599999547005, 3819866.876599999144673 ], [ 579223.247800000011921, 3820724.1283 ], [ 577487.5777000002563, 3821200.379200000315905 ], [ 576238.741799999959767, 3821105.129000000655651 ], [ 575053.40610000025481, 3821803.630400000140071 ], [ 574725.322100000455976, 3821782.463700000196695 ], [ 574143.237599999643862, 3821412.046299999579787 ], [ 574026.820700000040233, 3822110.547700000926852 ], [ 573264.819199999794364, 3823200.633199999108911 ], [ 573233.069199999794364, 3823719.217599999159575 ], [ 573402.402800000272691, 3824491.802500000223517 ], [ 573897.280500000342727, 3825321.537499999627471 ], [ 574024.2807, 3826058.138900000602007 ], [ 573389.279500000178814, 3826661.3902000002563 ], [ 571643.025999999605119, 3827690.092199999839067 ], [ 570519.073699999600649, 3827899.6426 ], [ 570284.123300000093877, 3828223.493300000205636 ], [ 569058.57079999987036, 3828934.694700000807643 ], [ 568506.119699999690056, 3829703.04619999974966 ], [ 567359.646099999547005, 3830126.12639999948442 ], [ 567169.145700000226498, 3830555.810599999502301 ], [ 566695.011400000192225, 3830803.461100000888109 ], [ 564284.123300000093877, 3830788.221100000664592 ], [ 563748.340900000184774, 3830617.564500000327826 ], [ 563033.964499999769032, 3830050.0320999994874 ], [ 562807.745299999602139, 3828478.403999999165535 ], [ 563362.635400000028312, 3827586.394999999552965 ], [ 562608.571399999782443, 3826435.455199999734759 ], [ 562568.883899999782443, 3824927.327199999243021 ], [ 562862.571899999864399, 3824093.888000000268221 ], [ 562822.884399999864399, 3823617.637000000104308 ], [ 562230.68790000025183, 3822392.181399999186397 ], [ 561475.036399999633431, 3821731.779999999329448 ], [ 561379.786199999973178, 3820830.078199999406934 ], [ 560160.583800000138581, 3820303.027200000360608 ], [ 558950.906299999915063, 3819387.037900000810623 ], [ 557661.059999999590218, 3818890.943099999800324 ], [ 555946.556599999777973, 3818589.317500000819564 ], [ 552799.331500000320375, 3817247.877299999818206 ], [ 549906.106999999843538, 3817390.752599999308586 ], [ 547897.915500000119209, 3816600.969799999147654 ], [ 547262.914200000464916, 3816597.001000000163913 ], [ 545421.410500000230968, 3817140.720899999141693 ], [ 543480.68790000025183, 3817466.159 ], [ 541563.777800000272691, 3817438.377699999138713 ], [ 541206.589599999599159, 3816981.970499999821186 ], [ 540924.807799999602139, 3816950.220499999821186 ], [ 539337.30460000038147, 3817997.9726 ], [ 539051.553999999538064, 3818045.597699999809265 ], [ 538190.333599999547005, 3817982.097500000149012 ], [ 537781.551500000059605, 3817728.096999999135733 ], [ 537662.488800000399351, 3817450.284 ], [ 537265.612999999895692, 3817370.908800000324845 ], [ 535142.194099999964237, 3817502.99860000051558 ], [ 533157.815200000070035, 3818121.463400000706315 ], [ 531103.982900000177324, 3818088.3904 ], [ 530194.475899999961257, 3817575.759199999272823 ], [ 529609.084099999628961, 3817757.660599999129772 ], [ 529251.895899999886751, 3817565.837300000712276 ], [ 528259.706399999558926, 3815588.07289999909699 ], [ 527730.53870000038296, 3815376.405799999833107 ], [ 527022.776899999938905, 3815756.745100000873208 ], [ 526050.431200000457466, 3814705.024299999698997 ], [ 526331.551500000059605, 3813663.225299999117851 ], [ 526318.322300000116229, 3813031.531300000846386 ], [ 526073.582200000062585, 3812449.44679999910295 ], [ 524863.111100000329316, 3811920.279100000858307 ], [ 524019.75, 3810799.105000000447035 ], [ 522230.501600000075996, 3810887.905999999493361 ], [ 522250.3454, 3811155.7971 ], [ 523070.555399999953806, 3812293.5077 ], [ 522812.586099999956787, 3813970.308000000193715 ], [ 522481.856300000101328, 3814724.371999999508262 ], [ 521714.166199999861419, 3815603.054999999701977 ], [ 521434.765700000338256, 3816530.1568 ], [ 520120.313000000081956, 3818917.761600000783801 ], [ 518697.910199999809265, 3823305.620400000363588 ], [ 518050.208899999968708, 3823705.67119999974966 ], [ 517154.857099999673665, 3823432.6206 ], [ 516900.856599999591708, 3823121.470000000670552 ], [ 516037.254900000058115, 3823153.220100000500679 ], [ 515757.854299999773502, 3825236.02419999986887 ], [ 514405.301599999889731, 3826702.8772 ], [ 514354.501500000245869, 3827661.729100000113249 ], [ 513935.400700000114739, 3828106.230000000447035 ], [ 514341.801500000059605, 3828563.4309 ], [ 514856.152499999850988, 3828830.131400000303984 ], [ 515357.80350000038743, 3829693.7331000007689 ], [ 516132.505099999718368, 3830100.13399999961257 ], [ 517186.607200000435114, 3830144.584100000560284 ], [ 517720.008200000040233, 3830417.634600000455976 ], [ 517872.408499999903142, 3830646.23509999923408 ], [ 517986.708800000138581, 3833433.890599999576807 ], [ 519021.760800000280142, 3834761.043299999088049 ], [ 520075.862999999895692, 3835516.69480000063777 ], [ 520298.113400000147521, 3835891.345499999821186 ], [ 520066.380300000309944, 3836644.313699999824166 ], [ 520294.980700000189245, 3837399.965199999511242 ], [ 519348.82880000025034, 3838871.580600000917912 ], [ 518967.828099999576807, 3840030.458000000566244 ], [ 518316.951799999922514, 3840633.70920000039041 ], [ 517353.527300000190735, 3840885.6645 ], [ 517379.902300000190735, 3846189.999299999326468 ], [ 518242.026300000026822, 3848360.610600000247359 ], [ 520004.154799999669194, 3850313.239499999210238 ], [ 520782.03139999974519, 3851662.617200000211596 ], [ 520623.28110000025481, 3852599.244000000879169 ], [ 520807.223699999973178, 3854120.739800000563264 ], [ 520488.762699999846518, 3855490.121999999508262 ], [ 520396.158400000073016, 3857064.395999999716878 ], [ 520793.034199999645352, 3858479.919700000435114 ], [ 521870.705000000074506, 3859846.6414 ], [ 522810.331799999810755, 3860448.591299999505281 ], [ 525247.597699999809265, 3861575.8048 ], [ 527099.684700000099838, 3862925.182499999180436 ], [ 527866.977900000289083, 3863242.6831 ], [ 528384.608199999667704, 3863304.79869999922812 ], [ 530096.257299999706447, 3863037.285900000482798 ], [ 530128.007399999536574, 3863714.6206 ], [ 530350.257799999788404, 3864127.371400000527501 ], [ 531429.759999999776483, 3864868.206199999898672 ], [ 532191.761500000022352, 3864974.03969999961555 ], [ 532668.012400000356138, 3863989.787799999117851 ], [ 533007.664800000376999, 3863857.634800000116229 ], [ 533959.181699999608099, 3864190.871500000357628 ], [ 534583.599600000306964, 3864698.872500000521541 ], [ 535758.351999999955297, 3864868.206199999898672 ], [ 535837.727099999785423, 3865540.249199999496341 ], [ 536515.06180000025779, 3865212.165200000628829 ], [ 537665.028300000354648, 3865673.274800000712276 ], [ 539340.817400000058115, 3867154.210799999535084 ], [ 539705.943199999630451, 3867688.670199999585748 ], [ 540367.136900000274181, 3867823.594699999317527 ], [ 540658.44510000012815, 3868212.54619999974966 ], [ 541171.737800000235438, 3868530.046900000423193 ], [ 541462.78000000026077, 3868540.630200000479817 ], [ 542203.614799999631941, 3869249.714999999850988 ], [ 542471.859000000171363, 3869222.506799999624491 ], [ 543609.906600000336766, 3868297.668500000610948 ], [ 545110.097099999897182, 3868138.918099999427795 ], [ 548523.906000000424683, 3869906.412100000306964 ], [ 549774.041299999691546, 3870077.145700000226498 ], [ 550079.659099999815226, 3870516.013299999758601 ], [ 550295.559500000439584, 3870585.863500000908971 ], [ 555510.987499999813735, 3871019.709000000730157 ], [ 555947.550900000147521, 3871519.77250000089407 ], [ 556439.676799999549985, 3871567.397600000724196 ], [ 556590.489599999971688, 3871448.334899999201298 ], [ 556676.821600000374019, 3870825.0088 ], [ 557192.760099999606609, 3870582.914599999785423 ], [ 557860.834400000050664, 3869716.4024 ], [ 558979.681900000199676, 3869075.017699999734759 ], [ 559233.682400000281632, 3868582.891699999570847 ], [ 559208.62459999974817, 3868200.86600000038743 ], [ 559446.750099999830127, 3867998.4594 ], [ 560315.907999999821186, 3867958.771800000220537 ], [ 561019.623499999754131, 3867670.077299999073148 ], [ 562146.750799999572337, 3867789.140100000426173 ], [ 563396.389000000432134, 3867515.1436 ], [ 564162.879800000227988, 3867177.951400000602007 ], [ 565058.070299999788404, 3867456.075400000438094 ], [ 566309.592000000178814, 3868522.919299999251962 ], [ 567354.698200000450015, 3868899.95130000077188 ], [ 568333.658499999903142, 3869964.901399999856949 ], [ 569902.154000000096858, 3871306.828400000929832 ], [ 570821.582899999804795, 3871458.964099999517202 ], [ 572708.197499999776483, 3872219.595100000500679 ], [ 573513.005199999548495, 3872284.3827 ], [ 574714.801500000059605, 3873102.246899999678135 ], [ 576168.954400000162423, 3873216.5471 ], [ 577864.407800000160933, 3874022.998700000345707 ], [ 578308.908699999563396, 3874442.099600000306964 ], [ 579147.110299999825656, 3874734.200099999085069 ], [ 579540.811099999584258, 3875153.301000000908971 ], [ 580023.412100000306964, 3875318.4013 ], [ 580779.0636, 3876182.003000000491738 ], [ 582795.168200000189245, 3879149.365399999544024 ], [ 583073.282100000418723, 3879188.8301 ], [ 583390.782700000330806, 3878924.246300000697374 ], [ 584406.784799999557436, 3878638.495699999853969 ], [ 584745.452100000344217, 3878786.662699999287724 ], [ 585192.130099999718368, 3878425.0143 ], [ 585581.537100000306964, 3878342.161800000816584 ], [ 587835.791600000113249, 3878522.07880000025034 ], [ 589604.270200000144541, 3878236.328199999406934 ], [ 591689.190999999642372, 3878437.412000000476837 ], [ 593096.777099999599159, 3879104.16330000013113 ], [ 594832.447300000116229, 3879104.16330000013113 ], [ 596187.11670000012964, 3879336.997099999338388 ], [ 596885.61809999961406, 3879707.4145 ], [ 598441.371199999935925, 3881390.167899999767542 ], [ 598811.788599999621511, 3882215.66950000077486 ], [ 600092.374499999918044, 3882734.253900000825524 ], [ 601061.407999999821186, 3883484.642200000584126 ], [ 601445.05460000038147, 3884536.362999999895692 ], [ 601914.690899999812245, 3885105.218299999833107 ], [ 602442.492999999783933, 3885590.3235 ], [ 603147.215599999763072, 3885856.784499999135733 ], [ 603444.872499999590218, 3886270.196699999272823 ], [ 603891.357800000347197, 3886187.5143 ], [ 604384.475899999961257, 3886354.995899999514222 ], [ 604665.41469999961555, 3886150.556700000539422 ], [ 604656.93030000012368, 3885828.692099999636412 ], [ 605431.799599999561906, 3885436.9353 ], [ 608298.26659999974072, 3884778.472899999469519 ], [ 608589.308799999766052, 3884937.223200000822544 ], [ 609184.622499999590218, 3884937.223200000822544 ], [ 610547.229399999603629, 3885889.725099999457598 ], [ 611579.106499999761581, 3885770.662399999797344 ], [ 612031.334099999628961, 3886372.8114 ], [ 612963.167600000277162, 3886607.491699999198318 ], [ 613773.996500000357628, 3886614.333399999886751 ], [ 614113.722199999727309, 3886426.74349999986589 ], [ 614232.784900000318885, 3886648.332499999552965 ], [ 614543.671000000089407, 3886760.780600000172853 ], [ 615836.824599999934435, 3886750.85869999974966 ], [ 616354.845200000330806, 3886934.831399999558926 ], [ 616566.512299999594688, 3887265.561200000345707 ], [ 616487.137099999934435, 3887874.104100000113249 ], [ 617303.196299999952316, 3887902.3893 ], [ 618458.286899999715388, 3888403.271800000220537 ], [ 618775.787499999627471, 3888747.230900000780821 ], [ 619443.103000000119209, 3889050.367000000551343 ], [ 620523.64850000012666, 3890638.323699999600649 ], [ 621376.898900000378489, 3891162.760500000789762 ], [ 621924.048200000077486, 3891212.4342 ], [ 622432.049200000241399, 3891529.934800000861287 ], [ 623723.218500000424683, 3893731.272600000724196 ], [ 624379.386400000192225, 3895699.776499999687076 ], [ 624866.220700000412762, 3896504.111500000581145 ], [ 626898.224799999967217, 3898853.6162 ], [ 630496.565299999900162, 3901689.955199999734759 ], [ 631258.566899999976158, 3901943.955700000748038 ], [ 632068.193500000052154, 3901536.496500000357628 ], [ 632647.632100000046194, 3901480.933900000527501 ], [ 633616.009100000374019, 3902330.248099999502301 ], [ 635711.513299999758601, 3902735.0614 ], [ 636700.395499999634922, 3902415.741800000891089 ], [ 636981.515800000168383, 3901836.964600000530481 ], [ 637411.464599999599159, 3901489.698300000280142 ], [ 638254.825600000098348, 3901225.114399999380112 ], [ 639040.4527000002563, 3901231.817500000819564 ], [ 640776.122899999842048, 3902374.81980000063777 ], [ 641686.291400000452995, 3902734.653799999505281 ], [ 643019.793999999761581, 3902798.153999999165535 ], [ 644395.630099999718368, 3902565.3202 ], [ 646046.633399999700487, 3902649.986999999731779 ], [ 646999.135300000198185, 3903009.821100000292063 ], [ 648523.138399999588728, 3904322.156999999657273 ], [ 649221.6398, 3905380.492499999701977 ], [ 650364.642, 3907751.163899999111891 ], [ 650527.777900000102818, 3909222.971599999815226 ], [ 649765.776399999856949, 3911048.600199999287724 ], [ 649407.195600000210106, 3914477.033800000324845 ], [ 649502.120299999602139, 3915739.877699999138713 ], [ 650229.725899999961257, 3916980.11460000090301 ], [ 651172.305900000035763, 3917410.063400000333786 ], [ 651734.5466, 3918981.030099999159575 ], [ 652865.512900000438094, 3918987.3498 ], [ 655433.505800000391901, 3921053.187699999660254 ], [ 656243.132500000298023, 3921910.439400000497699 ], [ 656735.258500000461936, 3923037.566700000315905 ], [ 656858.083300000056624, 3924451.00650000013411 ], [ 658203.051300000399351, 3927387.446399999782443 ], [ 657474.865600000135601, 3929019.864499999210238 ], [ 657665.365899999625981, 3930184.033500000834465 ], [ 657266.045800000429153, 3931776.545 ], [ 657014.691100000403821, 3932385.087899999693036 ], [ 656009.27240000013262, 3933655.090500000864267 ], [ 654898.020200000144541, 3934051.966299999505281 ], [ 654196.872899999842048, 3933456.652599999681115 ], [ 653482.496500000357628, 3933628.632099999114871 ], [ 652331.556699999608099, 3934739.88429999910295 ], [ 651154.158499999903142, 3934660.509099999442697 ], [ 650466.240500000305474, 3934409.154500000178814 ], [ 649632.801300000399351, 3933549.256899999454618 ], [ 647820.401899999938905, 3932676.130200000479817 ], [ 647026.650299999862909, 3932729.046900000423193 ], [ 646325.502999999560416, 3933165.610300000756979 ], [ 645395.614900000393391, 3934178.005300000309944 ], [ 644395.487900000065565, 3935765.508500000461936 ], [ 643448.591699999757111, 3939931.34569999948144 ], [ 642689.318799999542534, 3941346.111300000920892 ], [ 642025.527300000190735, 3943155.268699999898672 ], [ 641537.491899999789894, 3943820.601399999111891 ], [ 639656.499900000169873, 3945111.00029999949038 ], [ 637314.959099999628961, 3947266.175200000405312 ], [ 636190.477699999697506, 3948820.605399999767542 ], [ 634354.927199999801815, 3950523.864 ], [ 632616.962299999780953, 3951674.654899999499321 ], [ 631346.959699999541044, 3952119.1557 ], [ 630076.957200000062585, 3952097.989 ], [ 628531.787399999797344, 3951738.154999999329448 ], [ 628277.786899999715388, 3951992.155500000342727 ], [ 628456.123200000263751, 3952359.874800000339746 ], [ 630076.957200000062585, 3953135.157800000160933 ], [ 630309.791000000201166, 3953875.992599999532104 ], [ 629025.840699999593198, 3955611.316600000485778 ], [ 628200.338999999687076, 3957219.986500000581145 ], [ 627038.676199999637902, 3958581.547700000926852 ], [ 626742.247299999929965, 3959309.75870000012219 ], [ 627089.466699999757111, 3960963.241800000891089 ], [ 626737.42200000025332, 3961918.7917 ], [ 626821.242200000211596, 3963209.622300000861287 ], [ 628514.409599999897182, 3964584.273 ], [ 631547.260300000198185, 3968674.231499999761581 ], [ 632647.92920000012964, 3969605.566700000315905 ], [ 632901.929700000211596, 3970177.067900000140071 ], [ 633126.72580000013113, 3971499.7956000007689 ], [ 634216.388000000268221, 3972840.918299999088049 ], [ 634764.60010000038892, 3973860.075200000777841 ], [ 636309.769799999892712, 3975362.911599999293685 ], [ 637114.104799999855459, 3975659.245500000193715 ], [ 638087.773400000296533, 3976336.580199999734759 ], [ 638692.384899999946356, 3978423.341399999335408 ], [ 639572.101400000043213, 3979205.311499999836087 ], [ 641384.372000000439584, 3976849.9221 ], [ 642127.053199999965727, 3976149.419700000435114 ], [ 643182.135900000110269, 3974242.468699999153614 ], [ 644019.963100000284612, 3973223.932099999859929 ] ] ] ] } },
{ "type": "Feature", "properties": { "CODE": 8, "LIB_FR": "Chott Gharsa et Sebkats Noual -" }, "geometry": { "type": "Polygon", "coordinates": [ [ [ 422591.372899999842048, 3910185.142699999734759 ], [ 422813.623399999924004, 3909708.891699999570847 ], [ 425798.129399999976158, 3908613.514499999582767 ], [ 426099.754999999888241, 3908057.888399999588728 ], [ 426480.755699999630451, 3907867.388000000268221 ], [ 427385.632500000298023, 3907867.388000000268221 ], [ 427703.133200000040233, 3908057.888399999588728 ], [ 428052.383899999782443, 3908550.014399999752641 ], [ 428100.00899999961257, 3908931.0152000002563 ], [ 429301.7489, 3908772.264799999073148 ], [ 431000.377299999818206, 3908978.6402000002563 ], [ 431206.752700000070035, 3908819.88990000076592 ], [ 431492.503200000151992, 3907930.8882 ], [ 431889.378999999724329, 3907708.637700000777841 ], [ 433762.632799999788404, 3905756.0088 ], [ 434365.88399999961257, 3905454.383199999108911 ], [ 434731.009700000286102, 3905486.133300000801682 ], [ 434969.135200000368059, 3905787.758899999782443 ], [ 435254.885800000280142, 3905438.508199999108911 ], [ 435445.386099999770522, 3905422.633099999278784 ], [ 436270.887799999676645, 3905740.1338 ], [ 436667.763600000180304, 3905708.38370000012219 ], [ 437228.152200000360608, 3904987.657299999147654 ], [ 437815.528400000184774, 3904813.031899999827147 ], [ 437942.528599999845028, 3905305.1579 ], [ 438505.467400000430644, 3905654.511499999091029 ], [ 438486.165300000458956, 3905033.124199999496341 ], [ 438930.91509999986738, 3903959.43099999986589 ], [ 439570.959099999628961, 3903650.673499999567866 ], [ 439612.712199999950826, 3903434.238600000739098 ], [ 439282.892500000074506, 3902304.978800000622869 ], [ 439167.137099999934435, 3899791.432099999859929 ], [ 439314.974200000055134, 3899074.695599999278784 ], [ 438898.254700000397861, 3898181.725099999457598 ], [ 438448.462100000120699, 3897917.141200000420213 ], [ 438765.962700000032783, 3897063.858200000599027 ], [ 439264.897099999710917, 3897004.98960000090301 ], [ 440086.236200000159442, 3896549.242599999532104 ], [ 440742.404199999757111, 3896803.243100000545382 ], [ 441631.406000000424683, 3896739.743000000715256 ], [ 444975.074799999594688, 3895849.17 ], [ 446508.869900000281632, 3895949.224199999123812 ], [ 446889.870699999853969, 3896219.099700000137091 ], [ 447667.747299999929965, 3895853.973999999463558 ], [ 448477.3739, 3896234.974700000137091 ], [ 449187.249900000169873, 3896187.837400000542402 ], [ 450258.154099999926984, 3896843.2906 ], [ 450939.989799999631941, 3896670.704500000923872 ], [ 451414.450699999928474, 3896233.637800000607967 ], [ 452557.257000000216067, 3897012.851299999281764 ], [ 452858.88260000012815, 3896901.726099999621511 ], [ 453081.133100000210106, 3896568.350400000810623 ], [ 453865.958999999798834, 3896375.685100000351667 ], [ 454220.866200000047684, 3896504.804700000211596 ], [ 454201.438299999572337, 3896747.577600000426173 ], [ 454489.899699999950826, 3895743.199799999594688 ], [ 455614.381099999882281, 3894440.124299999326468 ], [ 456354.058299999684095, 3894203.983200000599027 ], [ 457276.377100000157952, 3894300.730200000107288 ], [ 457835.178299999795854, 3893691.129000000655651 ], [ 458146.328900000080466, 3892992.627599999308586 ], [ 459467.237399999983609, 3892041.924799999222159 ], [ 460229.238900000229478, 3891999.591399999335408 ], [ 463209.403300000354648, 3890138.962500000372529 ], [ 463606.279099999926984, 3890138.962500000372529 ], [ 464364.546699999831617, 3890465.4901 ], [ 464569.389899999834597, 3890026.101299999281764 ], [ 464337.879099999554455, 3889373.240599999204278 ], [ 464430.48340000025928, 3888850.6875 ], [ 464304.806099999696016, 3887607.143300000578165 ], [ 464661.994300000369549, 3886218.078099999576807 ], [ 465812.908599999733269, 3883884.199999999254942 ], [ 465765.283499999903142, 3883042.823300000280142 ], [ 466924.160799999721348, 3883233.323699999600649 ], [ 467717.912399999797344, 3883026.948300000280142 ], [ 469223.677099999971688, 3881840.653100000694394 ], [ 471822.102300000376999, 3880415.71030000038445 ], [ 473515.269700000062585, 3878152.565700000151992 ], [ 474051.718799999915063, 3876979.083399999886751 ], [ 475191.673000000417233, 3875889.42119999974966 ], [ 475359.313400000333786, 3875420.028300000354648 ], [ 476331.627299999818206, 3874330.366100000217557 ], [ 477895.571600000374019, 3873346.546399999409914 ], [ 478742.240000000223517, 3873410.046499999240041 ], [ 478678.739799999631941, 3872870.295399999246001 ], [ 478096.655299999751151, 3872531.628100000321865 ], [ 477768.571399999782443, 3871875.460100000724196 ], [ 478340.072499999776483, 3870277.37360000051558 ], [ 479292.574400000274181, 3869854.03940000012517 ], [ 480170.99280000012368, 3869769.372600000351667 ], [ 482075.996600000187755, 3870414.9572 ], [ 482605.16440000012517, 3870224.456800000742078 ], [ 483199.948900000192225, 3869679.414000000804663 ], [ 484036.033900000154972, 3870187.415100000798702 ], [ 484553.906600000336766, 3869272.6458 ], [ 487290.414900000207126, 3867650.585100000724196 ], [ 488274.666899999603629, 3867396.584599999710917 ], [ 490227.295800000429153, 3866332.957499999552965 ], [ 493266.877500000409782, 3864167.920700000599027 ], [ 495632.215400000102818, 3861791.63990000076592 ], [ 496394.216900000348687, 3861410.6392 ], [ 496521.217199999839067, 3861156.638699999079108 ], [ 496410.092000000178814, 3860743.887800000607967 ], [ 495704.441300000064075, 3859881.339199999347329 ], [ 495013.089200000278652, 3859585.010500000789762 ], [ 494767.788599999621511, 3859064.1842 ], [ 494587.034799999557436, 3857532.95920000039041 ], [ 494965.464100000448525, 3855895.653100000694394 ], [ 494903.261599999852479, 3855273.627900000661612 ], [ 494587.346099999733269, 3854655.532400000840425 ], [ 492983.967899999581277, 3853893.530799999833107 ], [ 492314.333800000138581, 3853117.522600000724196 ], [ 492404.413399999961257, 3852803.962799999862909 ], [ 493114.013799999840558, 3852547.8761 ], [ 493322.576299999840558, 3852269.79590000025928 ], [ 492560.574799999594688, 3851449.585899999365211 ], [ 489661.353000000119209, 3850151.0965 ], [ 487483.827800000086427, 3848514.645300000905991 ], [ 485104.417100000195205, 3847121.858200000599027 ], [ 482986.423299999907613, 3846360.385800000280142 ], [ 481775.952100000344217, 3845646.009400000795722 ], [ 480637.910799999721348, 3845202.103800000622869 ], [ 480217.222400000318885, 3844852.8531 ], [ 480373.174499999731779, 3842837.181399999186397 ], [ 482635.712899999693036, 3840107.204800000414252 ], [ 484369.403099999763072, 3838799.240499999374151 ], [ 485732.827200000174344, 3836967.832800000905991 ], [ 486790.345499999821186, 3836021.109899999573827 ], [ 487213.679700000211596, 3835756.526100000366569 ], [ 489502.330099999904633, 3835253.816700000315905 ], [ 491552.766099999658763, 3836037.615299999713898 ], [ 492994.171099999919534, 3836297.197200000286102 ], [ 493597.677699999883771, 3836765.559599999338388 ], [ 494414.022099999710917, 3836913.813200000673532 ], [ 494519.855700000189245, 3838051.523800000548363 ], [ 494400.792899999767542, 3838712.9835 ], [ 494466.938900000415742, 3839242.151200000196695 ], [ 494718.293600000441074, 3839691.943800000473857 ], [ 495366.524000000208616, 3840260.799100000411272 ], [ 497522.882500000298023, 3841398.509700000286102 ], [ 498052.050200000405312, 3842086.427699999883771 ], [ 499598.542899999767542, 3842570.6162 ], [ 499822.854600000195205, 3844129.479499999433756 ], [ 500074.209300000220537, 3844764.480799999088049 ], [ 500894.419200000353158, 3845716.982699999585748 ], [ 502296.713700000196695, 3846193.2336 ], [ 504003.2796, 3847013.443600000813603 ], [ 505921.512600000016391, 3846854.693299999460578 ], [ 508896.427400000393391, 3845961.722699999809265 ], [ 511013.098299999721348, 3844969.533299999311566 ], [ 512024.982200000435114, 3844045.848799999803305 ], [ 512471.467400000430644, 3843351.316199999302626 ], [ 512649.565399999730289, 3841871.9616 ], [ 513260.754200000315905, 3841173.46030000038445 ], [ 514689.507000000216067, 3841443.335799999535084 ], [ 515300.695700000040233, 3840943.272299999371171 ], [ 515681.69649999961257, 3840840.084599999710917 ], [ 516904.073900000192225, 3840951.209799999371171 ], [ 518316.951799999922514, 3840633.70920000039041 ], [ 518967.828099999576807, 3840030.458000000566244 ], [ 519348.82880000025034, 3838871.580600000917912 ], [ 520294.980700000189245, 3837399.965199999511242 ], [ 520066.380300000309944, 3836644.313699999824166 ], [ 520298.113400000147521, 3835891.345499999821186 ], [ 520075.862999999895692, 3835516.69480000063777 ], [ 519021.760800000280142, 3834761.043299999088049 ], [ 517986.708800000138581, 3833433.890599999576807 ], [ 517872.408499999903142, 3830646.23509999923408 ], [ 517720.008200000040233, 3830417.634600000455976 ], [ 517186.607200000435114, 3830144.584100000560284 ], [ 516132.505099999718368, 3830100.13399999961257 ], [ 515357.80350000038743, 3829693.7331000007689 ], [ 514856.152499999850988, 3828830.131400000303984 ], [ 514341.801500000059605, 3828563.4309 ], [ 513935.400700000114739, 3828106.230000000447035 ], [ 514354.501500000245869, 3827661.729100000113249 ], [ 514405.301599999889731, 3826702.8772 ], [ 515757.854299999773502, 3825236.02419999986887 ], [ 516037.254900000058115, 3823153.220100000500679 ], [ 516900.856599999591708, 3823121.470000000670552 ], [ 517154.857099999673665, 3823432.6206 ], [ 518050.208899999968708, 3823705.67119999974966 ], [ 518697.910199999809265, 3823305.620400000363588 ], [ 520120.313000000081956, 3818917.761600000783801 ], [ 521434.765700000338256, 3816530.1568 ], [ 521714.166199999861419, 3815603.054999999701977 ], [ 522481.856300000101328, 3814724.371999999508262 ], [ 522812.586099999956787, 3813970.308000000193715 ], [ 523070.555399999953806, 3812293.5077 ], [ 522250.3454, 3811155.7971 ], [ 522230.501600000075996, 3810887.905999999493361 ], [ 524019.75, 3810799.105000000447035 ], [ 524863.111100000329316, 3811920.279100000858307 ], [ 526073.582200000062585, 3812449.44679999910295 ], [ 526318.322300000116229, 3813031.531300000846386 ], [ 526331.551500000059605, 3813663.225299999117851 ], [ 526050.431200000457466, 3814705.024299999698997 ], [ 527022.776899999938905, 3815756.745100000873208 ], [ 527730.53870000038296, 3815376.405799999833107 ], [ 528259.706399999558926, 3815588.07289999909699 ], [ 529251.895899999886751, 3817565.837300000712276 ], [ 529609.084099999628961, 3817757.660599999129772 ], [ 530194.475899999961257, 3817575.759199999272823 ], [ 531103.982900000177324, 3818088.3904 ], [ 533157.815200000070035, 3818121.463400000706315 ], [ 535142.194099999964237, 3817502.99860000051558 ], [ 537265.612999999895692, 3817370.908800000324845 ], [ 537662.488800000399351, 3817450.284 ], [ 537781.551500000059605, 3817728.096999999135733 ], [ 538190.333599999547005, 3817982.097500000149012 ], [ 539051.553999999538064, 3818045.597699999809265 ], [ 539337.30460000038147, 3817997.9726 ], [ 540924.807799999602139, 3816950.220499999821186 ], [ 541206.589599999599159, 3816981.970499999821186 ], [ 541563.777800000272691, 3817438.377699999138713 ], [ 543480.68790000025183, 3817466.159 ], [ 545421.410500000230968, 3817140.720899999141693 ], [ 547262.914200000464916, 3816597.001000000163913 ], [ 547897.915500000119209, 3816600.969799999147654 ], [ 549906.106999999843538, 3817390.752599999308586 ], [ 552799.331500000320375, 3817247.877299999818206 ], [ 555946.556599999777973, 3818589.317500000819564 ], [ 557661.059999999590218, 3818890.943099999800324 ], [ 558950.906299999915063, 3819387.037900000810623 ], [ 560160.583800000138581, 3820303.027200000360608 ], [ 561379.786199999973178, 3820830.078199999406934 ], [ 561475.036399999633431, 3821731.779999999329448 ], [ 562230.68790000025183, 3822392.181399999186397 ], [ 562822.884399999864399, 3823617.637000000104308 ], [ 562862.571899999864399, 3824093.888000000268221 ], [ 562568.883899999782443, 3824927.327199999243021 ], [ 562608.571399999782443, 3826435.455199999734759 ], [ 563362.635400000028312, 3827586.394999999552965 ], [ 562807.745299999602139, 3828478.403999999165535 ], [ 563033.964499999769032, 3830050.0320999994874 ], [ 563748.340900000184774, 3830617.564500000327826 ], [ 564284.123300000093877, 3830788.221100000664592 ], [ 566695.011400000192225, 3830803.461100000888109 ], [ 567169.145700000226498, 3830555.810599999502301 ], [ 567359.646099999547005, 3830126.12639999948442 ], [ 568506.119699999690056, 3829703.04619999974966 ], [ 569058.57079999987036, 3828934.694700000807643 ], [ 570284.123300000093877, 3828223.493300000205636 ], [ 570519.073699999600649, 3827899.6426 ], [ 571643.025999999605119, 3827690.092199999839067 ], [ 573389.279500000178814, 3826661.3902000002563 ], [ 574024.2807, 3826058.138900000602007 ], [ 573897.280500000342727, 3825321.537499999627471 ], [ 573402.402800000272691, 3824491.802500000223517 ], [ 573233.069199999794364, 3823719.217599999159575 ], [ 573264.819199999794364, 3823200.633199999108911 ], [ 574026.820700000040233, 3822110.547700000926852 ], [ 574143.237599999643862, 3821412.046299999579787 ], [ 574725.322100000455976, 3821782.463700000196695 ], [ 575053.40610000025481, 3821803.630400000140071 ], [ 576238.741799999959767, 3821105.129000000655651 ], [ 577487.5777000002563, 3821200.379200000315905 ], [ 579223.247800000011921, 3820724.1283 ], [ 580472.083599999547005, 3819866.876599999144673 ], [ 582842.754999999888241, 3817104.620999999344349 ], [ 583742.340200000442564, 3816437.869699999690056 ], [ 585207.076399999670684, 3814962.550100000575185 ], [ 585689.677400000393391, 3813159.146500000730157 ], [ 586337.378700000233948, 3812467.788799999281764 ], [ 586849.348500000312924, 3812297.13230000063777 ], [ 587646.787100000306964, 3812292.8564 ], [ 587777.61780000012368, 3812132.952099999412894 ], [ 587800.801400000229478, 3810828.622500000521541 ], [ 588892.209800000302494, 3806082.64949999935925 ], [ 588760.999699999578297, 3803089.588300000876188 ], [ 588469.41370000038296, 3800786.859099999070168 ], [ 588083.841000000014901, 3799529.556600000709295 ], [ 587430.043700000271201, 3798758.411000000312924 ], [ 585518.943799999542534, 3797668.748800000175834 ], [ 583607.843999999575317, 3796126.457800000905991 ], [ 582551.70990000013262, 3796092.929700000211596 ], [ 580640.610100000165403, 3795472.660499999299645 ], [ 578667.14989999961108, 3796026.225700000301003 ], [ 576839.829300000332296, 3796188.526599999517202 ], [ 575260.263600000180304, 3795640.837999999523163 ], [ 574934.825400000438094, 3795307.462300000712276 ], [ 573990.261099999770522, 3794847.086400000378489 ], [ 571847.131799999624491, 3794688.336100000888109 ], [ 570799.379700000397861, 3793537.396299999207258 ], [ 569505.564600000157952, 3793029.395300000905991 ], [ 568600.687800000421703, 3792886.519999999552965 ], [ 568124.43680000025779, 3792576.956900000572205 ], [ 565425.681400000117719, 3789417.8256 ], [ 560363.199900000356138, 3782035.274299999698997 ], [ 559867.105200000107288, 3781539.17960000038147 ], [ 558577.258899999782443, 3780861.183399999514222 ], [ 556460.588000000454485, 3780100.504799999296665 ], [ 555451.861999999731779, 3779439.045199999585748 ], [ 554726.240799999795854, 3778435.61089999973774 ], [ 554325.252600000239909, 3777412.716299999505281 ], [ 554409.919400000013411, 3777031.715600000694394 ], [ 554187.668999999761581, 3776174.463899999856949 ], [ 553923.085099999792874, 3776058.04700000025332 ], [ 553150.500199999660254, 3776280.297399999573827 ], [ 552854.166299999691546, 3776058.04700000025332 ], [ 552811.832899999804795, 3775634.712799999862909 ], [ 553077.47510000038892, 3774650.460799999535084 ], [ 552642.499200000427663, 3774978.544800000265241 ], [ 552102.748100000433624, 3775793.46309999935329 ], [ 551541.830299999564886, 3775973.380100000649691 ], [ 550483.494900000281632, 3777052.88230000063777 ], [ 550324.744599999859929, 3777137.549100000411272 ], [ 549435.74280000012368, 3776862.381899999454618 ], [ 548689.26659999974072, 3777098.449500000104308 ], [ 547801.695899999700487, 3776798.434599999338388 ], [ 547019.056499999947846, 3776246.872199999168515 ], [ 545704.760599999688566, 3774328.25650000013411 ], [ 544692.727400000207126, 3774117.9123 ], [ 543746.645899999886751, 3773291.045 ], [ 541629.974999999627471, 3773195.794800000265241 ], [ 540494.247999999672174, 3772777.737500000745058 ], [ 539968.900700000114739, 3773142.04619999974966 ], [ 539492.649799999780953, 3773247.879699999466538 ], [ 536754.206799999810755, 3773287.567299999296665 ], [ 536476.393699999898672, 3773657.9847 ], [ 535669.412899999879301, 3773710.901499999687076 ], [ 534796.286199999973178, 3774081.318900000303984 ], [ 534528.922100000083447, 3773640.591900000348687 ], [ 534564.457100000232458, 3773280.5044 ], [ 534929.171299999579787, 3772681.742000000551343 ], [ 534716.108900000341237, 3772565.974899999797344 ], [ 534813.329800000414252, 3772177.748199999332428 ], [ 534496.988199999555945, 3772105.752000000327826 ], [ 533556.392599999904633, 3772522.471599999815226 ], [ 532733.488499999977648, 3773207.579299999400973 ], [ 531181.122499999590218, 3772812.749500000849366 ], [ 530381.020899999886751, 3773606.5011 ], [ 529421.7955, 3773578.299599999561906 ], [ 528583.967299999669194, 3774076.402000000700355 ], [ 527453.66509999986738, 3774260.552400000393391 ], [ 527345.714900000020862, 3774616.153100000694394 ], [ 526869.463899999856949, 3774597.1031 ], [ 525835.470200000330806, 3774931.537100000306964 ], [ 524991.524100000038743, 3774517.05599999986589 ], [ 524540.067599999718368, 3774899.787000000476837 ], [ 524584.517699999734759, 3775236.3377 ], [ 524298.767099999822676, 3775376.03800000064075 ], [ 522609.641699999570847, 3774776.3586 ], [ 521650.525200000032783, 3775404.745300000533462 ], [ 521253.649400000460446, 3776039.746600000187755 ], [ 520572.345900000073016, 3775986.829800000414252 ], [ 519963.803100000135601, 3776496.153699999675155 ], [ 519666.146200000308454, 3776191.88230000063777 ], [ 518699.092199999839067, 3776239.507400000467896 ], [ 517098.3597999997437, 3775802.94400000013411 ], [ 516409.459099999628961, 3776007.0954 ], [ 515447.573599999770522, 3775564.697699999436736 ], [ 514197.681800000369549, 3774813.553099999204278 ], [ 514134.226800000295043, 3774311.573000000789762 ], [ 513629.400799999944866, 3774113.135099999606609 ], [ 513553.200699999928474, 3773541.633899999782443 ], [ 513019.799599999561906, 3773262.23340000025928 ], [ 511984.747499999590218, 3773147.933199999853969 ], [ 509429.049300000071526, 3774353.156700000166893 ], [ 508152.432199999690056, 3774075.343699999153614 ], [ 506992.672899999655783, 3773471.761800000444055 ], [ 506377.515399999916553, 3773451.917999999597669 ], [ 505914.493700000457466, 3772691.239399999380112 ], [ 505702.82660000026226, 3772684.624800000339746 ], [ 505266.263199999928474, 3773048.4276 ], [ 504505.584599999710917, 3772955.823200000450015 ], [ 502847.353600000031292, 3772378.096000000834465 ], [ 502017.883200000040233, 3771810.5636 ], [ 500494.356499999761581, 3771481.634700000286102 ], [ 499113.228799999691546, 3770664.070599999278784 ], [ 496866.911799999885261, 3771108.57149999961257 ], [ 496509.723600000143051, 3770886.321000000461936 ], [ 496343.035699999891222, 3770465.6327 ], [ 495294.130800000391901, 3770357.188500000163913 ], [ 491039.61739999987185, 3770404.813699999824166 ], [ 490952.304700000211596, 3771690.691199999302626 ], [ 490539.553899999707937, 3772024.0669 ], [ 489062.43680000025779, 3771951.644600000232458 ], [ 488321.601999999955297, 3771242.559800000861287 ], [ 487369.10010000038892, 3770787.475600000470877 ], [ 485400.596099999733269, 3771041.476099999621511 ], [ 485315.929299999959767, 3771157.89299999922514 ], [ 485495.846300000324845, 3771517.727 ], [ 485379.321899999864399, 3772245.995899999514222 ], [ 482782.166699999943376, 3772303.145999999716878 ], [ 481431.201500000432134, 3771923.732699999585748 ], [ 479785.589100000448525, 3772334.697599999606609 ], [ 478314.150100000202656, 3772355.864299999549985 ], [ 477636.815399999730289, 3772588.698100000619888 ], [ 476922.439000000245869, 3772615.156500000506639 ], [ 475398.435899999924004, 3772186.5307 ], [ 474908.073800000362098, 3772184.766799999400973 ], [ 473638.071299999952316, 3771655.598999999463558 ], [ 471955.317900000140071, 3771338.098400000482798 ], [ 470928.732499999925494, 3771581.515599999576807 ], [ 470198.481100000441074, 3771549.76549999974668 ], [ 468483.97759999986738, 3770851.26410000026226 ], [ 468039.476700000464916, 3770512.596799999475479 ], [ 467589.626299999654293, 3771087.140599999576807 ], [ 467049.875199999660254, 3771240.599199999123812 ], [ 466422.8114, 3771068.619699999690056 ], [ 465554.058899999596179, 3771180.560100000351667 ], [ 464945.515999999828637, 3770684.465399999171495 ], [ 464112.076899999752641, 3771266.549900000914931 ], [ 463609.367499999701977, 3771326.081199999898672 ], [ 462463.322499999776483, 3771348.174000000581145 ], [ 461189.342600000090897, 3770859.598500000312924 ], [ 460850.419300000183284, 3770967.1732 ], [ 460640.868900000117719, 3770757.6228 ], [ 459535.966699999757111, 3770802.07289999909699 ], [ 458853.530100000090897, 3771522.513299999758601 ], [ 458556.667000000365078, 3771382.813100000843406 ], [ 458262.392300000414252, 3771648.079800000414252 ], [ 457525.79079999960959, 3771749.679999999701977 ], [ 457157.490000000223517, 3771444.8794 ], [ 456141.487999999895692, 3771406.77930000051856 ], [ 455208.036100000143051, 3772003.680500000715256 ], [ 453106.181900000199676, 3772589.557399999350309 ], [ 451692.245799999684095, 3772230.781600000336766 ], [ 451163.078099999576807, 3771939.739399999380112 ], [ 450517.493400000035763, 3772188.448200000450015 ], [ 449713.158499999903142, 3772167.281500000506639 ], [ 449114.095599999651313, 3771683.034199999645352 ], [ 448338.203499999828637, 3771681.883199999108911 ], [ 447939.740199999883771, 3771496.145400000736117 ], [ 447321.32039999961853, 3771701.878499999642372 ], [ 446889.519500000402331, 3771701.878499999642372 ], [ 446445.018600000068545, 3771479.628100000321865 ], [ 446216.418200000189245, 3771695.5285 ], [ 445873.517500000074506, 3771574.878200000151992 ], [ 445257.566200000233948, 3771720.92850000038743 ], [ 444730.5152000002563, 3771612.97829999960959 ], [ 444039.130400000140071, 3772085.143699999898672 ], [ 443564.017900000326335, 3772199.084499999880791 ], [ 441905.80460000038147, 3771616.206199999898672 ], [ 440845.698400000110269, 3770961.718299999833107 ], [ 439912.212899999693036, 3769861.074400000274181 ], [ 439627.785199999809265, 3769910.683900000527501 ], [ 439320.206500000320375, 3770251.33559999987483 ], [ 438326.164900000207126, 3769977.094399999827147 ], [ 437818.654000000096858, 3770161.130599999800324 ], [ 436852.252899999730289, 3770200.682600000873208 ], [ 436468.606300000101328, 3770055.161499999463558 ], [ 436124.647199999541044, 3769572.29590000025928 ], [ 435674.854700000025332, 3769294.482899999246001 ], [ 434570.2171, 3769029.899000000208616 ], [ 432955.765100000426173, 3768264.17850000038743 ], [ 432748.066800000146031, 3767783.958799999207258 ], [ 432086.607099999673665, 3767387.083000000566244 ], [ 432124.23450000025332, 3766441.025000000372529 ], [ 431053.33530000038445, 3764691.579800000414252 ], [ 430034.687400000169873, 3764085.788599999621511 ], [ 429371.111100000329316, 3763331.724600000306964 ], [ 427635.970099999569356, 3762512.57289999909699 ], [ 426873.96860000025481, 3761439.949899999424815 ], [ 425898.888799999840558, 3761166.149700000882149 ], [ 425279.442400000058115, 3760628.0033 ], [ 424406.712500000372529, 3760200.17119999974966 ], [ 421770.703999999910593, 3756923.472899999469519 ], [ 420048.170300000347197, 3755455.083499999716878 ], [ 417788.044599999673665, 3754474.845000000670552 ], [ 416041.791100000031292, 3753958.906500000506639 ], [ 413343.035699999891222, 3752014.215099999681115 ], [ 409572.715699999593198, 3751418.901399999856949 ], [ 407112.085699999704957, 3751260.151100000366569 ], [ 402597.623599999584258, 3750605.30599999986589 ], [ 401010.120400000363588, 3750684.681199999526143 ], [ 398668.553199999965727, 3750248.117799999192357 ], [ 395017.29590000025928, 3750922.806600000709295 ], [ 393032.916899999603629, 3751081.557 ], [ 390135.723699999973178, 3750764.05629999935627 ], [ 384500.08739999961108, 3750644.993599999696016 ], [ 381126.643099999986589, 3750129.055099999532104 ], [ 378800.656600000336766, 3749378.658500000834465 ], [ 374416.134899999946356, 3747274.856599999591708 ], [ 373265.19510000012815, 3746520.792600000277162 ], [ 370725.190000000409782, 3745528.6031 ], [ 365368.222099999897182, 3744887.783900000154972 ], [ 364554.016099999658763, 3748272.729599999263883 ], [ 363344.738199999555945, 3752236.757099999114871 ], [ 365140.884200000204146, 3755870.194900000467896 ], [ 365109.901700000278652, 3759981.31389999948442 ], [ 366442.745000000111759, 3764738.22690000012517 ], [ 364123.501199999824166, 3769725.138900000602007 ], [ 365020.064899999648333, 3770733.204 ], [ 365739.488099999725819, 3770966.545499999076128 ], [ 366045.229600000195205, 3770779.784900000318885 ], [ 366039.249499999918044, 3771009.776000000536442 ], [ 366535.861499999649823, 3771516.098600000143051 ], [ 366996.09360000025481, 3771476.128699999302626 ], [ 367340.254999999888241, 3771918.481000000610948 ], [ 367777.697100000455976, 3772011.401699999347329 ], [ 368819.961500000208616, 3772708.615599999204278 ], [ 368581.810300000011921, 3772872.346200000494719 ], [ 368741.07079999987036, 3773250.987999999895692 ], [ 368196.778500000014901, 3772909.666200000792742 ], [ 367852.356800000183284, 3773077.786699999123812 ], [ 367925.54700000025332, 3773308.637900000438094 ], [ 368440.689299999736249, 3773501.479000000283122 ], [ 368645.269899999722838, 3773945.6513 ], [ 368984.871700000017881, 3773835.130899999290705 ], [ 369405.27350000012666, 3773985.92200000025332 ], [ 369628.514299999922514, 3774451.744200000539422 ], [ 369991.55599999986589, 3774443.114399999380112 ], [ 371012.250500000081956, 3774912.097200000658631 ], [ 371298.661899999715388, 3774827.916899999603629 ], [ 372054.353900000452995, 3777752.411100000143051 ], [ 375967.75870000012219, 3784474.735200000926852 ], [ 382258.560300000011921, 3780904.731499999761581 ], [ 384382.549599999561906, 3782273.379100000485778 ], [ 387331.96239999961108, 3784661.531899999827147 ], [ 388635.268400000408292, 3785153.684800000861287 ], [ 389113.580400000326335, 3785539.03690000064671 ], [ 389398.891400000080466, 3786335.120899999514222 ], [ 389809.683100000023842, 3786667.772700000554323 ], [ 389798.022599999792874, 3787644.637199999764562 ], [ 390698.595499999821186, 3790524.771500000730157 ], [ 393636.015800000168383, 3798580.1414 ], [ 394303.947800000198185, 3801290.744799999520183 ], [ 394764.417200000025332, 3807279.513900000602007 ], [ 396642.516200000420213, 3807380.725199999287724 ], [ 397240.96889999974519, 3807833.977700000628829 ], [ 398481.27489999961108, 3808211.293400000780821 ], [ 398239.424200000241399, 3808430.9331 ], [ 397286.9222999997437, 3808113.432499999180436 ], [ 396948.254900000058115, 3808473.26659999974072 ], [ 396482.587299999780953, 3808536.766699999570847 ], [ 395445.418600000441074, 3808092.265799999237061 ], [ 394873.917500000447035, 3807499.597899999469519 ], [ 394069.582499999552965, 3807647.76490000076592 ], [ 392228.07880000025034, 3808473.26659999974072 ], [ 390915.742899999953806, 3808303.932900000363588 ], [ 390344.24170000012964, 3807965.26549999974668 ], [ 390301.908300000242889, 3807753.598400000482798 ], [ 389815.074000000022352, 3807880.5987 ], [ 388523.904799999669194, 3810251.270099999383092 ], [ 388502.738099999725819, 3811076.771800000220537 ], [ 388650.90500000026077, 3811415.439099999144673 ], [ 388502.738099999725819, 3811859.939999999478459 ], [ 388385.245900000445545, 3812071.217599999159575 ], [ 387681.156499999575317, 3812440.026399999856949 ], [ 388167.313400000333786, 3814770.227 ], [ 388167.313400000333786, 3815725.776900000870228 ], [ 389743.13260000012815, 3818039.213500000536442 ], [ 390413.693900000303984, 3818240.381999999284744 ], [ 390883.086900000460446, 3819028.291500000283122 ], [ 392878.00690000038594, 3820805.279100000858307 ], [ 393297.107699999585748, 3820989.683499999344349 ], [ 394051.489199999719858, 3821911.705299999564886 ], [ 394839.39879999961704, 3822381.098200000822544 ], [ 395124.387400000356138, 3822816.96309999935329 ], [ 395845.240799999795854, 3823319.884099999442697 ], [ 397478.836600000038743, 3825360.151699999347329 ], [ 398801.755900000222027, 3826524.320699999108911 ], [ 404093.433199999853969, 3829223.076099999248981 ], [ 405416.352500000037253, 3830355.494999999180436 ], [ 409120.526600000448525, 3832366.332299999892712 ], [ 410178.861999999731779, 3833477.584599999710917 ], [ 411078.447100000455976, 3835647.1722 ], [ 412295.5329, 3836917.174799999222159 ], [ 413248.034799999557436, 3839192.596000000834465 ], [ 413406.785099999979138, 3841891.351399999111891 ], [ 413036.367700000293553, 3842685.103000000119209 ], [ 412560.116799999959767, 3842843.85329999960959 ], [ 411395.947800000198185, 3842632.186200000345707 ], [ 409014.692999999970198, 3843478.854599999263883 ], [ 407511.447800000198185, 3843142.785000000149012 ], [ 407481.42949999962002, 3842605.727800000458956 ], [ 406634.761199999600649, 3842499.894300000742078 ], [ 405100.174800000153482, 3843346.562599999830127 ], [ 402824.753499999642372, 3843346.562599999830127 ], [ 402136.835500000044703, 3844193.231000000610948 ], [ 402401.419400000013411, 3844775.315500000491738 ], [ 402136.835500000044703, 3845780.734200000762939 ], [ 402454.336099999956787, 3846098.2347999997437 ], [ 402613.086500000208616, 3846733.236099999397993 ], [ 401819.33490000013262, 3850172.82630000077188 ], [ 401978.085199999623001, 3852289.497199999168515 ], [ 401713.501299999654293, 3853612.416500000283122 ], [ 402189.752299999818206, 3854723.668700000271201 ], [ 402348.502600000239909, 3856099.504799999296665 ], [ 403089.33739999961108, 3858480.759600000455976 ], [ 404253.506400000303984, 3858904.093699999153614 ], [ 405206.00829999987036, 3859592.011800000444055 ], [ 406423.094100000336766, 3860862.0143 ], [ 406317.260499999858439, 3861497.015599999576807 ], [ 405153.091500000096858, 3862925.768500000238419 ], [ 404518.090300000272691, 3863349.102600000798702 ], [ 403353.921299999579787, 3863613.686499999836087 ], [ 403036.420599999837577, 3864354.521299999207258 ], [ 403353.921299999579787, 3864724.938699999824166 ], [ 403406.838000000454485, 3865254.1064 ], [ 403089.33739999961108, 3865889.107699999585748 ], [ 402983.503899999894202, 3867053.276699999347329 ], [ 403248.087700000032783, 3867899.94510000012815 ], [ 404147.672899999655783, 3869434.531500000506639 ], [ 405047.25800000037998, 3869540.365000000223517 ], [ 408010.597299999557436, 3867899.94510000012815 ], [ 409968.517799999564886, 3867529.527699999511242 ], [ 411344.353900000452995, 3867741.19480000063777 ], [ 412349.772599999792874, 3868111.612199999392033 ], [ 413143.52419999986887, 3868693.696699999272823 ], [ 413461.024799999780953, 3869222.864399999380112 ], [ 413699.701500000432134, 3870515.46680000051856 ], [ 414923.401899999938905, 3872169.115900000557303 ], [ 415287.204699999652803, 3873392.816299999132752 ], [ 414956.474899999797344, 3874715.735600000247359 ], [ 415022.620799999684095, 3875707.925100000575185 ], [ 414724.963999999687076, 3876931.625499999150634 ], [ 412674.439000000245869, 3878056.106899999082088 ], [ 412343.70920000039041, 3879015.223400000482798 ], [ 412674.439000000245869, 3880668.872500000521541 ], [ 412575.220099999569356, 3881112.050499999895692 ], [ 412740.584999999962747, 3882170.385900000110269 ], [ 413104.387799999676645, 3883625.597200000658631 ], [ 412707.512000000104308, 3886072.997899999842048 ], [ 413501.263600000180304, 3886767.530500000342727 ], [ 413468.190600000321865, 3887462.063200000673532 ], [ 412905.949900000356138, 3887892.012000000104308 ], [ 412112.198300000280142, 3888024.303899999707937 ], [ 410656.987099999561906, 3889644.880100000649691 ], [ 410193.965300000272691, 3891000.872300000861287 ], [ 409929.38150000013411, 3893779.002900000661612 ], [ 409433.286700000055134, 3894969.630300000309944 ], [ 409797.089499999769032, 3895829.527799999341369 ], [ 409797.089499999769032, 3896259.476600000634789 ], [ 409234.848799999803305, 3896524.060499999672174 ], [ 409069.483900000341237, 3897417.030999999493361 ], [ 408738.754099999554455, 3897714.687899999320507 ], [ 406952.813000000081956, 3898316.616100000217557 ], [ 406456.718299999833107, 3898647.346000000834465 ], [ 406125.988400000147521, 3899242.659700000658631 ], [ 406159.0614, 3901425.476500000804663 ], [ 406357.49930000025779, 3902649.176899999380112 ], [ 405530.674800000153482, 3903806.731300000101328 ], [ 405067.652999999932945, 3905328.088500000536442 ], [ 404836.142099999822676, 3905691.89130000025034 ], [ 404207.755400000140071, 3905923.402200000360608 ], [ 403877.025600000284612, 3906551.788899999111891 ], [ 404042.39049999974668, 3907080.956599999219179 ], [ 405530.674800000153482, 3908106.219100000336766 ], [ 406952.813000000081956, 3908304.656999999657273 ], [ 407415.834800000302494, 3908503.094900000840425 ], [ 408242.659300000406802, 3909197.627499999478459 ], [ 410127.81940000038594, 3909627.57630000077188 ], [ 410756.206000000238419, 3909958.306099999696016 ], [ 411451.907300000078976, 3910792.446399999782443 ], [ 412550.535600000061095, 3909849.562100000679493 ], [ 414114.029400000348687, 3909361.252599999308586 ], [ 415336.4068, 3909281.877399999648333 ], [ 416019.033200000412762, 3909805.753499999642372 ], [ 416570.503899999894202, 3909974.571000000461936 ], [ 417431.987599999643862, 3909867.642000000923872 ], [ 420305.368400000035763, 3910645.5186 ], [ 420892.744500000029802, 3910947.144200000911951 ], [ 421210.245199999772012, 3911598.020500000566244 ], [ 421543.620799999684095, 3911566.270400000736117 ], [ 421829.371399999596179, 3910693.143699999898672 ], [ 422099.247000000439584, 3910391.518100000917912 ], [ 422591.372899999842048, 3910185.142699999734759 ] ] ] } },
{ "type": "Feature", "properties": { "CODE": 6, "LIB_FR": "Sebkhats Kelbia et Sidi El Hani" }, "geometry": { "type": "Polygon", "coordinates": [ [ [ 596266.603000000119209, 4013287.518100000917912 ], [ 596890.125, 4012223.249800000339746 ], [ 597639.363699999637902, 4011485.995200000703335 ], [ 597652.671000000089407, 4011209.893500000238419 ], [ 597811.421299999579787, 4011077.601600000634789 ], [ 598988.819500000216067, 4011130.518400000408292 ], [ 599240.174200000241399, 4011037.914000000804663 ], [ 599478.299599999561906, 4010535.204700000584126 ], [ 600219.134499999694526, 4010297.079199999570847 ], [ 600827.677299999631941, 4008855.097200000658631 ], [ 601211.323900000192225, 4008339.158600000664592 ], [ 603195.702899999916553, 4007452.802699999883771 ], [ 604878.807699999772012, 4005508.752599999308586 ], [ 605442.371399999596179, 4005175.376900000497699 ], [ 605769.324699999764562, 4004743.796900000423193 ], [ 605775.395600000396371, 4004052.900100000202656 ], [ 605325.603000000119209, 4002584.459599999710917 ], [ 605391.748999999836087, 4001301.227900000289083 ], [ 605741.881599999964237, 4000942.71680000051856 ], [ 605748.937199999578297, 4000481.017899999395013 ], [ 606106.12540000025183, 3999978.308599999174476 ], [ 605696.020399999804795, 3999515.286800000816584 ], [ 605537.270100000314415, 3998853.827199999243021 ], [ 605947.375099999830127, 3997742.574899999424815 ], [ 605595.877100000157952, 3996674.923900000751019 ], [ 605856.510700000450015, 3996313.809299999848008 ], [ 605817.32660000026226, 3995878.033099999651313 ], [ 606331.02170000039041, 3995520.070499999448657 ], [ 606351.050599999725819, 3995335.972300000488758 ], [ 606591.501299999654293, 3995570.71030000038445 ], [ 607782.128700000233948, 3995713.58559999987483 ], [ 608472.271599999628961, 3996038.602800000458956 ], [ 609393.02350000012666, 3995871.91499999910593 ], [ 610821.776300000026822, 3996038.602800000458956 ], [ 613597.404699999839067, 3996066.914300000295043 ], [ 615333.736299999989569, 3995719.648 ], [ 616342.462299999780953, 3996083.450799999758601 ], [ 617847.282999999821186, 3996232.279200000688434 ], [ 620608.877100000157952, 3995488.1371 ], [ 622981.036799999885261, 3995679.596200000494719 ], [ 626592.716300000436604, 3995003.801000000908971 ], [ 629939.067099999636412, 3993699.491499999538064 ], [ 630296.255300000309944, 3993247.053099999204278 ], [ 631534.673200000077486, 3989993.167700000107288 ], [ 633002.521999999880791, 3988075.354699999094009 ], [ 633024.522900000214577, 3986989.655799999833107 ], [ 633615.074099999852479, 3986234.004300000146031 ], [ 634186.575199999846518, 3985878.4035 ], [ 635172.238300000317395, 3985562.0494 ], [ 636838.942900000140071, 3986046.493200000375509 ], [ 637644.381599999964237, 3983623.452099999412894 ], [ 637790.053899999707937, 3982531.259800000116229 ], [ 639572.101400000043213, 3979205.311499999836087 ], [ 638692.384899999946356, 3978423.341399999335408 ], [ 638087.773400000296533, 3976336.580199999734759 ], [ 637114.104799999855459, 3975659.245500000193715 ], [ 636309.769799999892712, 3975362.911599999293685 ], [ 634764.60010000038892, 3973860.075200000777841 ], [ 634216.388000000268221, 3972840.918299999088049 ], [ 633126.72580000013113, 3971499.7956000007689 ], [ 632901.929700000211596, 3970177.067900000140071 ], [ 632647.92920000012964, 3969605.566700000315905 ], [ 631547.260300000198185, 3968674.231499999761581 ], [ 628514.409599999897182, 3964584.273 ], [ 626821.242200000211596, 3963209.622300000861287 ], [ 626737.42200000025332, 3961918.7917 ], [ 627089.466699999757111, 3960963.241800000891089 ], [ 626742.247299999929965, 3959309.75870000012219 ], [ 627038.676199999637902, 3958581.547700000926852 ], [ 628200.338999999687076, 3957219.986500000581145 ], [ 629025.840699999593198, 3955611.316600000485778 ], [ 630309.791000000201166, 3953875.992599999532104 ], [ 630076.957200000062585, 3953135.157800000160933 ], [ 628456.123200000263751, 3952359.874800000339746 ], [ 628277.786899999715388, 3951992.155500000342727 ], [ 628531.787399999797344, 3951738.154999999329448 ], [ 630076.957200000062585, 3952097.989 ], [ 631346.959699999541044, 3952119.1557 ], [ 632616.962299999780953, 3951674.654899999499321 ], [ 634354.927199999801815, 3950523.864 ], [ 636190.477699999697506, 3948820.605399999767542 ], [ 637314.959099999628961, 3947266.175200000405312 ], [ 639656.499900000169873, 3945111.00029999949038 ], [ 641537.491899999789894, 3943820.601399999111891 ], [ 642025.527300000190735, 3943155.268699999898672 ], [ 642689.318799999542534, 3941346.111300000920892 ], [ 643448.591699999757111, 3939931.34569999948144 ], [ 644395.487900000065565, 3935765.508500000461936 ], [ 645395.614900000393391, 3934178.005300000309944 ], [ 646325.502999999560416, 3933165.610300000756979 ], [ 647026.650299999862909, 3932729.046900000423193 ], [ 647820.401899999938905, 3932676.130200000479817 ], [ 649632.801300000399351, 3933549.256899999454618 ], [ 650466.240500000305474, 3934409.154500000178814 ], [ 651154.158499999903142, 3934660.509099999442697 ], [ 652331.556699999608099, 3934739.88429999910295 ], [ 653482.496500000357628, 3933628.632099999114871 ], [ 654196.872899999842048, 3933456.652599999681115 ], [ 654898.020200000144541, 3934051.966299999505281 ], [ 656009.27240000013262, 3933655.090500000864267 ], [ 657014.691100000403821, 3932385.087899999693036 ], [ 657665.365899999625981, 3930184.033500000834465 ], [ 657474.865600000135601, 3929019.864499999210238 ], [ 658203.051300000399351, 3927387.446399999782443 ], [ 656858.083300000056624, 3924451.00650000013411 ], [ 656735.258500000461936, 3923037.566700000315905 ], [ 656243.132500000298023, 3921910.439400000497699 ], [ 655433.505800000391901, 3921053.187699999660254 ], [ 652865.512900000438094, 3918987.3498 ], [ 651734.5466, 3918981.030099999159575 ], [ 651172.305900000035763, 3917410.063400000333786 ], [ 650229.725899999961257, 3916980.11460000090301 ], [ 649502.120299999602139, 3915739.877699999138713 ], [ 649407.195600000210106, 3914477.033800000324845 ], [ 649765.776399999856949, 3911048.600199999287724 ], [ 650527.777900000102818, 3909222.971599999815226 ], [ 650364.642, 3907751.163899999111891 ], [ 649221.6398, 3905380.492499999701977 ], [ 648226.804399999789894, 3904004.656400000676513 ], [ 646999.135300000198185, 3903009.821100000292063 ], [ 645623.299200000241399, 3902586.4869 ], [ 644395.630099999718368, 3902565.3202 ], [ 643019.793999999761581, 3902798.153999999165535 ], [ 641686.291400000452995, 3902734.653799999505281 ], [ 640776.122899999842048, 3902374.81980000063777 ], [ 639040.4527000002563, 3901231.817500000819564 ], [ 638254.825600000098348, 3901225.114399999380112 ], [ 637411.464599999599159, 3901489.698300000280142 ], [ 636981.515800000168383, 3901836.964600000530481 ], [ 636700.395499999634922, 3902415.741800000891089 ], [ 635711.513299999758601, 3902735.0614 ], [ 633616.009100000374019, 3902330.248099999502301 ], [ 632647.632100000046194, 3901480.933900000527501 ], [ 632068.193500000052154, 3901536.496500000357628 ], [ 631258.566899999976158, 3901943.955700000748038 ], [ 630496.565299999900162, 3901689.955199999734759 ], [ 626898.224799999967217, 3898853.6162 ], [ 624866.220700000412762, 3896504.111500000581145 ], [ 624379.386400000192225, 3895699.776499999687076 ], [ 623723.218500000424683, 3893731.272600000724196 ], [ 622432.049200000241399, 3891529.934800000861287 ], [ 621924.048200000077486, 3891212.4342 ], [ 621376.898900000378489, 3891162.760500000789762 ], [ 620523.64850000012666, 3890638.323699999600649 ], [ 619443.103000000119209, 3889050.367000000551343 ], [ 618775.787499999627471, 3888747.230900000780821 ], [ 618458.286899999715388, 3888403.271800000220537 ], [ 617303.196299999952316, 3887902.3893 ], [ 616487.137099999934435, 3887874.104100000113249 ], [ 616566.512299999594688, 3887265.561200000345707 ], [ 616354.845200000330806, 3886934.831399999558926 ], [ 615836.824599999934435, 3886750.85869999974966 ], [ 614543.671000000089407, 3886760.780600000172853 ], [ 614232.784900000318885, 3886648.332499999552965 ], [ 614113.722199999727309, 3886426.74349999986589 ], [ 613773.996500000357628, 3886614.333399999886751 ], [ 612963.167600000277162, 3886607.491699999198318 ], [ 612031.334099999628961, 3886372.8114 ], [ 611579.106499999761581, 3885770.662399999797344 ], [ 610547.229399999603629, 3885889.725099999457598 ], [ 609184.622499999590218, 3884937.223200000822544 ], [ 608589.308799999766052, 3884937.223200000822544 ], [ 608298.26659999974072, 3884778.472899999469519 ], [ 605431.799599999561906, 3885436.9353 ], [ 604656.93030000012368, 3885828.692099999636412 ], [ 604665.41469999961555, 3886150.556700000539422 ], [ 604384.475899999961257, 3886354.995899999514222 ], [ 603891.357800000347197, 3886187.5143 ], [ 603444.872499999590218, 3886270.196699999272823 ], [ 603147.215599999763072, 3885856.784499999135733 ], [ 602442.492999999783933, 3885590.3235 ], [ 601914.690899999812245, 3885105.218299999833107 ], [ 601445.05460000038147, 3884536.362999999895692 ], [ 601061.407999999821186, 3883484.642200000584126 ], [ 600092.374499999918044, 3882734.253900000825524 ], [ 598811.788599999621511, 3882215.66950000077486 ], [ 598441.371199999935925, 3881390.167899999767542 ], [ 596885.61809999961406, 3879707.4145 ], [ 596187.11670000012964, 3879336.997099999338388 ], [ 594832.447300000116229, 3879104.16330000013113 ], [ 593096.777099999599159, 3879104.16330000013113 ], [ 591689.190999999642372, 3878437.412000000476837 ], [ 589604.270200000144541, 3878236.328199999406934 ], [ 587835.791600000113249, 3878522.07880000025034 ], [ 585581.537100000306964, 3878342.161800000816584 ], [ 585192.130099999718368, 3878425.0143 ], [ 584745.452100000344217, 3878786.662699999287724 ], [ 584406.784799999557436, 3878638.495699999853969 ], [ 583390.782700000330806, 3878924.246300000697374 ], [ 583073.282100000418723, 3879188.8301 ], [ 582795.168200000189245, 3879149.365399999544024 ], [ 580779.0636, 3876182.003000000491738 ], [ 580023.412100000306964, 3875318.4013 ], [ 579540.811099999584258, 3875153.301000000908971 ], [ 579147.110299999825656, 3874734.200099999085069 ], [ 578308.908699999563396, 3874442.099600000306964 ], [ 577864.407800000160933, 3874022.998700000345707 ], [ 576168.954400000162423, 3873216.5471 ], [ 574714.801500000059605, 3873102.246899999678135 ], [ 573513.005199999548495, 3872284.3827 ], [ 572708.197499999776483, 3872219.595100000500679 ], [ 570821.582899999804795, 3871458.964099999517202 ], [ 569902.154000000096858, 3871306.828400000929832 ], [ 568333.658499999903142, 3869964.901399999856949 ], [ 567354.698200000450015, 3868899.95130000077188 ], [ 566309.592000000178814, 3868522.919299999251962 ], [ 565058.070299999788404, 3867456.075400000438094 ], [ 564162.879800000227988, 3867177.951400000602007 ], [ 563396.389000000432134, 3867515.1436 ], [ 562146.750799999572337, 3867789.140100000426173 ], [ 561019.623499999754131, 3867670.077299999073148 ], [ 560315.907999999821186, 3867958.771800000220537 ], [ 559446.750099999830127, 3867998.4594 ], [ 559208.62459999974817, 3868200.86600000038743 ], [ 559233.682400000281632, 3868582.891699999570847 ], [ 558979.681900000199676, 3869075.017699999734759 ], [ 557721.927899999544024, 3869828.850600000470877 ], [ 557192.760099999606609, 3870582.914599999785423 ], [ 556649.040300000458956, 3870860.727600000798702 ], [ 556558.739599999971688, 3871535.647600000724196 ], [ 556177.738800000399351, 3871583.272700000554323 ], [ 555947.550900000147521, 3871519.77250000089407 ], [ 555510.987499999813735, 3871019.709000000730157 ], [ 550295.559500000439584, 3870585.863500000908971 ], [ 550079.659099999815226, 3870516.013299999758601 ], [ 549774.041299999691546, 3870077.145700000226498 ], [ 548523.906000000424683, 3869906.412100000306964 ], [ 545110.097099999897182, 3868138.918099999427795 ], [ 543609.906600000336766, 3868297.668500000610948 ], [ 542471.859000000171363, 3869222.506799999624491 ], [ 542203.614799999631941, 3869249.714999999850988 ], [ 541462.78000000026077, 3868540.630200000479817 ], [ 541171.737800000235438, 3868530.046900000423193 ], [ 540658.44510000012815, 3868212.54619999974966 ], [ 540367.136900000274181, 3867823.594699999317527 ], [ 539705.943199999630451, 3867688.670199999585748 ], [ 539340.817400000058115, 3867154.210799999535084 ], [ 537925.378800000064075, 3865819.325099999085069 ], [ 536515.06180000025779, 3865212.165200000628829 ], [ 535837.727099999785423, 3865540.249199999496341 ], [ 535758.351999999955297, 3864868.206199999898672 ], [ 534583.599600000306964, 3864698.872500000521541 ], [ 533959.181699999608099, 3864190.871500000357628 ], [ 533007.664800000376999, 3863857.634800000116229 ], [ 532668.012400000356138, 3863989.787799999117851 ], [ 532191.761500000022352, 3864974.03969999961555 ], [ 531429.759999999776483, 3864868.206199999898672 ], [ 530350.257799999788404, 3864127.371400000527501 ], [ 530128.007399999536574, 3863714.6206 ], [ 530096.257299999706447, 3863037.285900000482798 ], [ 528384.608199999667704, 3863304.79869999922812 ], [ 527099.684700000099838, 3862925.182499999180436 ], [ 525247.597699999809265, 3861575.8048 ], [ 522810.331799999810755, 3860448.591299999505281 ], [ 521870.705000000074506, 3859846.6414 ], [ 520793.034199999645352, 3858479.919700000435114 ], [ 520396.158400000073016, 3857064.395999999716878 ], [ 520488.762699999846518, 3855490.121999999508262 ], [ 520807.223699999973178, 3854120.739800000563264 ], [ 520623.28110000025481, 3852599.244000000879169 ], [ 520782.03139999974519, 3851662.617200000211596 ], [ 520004.154799999669194, 3850313.239499999210238 ], [ 518242.026300000026822, 3848360.610600000247359 ], [ 517379.902300000190735, 3846189.999299999326468 ], [ 517353.527300000190735, 3840885.6645 ], [ 515681.69649999961257, 3840840.084599999710917 ], [ 515300.695700000040233, 3840943.272299999371171 ], [ 514689.507000000216067, 3841443.335799999535084 ], [ 513260.754200000315905, 3841173.46030000038445 ], [ 512649.565399999730289, 3841871.9616 ], [ 512471.467400000430644, 3843351.316199999302626 ], [ 512024.982200000435114, 3844045.848799999803305 ], [ 511013.098299999721348, 3844969.533299999311566 ], [ 508896.427400000393391, 3845961.722699999809265 ], [ 505921.512600000016391, 3846854.693299999460578 ], [ 504003.2796, 3847013.443600000813603 ], [ 502296.713700000196695, 3846193.2336 ], [ 500894.419200000353158, 3845716.982699999585748 ], [ 500074.209300000220537, 3844764.480799999088049 ], [ 499822.854600000195205, 3844129.479499999433756 ], [ 499598.542899999767542, 3842570.6162 ], [ 498052.050200000405312, 3842086.427699999883771 ], [ 497522.882500000298023, 3841398.509700000286102 ], [ 495366.524000000208616, 3840260.799100000411272 ], [ 494718.293600000441074, 3839691.943800000473857 ], [ 494466.938900000415742, 3839242.151200000196695 ], [ 494400.792899999767542, 3838712.9835 ], [ 494519.855700000189245, 3838051.523800000548363 ], [ 494414.022099999710917, 3836913.813200000673532 ], [ 493597.677699999883771, 3836765.559599999338388 ], [ 492994.171099999919534, 3836297.197200000286102 ], [ 491552.766099999658763, 3836037.615299999713898 ], [ 489502.330099999904633, 3835253.816700000315905 ], [ 487213.679700000211596, 3835756.526100000366569 ], [ 485732.827200000174344, 3836967.832800000905991 ], [ 484369.403099999763072, 3838799.240499999374151 ], [ 482635.712899999693036, 3840107.204800000414252 ], [ 480373.174499999731779, 3842837.181399999186397 ], [ 480217.222400000318885, 3844852.8531 ], [ 480637.910799999721348, 3845202.103800000622869 ], [ 481775.952100000344217, 3845646.009400000795722 ], [ 482986.423299999907613, 3846360.385800000280142 ], [ 485104.417100000195205, 3847121.858200000599027 ], [ 487483.827800000086427, 3848514.645300000905991 ], [ 489661.353000000119209, 3850151.0965 ], [ 492560.574799999594688, 3851449.585899999365211 ], [ 493322.576299999840558, 3852269.79590000025928 ], [ 493114.013799999840558, 3852547.8761 ], [ 492404.413399999961257, 3852803.962799999862909 ], [ 492314.333800000138581, 3853117.522600000724196 ], [ 492983.967899999581277, 3853893.530799999833107 ], [ 494587.346099999733269, 3854655.532400000840425 ], [ 494903.261599999852479, 3855273.627900000661612 ], [ 494965.464100000448525, 3855895.653100000694394 ], [ 494587.034799999557436, 3857532.95920000039041 ], [ 494767.788599999621511, 3859064.1842 ], [ 495013.089200000278652, 3859585.010500000789762 ], [ 495704.441300000064075, 3859881.339199999347329 ], [ 496410.092000000178814, 3860743.887800000607967 ], [ 496521.217199999839067, 3861156.638699999079108 ], [ 496394.216900000348687, 3861410.6392 ], [ 495632.215400000102818, 3861791.63990000076592 ], [ 493266.877500000409782, 3864167.920700000599027 ], [ 490227.295800000429153, 3866332.957499999552965 ], [ 488274.666899999603629, 3867396.584599999710917 ], [ 487290.414900000207126, 3867650.585100000724196 ], [ 484553.906600000336766, 3869272.6458 ], [ 484036.033900000154972, 3870187.415100000798702 ], [ 483199.948900000192225, 3869679.414000000804663 ], [ 482605.16440000012517, 3870224.456800000742078 ], [ 482075.996600000187755, 3870414.9572 ], [ 480170.99280000012368, 3869769.372600000351667 ], [ 479292.574400000274181, 3869854.03940000012517 ], [ 478340.072499999776483, 3870277.37360000051558 ], [ 477768.571399999782443, 3871875.460100000724196 ], [ 478096.655299999751151, 3872531.628100000321865 ], [ 478678.739799999631941, 3872870.295399999246001 ], [ 478742.240000000223517, 3873410.046499999240041 ], [ 477895.571600000374019, 3873346.546399999409914 ], [ 476331.627299999818206, 3874330.366100000217557 ], [ 475359.313400000333786, 3875420.028300000354648 ], [ 475191.673000000417233, 3875889.42119999974966 ], [ 474051.718799999915063, 3876979.083399999886751 ], [ 473515.269700000062585, 3878152.565700000151992 ], [ 471822.102300000376999, 3880415.71030000038445 ], [ 469223.677099999971688, 3881840.653100000694394 ], [ 467717.912399999797344, 3883026.948300000280142 ], [ 466924.160799999721348, 3883233.323699999600649 ], [ 465765.283499999903142, 3883042.823300000280142 ], [ 465812.908599999733269, 3883884.199999999254942 ], [ 464661.994300000369549, 3886218.078099999576807 ], [ 464304.806099999696016, 3887607.143300000578165 ], [ 464430.48340000025928, 3888850.6875 ], [ 464337.879099999554455, 3889373.240599999204278 ], [ 464569.389899999834597, 3890026.101299999281764 ], [ 464364.546699999831617, 3890465.4901 ], [ 463606.279099999926984, 3890138.962500000372529 ], [ 463209.403300000354648, 3890138.962500000372529 ], [ 460229.238900000229478, 3891999.591399999335408 ], [ 459467.237399999983609, 3892041.924799999222159 ], [ 458146.328900000080466, 3892992.627599999308586 ], [ 457835.178299999795854, 3893691.129000000655651 ], [ 457276.377100000157952, 3894300.730200000107288 ], [ 456354.058299999684095, 3894203.983200000599027 ], [ 455614.381099999882281, 3894440.124299999326468 ], [ 454489.899699999950826, 3895743.199799999594688 ], [ 454201.438299999572337, 3896747.577600000426173 ], [ 454220.866200000047684, 3896504.804700000211596 ], [ 453865.958999999798834, 3896375.685100000351667 ], [ 453081.133100000210106, 3896568.350400000810623 ], [ 452858.88260000012815, 3896901.726099999621511 ], [ 452557.257000000216067, 3897012.851299999281764 ], [ 451414.450699999928474, 3896233.637800000607967 ], [ 450939.989799999631941, 3896670.704500000923872 ], [ 450258.154099999926984, 3896843.2906 ], [ 449187.249900000169873, 3896187.837400000542402 ], [ 448477.3739, 3896234.974700000137091 ], [ 447667.747299999929965, 3895853.973999999463558 ], [ 446889.870699999853969, 3896219.099700000137091 ], [ 446508.869900000281632, 3895949.224199999123812 ], [ 444975.074799999594688, 3895849.17 ], [ 441631.406000000424683, 3896739.743000000715256 ], [ 440742.404199999757111, 3896803.243100000545382 ], [ 440086.236200000159442, 3896549.242599999532104 ], [ 439264.897099999710917, 3897004.98960000090301 ], [ 438765.962700000032783, 3897063.858200000599027 ], [ 438448.462100000120699, 3897917.141200000420213 ], [ 438898.254700000397861, 3898181.725099999457598 ], [ 439314.974200000055134, 3899074.695599999278784 ], [ 439167.137099999934435, 3899791.432099999859929 ], [ 439249.819500000216067, 3901808.88399999961257 ], [ 439593.463499999605119, 3903602.664000000804663 ], [ 438930.91509999986738, 3903959.43099999986589 ], [ 438486.165300000458956, 3905033.124199999496341 ], [ 438527.311300000175834, 3905776.193399999290705 ], [ 438367.275999999605119, 3906264.19400000013411 ], [ 437516.517900000326335, 3907467.163699999451637 ], [ 437935.618700000457466, 3908741.2303 ], [ 437466.22580000013113, 3909472.142200000584126 ], [ 437448.303000000305474, 3909937.031099999323487 ], [ 437181.237200000323355, 3910494.748199999332428 ], [ 437244.612300000153482, 3911080.947599999606609 ], [ 437011.778500000014901, 3912160.449799999594688 ], [ 436376.777300000190735, 3914192.4539 ], [ 435750.012600000016391, 3915540.922800000756979 ], [ 435699.442599999718368, 3916266.791300000622869 ], [ 435974.6097999997437, 3916605.458699999377131 ], [ 436630.777800000272691, 3916753.625600000843406 ], [ 436863.611600000411272, 3917155.793099999427795 ], [ 436800.111399999819696, 3918023.628200000151992 ], [ 436270.943699999712408, 3919399.464299999177456 ], [ 436355.610500000417233, 3919568.797900000587106 ], [ 437392.779299999587238, 3920817.6338 ], [ 437857.83530000038445, 3920798.329600000753999 ], [ 438314.573800000362098, 3920420.401699999347329 ], [ 438662.7818, 3920669.46680000051856 ], [ 439399.937699999660254, 3920731.740599999204278 ], [ 440114.735600000247359, 3922416.2599 ], [ 439441.474000000394881, 3923780.370799999684095 ], [ 438344.669599999673665, 3924734.014599999412894 ], [ 438805.0455, 3925265.828099999576807 ], [ 438991.577100000344217, 3926017.510900000110269 ], [ 439229.702600000426173, 3926065.136 ], [ 439547.203200000338256, 3925922.260700000450015 ], [ 439753.578700000420213, 3925604.759999999776483 ], [ 439944.078999999910593, 3925604.759999999776483 ], [ 441388.706899999640882, 3926668.387199999764562 ], [ 441547.457200000062585, 3927081.138000000268221 ], [ 441492.770800000056624, 3928111.681700000539422 ], [ 441640.937800000421703, 3928662.016100000590086 ], [ 441976.083100000396371, 3929287.767400000244379 ], [ 442372.958899999968708, 3929271.892400000244379 ], [ 442880.95990000013262, 3928541.640900000929832 ], [ 443201.220900000073016, 3927558.989900000393391 ], [ 444159.750799999572337, 3926641.996500000357628 ], [ 444274.656700000166893, 3925736.79079999960959 ], [ 443978.785199999809265, 3924509.735600000247359 ], [ 444746.0784, 3924284.839400000870228 ], [ 446571.707000000402331, 3924298.068499999120831 ], [ 448449.967299999669194, 3925104.954299999400973 ], [ 449528.431699999608099, 3925196.551200000569224 ], [ 449548.275500000454485, 3925705.875199999660254 ], [ 449733.484199999831617, 3925785.25029999949038 ], [ 450938.622899999842048, 3926016.259099999442697 ], [ 451573.624099999666214, 3926371.8597999997437 ], [ 452253.075500000268221, 3926511.560100000351667 ], [ 452811.876600000075996, 3926492.510099999606609 ], [ 453400.285799999721348, 3926212.663499999791384 ], [ 454884.601300000213087, 3924791.848200000822544 ], [ 455376.72719999961555, 3925006.161100000143051 ], [ 456345.104199999943376, 3925839.600299999117851 ], [ 456971.134899999946356, 3926086.109200000762939 ], [ 457543.30530000012368, 3926054.1447 ], [ 457670.305499999783933, 3925577.893799999728799 ], [ 458266.537499999627471, 3925622.558299999684095 ], [ 458615.788200000301003, 3925438.407999999821186 ], [ 459509.957100000232458, 3924381.18099999986589 ], [ 460040.447800000198185, 3926410.671499999240041 ], [ 460067.104000000283122, 3927976.2906 ], [ 459765.280500000342727, 3928347.425300000235438 ], [ 461210.106300000101328, 3928714.479599999263883 ], [ 462155.464399999938905, 3928592.241900000721216 ], [ 465759.096599999815226, 3926845.988399999216199 ], [ 466495.480800000019372, 3926052.218399999663234 ], [ 467173.628700000233948, 3925955.587200000882149 ], [ 467173.628700000233948, 3925172.418999999761581 ], [ 467671.046400000341237, 3924897.251800000667572 ], [ 468210.797399999573827, 3925130.08559999987483 ], [ 468549.464800000190735, 3925987.337300000712276 ], [ 468251.476599999703467, 3927909.615499999374151 ], [ 468346.726800000295043, 3928846.24239999987185 ], [ 468687.04839999973774, 3929871.428400000557303 ], [ 468856.382100000046194, 3930051.3454 ], [ 470807.356700000353158, 3930481.3706 ], [ 472442.485000000335276, 3931592.622899999842048 ], [ 473343.724399999715388, 3931660.0153 ], [ 474105.725899999961257, 3931046.180700000375509 ], [ 477439.027900000102818, 3930601.018300000578165 ], [ 479915.987499999813735, 3931363.681399999186397 ], [ 480888.001899999566376, 3931132.246899999678135 ], [ 481888.128899999894202, 3931179.871999999508262 ], [ 483126.381400000303984, 3931386.247400000691414 ], [ 485587.011300000362098, 3932148.248999999836087 ], [ 486985.668300000019372, 3932019.84940000064671 ], [ 487271.418899999931455, 3932665.434000000357628 ], [ 487004.825100000016391, 3934249.721200000494719 ], [ 487523.7652000002563, 3934481.878599999472499 ], [ 489493.923299999907613, 3934760.938200000673532 ], [ 490435.841900000348687, 3935141.93889999948442 ], [ 491197.843399999663234, 3935216.022399999201298 ], [ 491854.564199999906123, 3935559.620300000533462 ], [ 492097.42850000038743, 3936020.3574 ], [ 491727.011099999770522, 3936814.108899999409914 ], [ 492224.42879999987781, 3937819.527599999681115 ], [ 492287.928899999707937, 3938793.19620000012219 ], [ 491781.634999999776483, 3940096.8509 ], [ 491049.676400000229478, 3940973.3673 ], [ 490441.133600000292063, 3941319.972100000828505 ], [ 489793.894700000062585, 3942689.269999999552965 ], [ 488848.338700000196695, 3943640.372600000351667 ], [ 488746.142599999904633, 3944641.899000000208616 ], [ 488847.805700000375509, 3945208.308000000193715 ], [ 488329.754300000146031, 3945968.71059999987483 ], [ 488107.503899999894202, 3947556.2138 ], [ 488682.642500000074506, 3950404.535499999299645 ], [ 488541.421400000341237, 3950974.637299999594688 ], [ 488287.42090000025928, 3951249.804500000551343 ], [ 488012.253700000233948, 3950921.720499999821186 ], [ 487737.086500000208616, 3950964.053899999707937 ], [ 486901.001500000245869, 3951546.138399999588728 ], [ 485355.831699999980628, 3951345.054700000211596 ], [ 484170.496000000275671, 3951905.972500000149012 ], [ 483859.560800000093877, 3955701.557700000703335 ], [ 482571.416699999943376, 3957878.291600000113249 ], [ 482127.908599999733269, 3958171.318299999460578 ], [ 482030.646099999547005, 3958585.410700000822544 ], [ 481503.490699999965727, 3958827.486300000920892 ], [ 481355.323699999600649, 3959589.487800000235438 ], [ 481556.40749999973923, 3960425.572799999266863 ], [ 481505.418300000019372, 3961445.763699999079108 ], [ 482191.408699999563396, 3962436.410199999809265 ], [ 483016.910400000400841, 3963113.744899999350309 ], [ 483397.911100000143051, 3963346.578700000420213 ], [ 484011.745699999853969, 3963441.8289 ], [ 487360.384600000455976, 3963341.948300000280142 ], [ 487985.078099999576807, 3963688.476399999111891 ], [ 487779.139200000092387, 3964792.293500000610948 ], [ 486953.918300000019372, 3966024.167400000616908 ], [ 487504.252700000070035, 3967431.753499999642372 ], [ 487663.002999999560416, 3967537.587099999189377 ], [ 488118.087299999780953, 3967400.003399999812245 ], [ 488488.504700000397861, 3967685.754000000655651 ], [ 489049.422399999573827, 3967590.503799999132752 ], [ 493759.0152000002563, 3965621.999900000169873 ], [ 493886.01549999974668, 3964986.99860000051558 ], [ 494785.600599999539554, 3964997.582000000402331 ], [ 495293.601599999703467, 3965621.999900000169873 ], [ 494933.767500000074506, 3966574.501800000667572 ], [ 495822.769299999810755, 3967833.921 ], [ 496383.68709999974817, 3969527.2577 ], [ 497008.105000000447035, 3970268.092499999329448 ], [ 497315.022300000302494, 3970479.759600000455976 ], [ 499951.489699999801815, 3970296.270600000396371 ], [ 501781.197900000028312, 3969686.007999999448657 ], [ 502596.116200000047684, 3969241.507099999114871 ], [ 503157.033999999985099, 3969421.424200000241399 ], [ 503707.368400000035763, 3969294.423900000751019 ], [ 506743.168399999849498, 3967713.168099999427795 ], [ 507203.544300000183284, 3966887.666500000283122 ], [ 507600.420099999755621, 3966538.41579999960959 ], [ 507584.545099999755621, 3966014.53969999961555 ], [ 507790.9205, 3965395.413499999791384 ], [ 508314.796500000171363, 3965363.6634 ], [ 508997.422899999655783, 3964728.662100000306964 ], [ 510457.925800000317395, 3964061.910800000652671 ], [ 511299.302500000223517, 3963315.784299999475479 ], [ 511950.17879999987781, 3961521.9057 ], [ 512235.929399999789894, 3961283.780300000682473 ], [ 513371.183199999853969, 3960796.82799999974668 ], [ 514786.706799999810755, 3960796.82799999974668 ], [ 516252.312400000169873, 3959982.027699999511242 ], [ 516749.699199999682605, 3960112.9836 ], [ 517869.108799999579787, 3960889.432299999520183 ], [ 518320.439799999818206, 3961725.572100000455976 ], [ 519220.943300000391901, 3961982.281700000166893 ], [ 519474.943900000303984, 3962458.532600000500679 ], [ 520411.570700000040233, 3962839.533399999141693 ], [ 521030.696999999694526, 3962887.158500000834465 ], [ 522853.268500000238419, 3962390.278400000184774 ], [ 523742.870600000023842, 3962635.685799999162555 ], [ 524377.871899999678135, 3963085.478399999439716 ], [ 524507.328900000080466, 3963315.784299999475479 ], [ 524427.95380000025034, 3963839.660399999469519 ], [ 524638.751600000075996, 3964089.838700000196695 ], [ 526041.907100000418723, 3964368.661800000816584 ], [ 527010.283999999985099, 3963860.660800000652671 ], [ 527327.784699999727309, 3963916.223400000482798 ], [ 528031.58600000012666, 3965363.6634 ], [ 528793.587500000372529, 3965585.913899999111891 ], [ 529968.339800000190735, 3966252.665200000628829 ], [ 530492.215900000184774, 3966236.790200000628829 ], [ 531163.94400000013411, 3965783.349500000476837 ], [ 532661.795300000347197, 3965495.789100000634789 ], [ 533268.75, 3965101.999800000339746 ], [ 533489.149100000038743, 3965139.659199999645352 ], [ 536170.185600000433624, 3967287.188100000843406 ], [ 535912.216300000436604, 3967531.92820000089705 ], [ 535786.455900000408292, 3968282.006899999454618 ], [ 535865.914099999703467, 3968623.3366 ], [ 536410.267199999652803, 3969140.073999999091029 ], [ 536349.474100000225008, 3969908.068199999630451 ], [ 536551.332200000062585, 3970712.194900000467896 ], [ 538472.065200000070035, 3971540.373700000345707 ], [ 539054.149699999950826, 3971454.383899999782443 ], [ 540621.809100000187755, 3970673.861500000581145 ], [ 542515.325799999758601, 3971463.00650000013411 ], [ 543313.949900000356138, 3971487.456900000572205 ], [ 544008.482499999925494, 3972181.98960000090301 ], [ 545799.554700000211596, 3972634.697699999436736 ], [ 546045.231599999591708, 3972769.423800000920892 ], [ 546389.737300000153482, 3973518.1381 ], [ 546978.4364, 3973994.389000000432134 ], [ 547811.875500000081956, 3975165.17259999923408 ], [ 551342.066999999806285, 3977736.448899999260902 ], [ 553044.021399999968708, 3979636.63990000076592 ], [ 552897.82010000012815, 3980255.287200000137091 ], [ 551913.376799999736249, 3981291.670499999076128 ], [ 551648.341500000096858, 3981931.904899999499321 ], [ 551807.091900000348687, 3982302.322300000116229 ], [ 551760.78969999961555, 3982818.260800000280142 ], [ 551926.1546, 3983003.469499999657273 ], [ 552825.739699999801815, 3983228.365800000727177 ], [ 553010.948400000110269, 3983691.387599999085069 ], [ 553390.808299999684095, 3983997.00620000064373 ], [ 553513.657800000160933, 3984670.347899999469519 ], [ 553877.46059999987483, 3985417.7972999997437 ], [ 554618.295400000177324, 3985483.943199999630451 ], [ 554316.551699999719858, 3986844.698799999430776 ], [ 553665.748300000093877, 3987334.0274 ], [ 553246.593399999663234, 3987440.099899999797344 ], [ 552766.373700000345707, 3987948.1009 ], [ 552194.872600000351667, 3988130.663799999281764 ], [ 552371.206899999640882, 3988467.477 ], [ 553727.064500000327826, 3989115.900800000876188 ], [ 554342.222000000067055, 3989598.76630000025034 ], [ 554712.639399999752641, 3990147.777799999341369 ], [ 553601.387099999934435, 3990286.684399999678135 ], [ 552501.434899999760091, 3992649.33559999987483 ], [ 552694.885200000368059, 3993353.404400000348687 ], [ 554194.771599999628961, 3994964.444399999454618 ], [ 555829.564799999818206, 3995717.931900000199676 ], [ 556623.163499999791384, 3996791.355499999597669 ], [ 558417.042100000195205, 3997545.41950000077486 ], [ 559089.572999999858439, 3998126.2215 ], [ 562886.35149999987334, 4000229.663200000301003 ], [ 563693.332200000062585, 4000983.727299999445677 ], [ 564738.438500000163913, 4001539.353399999439716 ], [ 565929.065899999812245, 4001645.186899999156594 ], [ 566709.588299999944866, 4002637.37639999948442 ], [ 566921.255400000140071, 4003272.377699999138713 ], [ 567794.382100000046194, 4003682.482599999755621 ], [ 568826.259200000204146, 4005150.923100000247359 ], [ 569156.989000000059605, 4005283.214999999850988 ], [ 569778.761099999770522, 4005045.089500000700355 ], [ 570268.241200000047684, 4005045.089500000700355 ], [ 570281.4704, 4005455.194499999284744 ], [ 569950.740600000135601, 4006037.278999999165535 ], [ 570453.449900000356138, 4006672.280300000682473 ], [ 572530.433199999853969, 4006169.571000000461936 ], [ 572861.163099999539554, 4005613.94480000063777 ], [ 574144.394799999892712, 4005653.632400000467896 ], [ 574435.43709999974817, 4005309.67339999973774 ], [ 574885.229600000195205, 4005322.902599999681115 ], [ 576181.690499999560416, 4006473.842399999499321 ], [ 576856.379399999976158, 4006659.051100000739098 ], [ 577001.900500000454485, 4006592.905099999159575 ], [ 577015.129700000397861, 4006315.0921 ], [ 576710.858300000429153, 4005389.048599999397993 ], [ 576803.462600000202656, 4005084.777100000530481 ], [ 577068.046500000171363, 4005005.402000000700355 ], [ 578536.486899999901652, 4005508.111300000920892 ], [ 579449.301300000399351, 4006129.883400000631809 ], [ 579687.426699999719858, 4006473.842399999499321 ], [ 579899.093799999915063, 4006394.467199999839067 ], [ 580031.385700000450015, 4005971.133099999278784 ], [ 580825.137299999594688, 4005852.070299999788404 ], [ 582544.932400000281632, 4006222.487700000405312 ], [ 583255.740000000223517, 4006617.040699999779463 ], [ 584483.561900000087917, 4006370.543400000780821 ], [ 585098.166699999943376, 4006434.154799999669194 ], [ 585852.230700000189245, 4006910.405799999833107 ], [ 586315.252500000409782, 4007016.239299999549985 ], [ 587095.77489999961108, 4008167.179099999368191 ], [ 587876.2972999997437, 4010045.724500000476837 ], [ 588035.047600000165403, 4010918.851299999281764 ], [ 588789.111600000411272, 4011963.957499999552965 ], [ 589609.321600000374019, 4012837.084300000220537 ], [ 590151.718500000424683, 4012982.605399999767542 ], [ 590297.239599999971688, 4013326.564400000497699 ], [ 591117.449599999934435, 4013101.668199999257922 ], [ 591712.763299999758601, 4013233.960100000724196 ], [ 591673.075699999928474, 4014054.170099999755621 ], [ 591977.347099999897182, 4015377.089400000870228 ], [ 592136.097500000149012, 4015575.527300000190735 ], [ 592863.703099999576807, 4015721.04839999973774 ], [ 593234.120500000193715, 4016858.75899999961257 ], [ 593829.434200000017881, 4017321.780799999833107 ], [ 594107.247200000099838, 4018194.907500000670552 ], [ 594213.080799999646842, 4018221.365900000557303 ], [ 594702.560899999924004, 4016964.592499999329448 ], [ 595218.499499999918044, 4016382.507999999448657 ], [ 596290.064100000075996, 4014212.920399999246001 ], [ 596266.603000000119209, 4013287.518100000917912 ] ] ] } },
{ "type": "Feature", "properties": { "CODE": 3, "LIB_FR": "Extrême Nord et Ichkeul" }, "geometry": { "type": "MultiPolygon", "coordinates": [ [ [ [ 444580.969499999657273, 4049897.855499999597669 ], [ 445076.608500000089407, 4049510.519400000572205 ], [ 444750.338499999605119, 4049225.086400000378489 ], [ 444628.470599999651313, 4048857.14640000090003 ], [ 444366.691899999976158, 4048735.606300000101328 ], [ 444049.191300000064075, 4047756.645999999716878 ], [ 443178.27350000012666, 4047131.385199999436736 ], [ 442858.563900000415742, 4046645.393799999728799 ], [ 442055.968799999915063, 4046348.0 ], [ 441471.707600000314415, 4045590.1842 ], [ 440836.706299999728799, 4045335.522299999371171 ], [ 439413.303600000217557, 4043285.1886 ], [ 438481.909900000318885, 4042497.860300000756979 ], [ 438442.662800000049174, 4041560.019400000572205 ], [ 437688.281299999915063, 4041375.6151 ], [ 437185.360299999825656, 4041375.6151 ], [ 436523.989400000311434, 4041647.884700000286102 ], [ 436186.644899999722838, 4041545.35840000025928 ], [ 435425.136800000444055, 4039766.267799999564886 ], [ 434369.002700000070035, 4039347.166999999433756 ], [ 434408.273900000378489, 4038496.531600000336766 ], [ 434265.104600000195205, 4038204.987199999392033 ], [ 433886.322800000198185, 4037870.663100000470877 ], [ 432723.0625, 4037514.0 ], [ 432635.268000000156462, 4037259.761299999430776 ], [ 432780.789200000464916, 4036882.729299999773502 ], [ 432447.277200000360608, 4036115.010500000789762 ], [ 431186.671400000341237, 4034984.340099999681115 ], [ 430726.423799999989569, 4034368.757099999114871 ], [ 430959.257500000298023, 4033918.964500000700355 ], [ 430761.452600000426173, 4033303.272099999710917 ], [ 429774.075100000016391, 4033333.254699999466538 ], [ 429552.605000000447035, 4033208.503900000825524 ], [ 429107.69620000012219, 4033332.504599999636412 ], [ 428306.097599999979138, 4033922.5077 ], [ 428228.972000000067055, 4034581.261499999091029 ], [ 428055.595900000073016, 4034707.012199999764562 ], [ 427542.249200000427663, 4034813.762700000777841 ], [ 426177.24129999987781, 4034677.261399999260902 ], [ 425564.081299999728799, 4035103.51380000077188 ], [ 424568.200000000186265, 4037010.774599999189377 ], [ 424760.825899999588728, 4037907.779899999499321 ], [ 424706.200400000438094, 4038373.782600000500679 ], [ 424322.948099999688566, 4038527.033399999141693 ], [ 424177.353400000371039, 4038846.535199999809265 ], [ 424368.917000000365078, 4038882.285399999469519 ], [ 424334.197999999858439, 4039096.536599999293685 ], [ 424888.701200000010431, 4039011.286399999633431 ], [ 425910.863300000317395, 4039640.290400000289083 ], [ 426247.896200000308454, 4040649.296399999409914 ], [ 426712.58629999961704, 4040744.04700000025332 ], [ 427938.343700000084937, 4039962.7928 ], [ 429043.412399999797344, 4040651.5472 ], [ 430480.639499999582767, 4040967.549499999731779 ], [ 430503.639499999582767, 4041359.551799999549985 ], [ 431148.674499999731779, 4041422.552300000563264 ], [ 431454.519899999722838, 4041728.304099999368191 ], [ 431695.521300000138581, 4041759.054400000721216 ], [ 431750.146599999628961, 4041941.055600000545382 ], [ 431973.397900000214577, 4041862.805099999532104 ], [ 432264.837100000120699, 4042193.807099999859929 ], [ 432446.838100000284612, 4042118.056800000369549 ], [ 432657.370500000193715, 4042262.307700000703335 ], [ 432870.465400000102818, 4042840.81110000051558 ], [ 433438.499800000339746, 4043232.313500000163913 ], [ 434282.848600000143051, 4043008.5625 ], [ 435089.446999999694526, 4043340.8147 ], [ 436038.921299999579787, 4043284.564500000327826 ], [ 436367.423100000247359, 4043406.815300000831485 ], [ 436944.613900000229478, 4043748.567500000819564 ], [ 437479.866799999959767, 4044388.571399999782443 ], [ 437990.557300000451505, 4044400.821599999442697 ], [ 438283.965300000272691, 4044577.322699999436736 ], [ 438629.248399999924004, 4044941.324899999424815 ], [ 438611.748300000093877, 4045121.825999999418855 ], [ 439108.938699999824166, 4045409.0777000002563 ], [ 439152.938799999654293, 4045712.079600000753999 ], [ 439366.283699999563396, 4045895.080700000748038 ], [ 439372.627399999648333, 4046618.33500000089407 ], [ 439709.754099999554455, 4047284.588899999856949 ], [ 440162.037999999709427, 4047379.089600000530481 ], [ 442149.736899999901652, 4048403.596100000664592 ], [ 442619.114599999971688, 4048706.847999999299645 ], [ 442723.271399999968708, 4049053.349999999627471 ], [ 443014.679299999959767, 4049220.351099999621511 ], [ 444302.686700000427663, 4049633.603800000622869 ], [ 444580.969499999657273, 4049897.855499999597669 ] ] ], [ [ [ 565677.13329999987036, 4133188.95549999922514 ], [ 566273.519199999980628, 4132964.3969 ], [ 566883.374099999666214, 4133184.3125 ], [ 566982.048499999567866, 4132781.66469999961555 ], [ 567253.514899999834597, 4132667.736099999397993 ], [ 567125.929700000211596, 4132293.302799999713898 ], [ 567366.174700000323355, 4131947.473899999633431 ], [ 567965.351300000213087, 4131533.527799999341369 ], [ 569664.160000000149012, 4131029.782700000330806 ], [ 571001.300099999643862, 4131054.752800000831485 ], [ 571934.586600000038743, 4131414.1097999997437 ], [ 572419.477500000037253, 4131841.050799999386072 ], [ 572837.558199999853969, 4131915.595000000670552 ], [ 572851.675200000405312, 4132048.1162 ], [ 573956.199300000444055, 4131972.36600000038743 ], [ 574063.588999999687076, 4132314.615299999713898 ], [ 574159.834800000302494, 4132027.187400000169873 ], [ 574334.441800000146031, 4132101.2917 ], [ 574615.933600000105798, 4131695.65430000051856 ], [ 575197.174800000153482, 4131874.2369 ], [ 575701.910799999721348, 4131628.401699999347329 ], [ 576131.194600000046194, 4131884.087500000372529 ], [ 576307.864799999631941, 4131754.767200000584126 ], [ 576410.982200000435114, 4131846.876900000497699 ], [ 576605.216699999757111, 4131583.377900000661612 ], [ 576610.138000000268221, 4130670.617599999532104 ], [ 576970.04700000025332, 4129962.4583 ], [ 576886.902099999599159, 4128588.233799999579787 ], [ 577367.505800000391901, 4127627.516699999570847 ], [ 577541.258100000210106, 4126828.31980000063777 ], [ 578406.041400000452995, 4125811.632400000467896 ], [ 578923.467699999921024, 4125676.539799999445677 ], [ 578413.826200000010431, 4125698.787399999797344 ], [ 578378.101400000043213, 4125444.126299999654293 ], [ 578296.175300000235438, 4125318.243100000545382 ], [ 578381.684000000357628, 4125668.974600000306964 ], [ 577781.378800000064075, 4125736.615000000223517 ], [ 577538.368400000035763, 4125640.687100000679493 ], [ 577459.734899999573827, 4125520.365199999883771 ], [ 577596.903800000436604, 4125333.925599999725819 ], [ 577551.648199999704957, 4125573.488399999216199 ], [ 577829.496899999678135, 4125672.054300000891089 ], [ 578008.019299999810755, 4125075.52449999935925 ], [ 578154.03899999987334, 4125194.229299999773502 ], [ 578031.651300000026822, 4125633.9211 ], [ 578090.10329999960959, 4125623.82909999974072 ], [ 578236.778699999675155, 4125275.5428 ], [ 578140.69579999987036, 4125072.869000000879169 ], [ 576854.582100000232458, 4124157.086200000718236 ], [ 575435.436099999584258, 4123914.1776 ], [ 575346.823099999688566, 4123722.21169999986887 ], [ 576109.703900000080466, 4123533.403599999845028 ], [ 576151.138100000098348, 4123292.5165 ], [ 575653.901999999769032, 4123057.868300000205636 ], [ 575199.2023, 4123071.0493 ], [ 574787.070199999958277, 4122791.541999999433756 ], [ 574663.950600000098348, 4122993.549900000914931 ], [ 574485.202399999834597, 4122753.492200000211596 ], [ 574625.826500000432134, 4122384.9923 ], [ 574494.776700000278652, 4122315.760199999436736 ], [ 574302.991499999538064, 4122472.213500000536442 ], [ 573948.317900000140071, 4122009.631100000813603 ], [ 573859.286700000055134, 4122457.484999999403954 ], [ 573619.502100000157952, 4122388.318 ], [ 573283.110999999567866, 4121808.081399999558926 ], [ 572616.013799999840558, 4121885.740199999883771 ], [ 572566.457899999804795, 4121711.68019999936223 ], [ 572804.17960000038147, 4121467.633199999108911 ], [ 572927.967400000430644, 4121519.067700000479817 ], [ 573060.108900000341237, 4121045.700099999085069 ], [ 572450.605399999767542, 4121184.1568 ], [ 571975.474200000055134, 4121681.973300000652671 ], [ 571390.832299999892712, 4121449.845599999651313 ], [ 571105.509999999776483, 4120878.075300000607967 ], [ 571807.812800000421703, 4120679.764000000432134 ], [ 571023.515999999828637, 4119596.803099999204278 ], [ 570803.067300000227988, 4118895.273 ], [ 570628.585799999535084, 4119012.562400000169873 ], [ 570205.383600000292063, 4118927.670800000429153 ], [ 569745.623100000433624, 4118472.150800000876188 ], [ 569717.934299999848008, 4118752.42369999922812 ], [ 569517.392199999652803, 4118702.163599999621511 ], [ 569391.368400000035763, 4118854.821599999442697 ], [ 569791.228799999691546, 4119354.119999999180436 ], [ 569887.244699999690056, 4119978.3037 ], [ 570221.712700000032783, 4120164.345499999821186 ], [ 570492.117300000041723, 4120726.236700000241399 ], [ 571154.992499999701977, 4121173.767899999395013 ], [ 570924.872899999842048, 4121313.559900000691414 ], [ 570816.523199999704957, 4121195.908299999311566 ], [ 570734.607900000177324, 4121363.497099999338388 ], [ 570311.814799999818206, 4121219.733300000429153 ], [ 570454.919800000265241, 4121063.592499999329448 ], [ 570166.384399999864399, 4120916.453400000929832 ], [ 570003.261599999852479, 4121056.942299999296665 ], [ 569290.702800000086427, 4120983.371099999174476 ], [ 569059.777200000360608, 4120631.1706000007689 ], [ 569109.091099999845028, 4119026.533500000834465 ], [ 568396.511300000362098, 4119513.005100000649691 ], [ 568053.899400000460446, 4118922.449400000274181 ], [ 568426.162899999879301, 4118562.26630000025034 ], [ 568255.688900000415742, 4118260.769400000572205 ], [ 568536.370799999684095, 4118453.915100000798702 ], [ 568701.876199999824166, 4118400.093000000342727 ], [ 568438.420099999755621, 4118358.381999999284744 ], [ 568597.244300000369549, 4118046.492900000885129 ], [ 568739.968299999833107, 4118117.377699999138713 ], [ 568680.300499999895692, 4117396.529200000688434 ], [ 568969.748800000175834, 4117096.956700000911951 ], [ 569429.673600000329316, 4117446.798900000751019 ], [ 569653.420099999755621, 4117958.993699999526143 ], [ 569823.539900000207126, 4117095.741699999198318 ], [ 569329.552400000393391, 4115521.7423 ], [ 569395.862499999813735, 4114796.957000000402331 ], [ 570198.14989999961108, 4113915.309000000357628 ], [ 571427.739900000393391, 4113559.955900000408292 ], [ 571506.245099999941885, 4113435.142100000753999 ], [ 570881.877999999560416, 4113510.2226 ], [ 571490.158400000073016, 4113193.148399999365211 ], [ 571857.064199999906123, 4112535.584000000730157 ], [ 572170.952800000086427, 4112473.342499999329448 ], [ 571572.828700000420213, 4112365.791999999433756 ], [ 571834.387000000104308, 4112285.710100000724196 ], [ 571600.379200000315905, 4112215.902000000700355 ], [ 571788.784500000067055, 4112139.835799999535084 ], [ 571683.871100000105798, 4111638.262000000104308 ], [ 571934.507100000046194, 4111583.897600000724196 ], [ 571696.276999999769032, 4111611.253100000321865 ], [ 571591.155199999921024, 4111200.301400000229478 ], [ 571918.488199999555945, 4110669.186200000345707 ], [ 572335.752000000327826, 4110383.0976 ], [ 572972.236800000071526, 4110398.229299999773502 ], [ 573301.966000000014901, 4110167.192299999296665 ], [ 573937.611200000159442, 4110069.786699999123812 ], [ 574644.456600000150502, 4110164.063699999824166 ], [ 575858.752700000070035, 4109736.606499999761581 ], [ 576800.754900000058115, 4109766.289200000464916 ], [ 577641.58530000038445, 4110264.8706 ], [ 578607.926400000229478, 4111334.320800000801682 ], [ 579232.446600000374019, 4111418.5998 ], [ 579683.573099999688566, 4111882.278200000524521 ], [ 580225.788499999791384, 4111916.558900000527501 ], [ 580978.693099999800324, 4112227.762700000777841 ], [ 581968.675099999643862, 4113879.437599999830127 ], [ 583055.279500000178814, 4117232.550300000235438 ], [ 583226.913200000301003, 4118538.700200000777841 ], [ 582767.170099999755621, 4119616.9046 ], [ 581696.60869999974966, 4119945.142699999734759 ], [ 579252.407300000078976, 4119743.594499999657273 ], [ 578697.155299999751151, 4119908.332000000402331 ], [ 578426.643600000068545, 4119718.839700000360608 ], [ 578315.240399999544024, 4120054.688999999314547 ], [ 577581.439000000245869, 4120163.066600000485778 ], [ 576769.142400000244379, 4120535.229599999263883 ], [ 576391.049499999731779, 4120509.880000000819564 ], [ 576440.29590000025928, 4120379.046599999070168 ], [ 576281.793800000101328, 4120539.94400000013411 ], [ 575834.364400000311434, 4120421.712400000542402 ], [ 575701.887799999676645, 4120009.749399999156594 ], [ 575642.374499999918044, 4120342.722699999809265 ], [ 574930.650299999862909, 4120339.175499999895692 ], [ 575350.786999999545515, 4119819.987999999895692 ], [ 575242.364699999801815, 4119732.761399999260902 ], [ 574829.9989, 4120304.971999999135733 ], [ 574246.809299999848008, 4119960.429700000211596 ], [ 574041.105100000277162, 4119519.127599999308586 ], [ 573132.164200000464916, 4119808.852800000458956 ], [ 572805.128100000321865, 4119755.7643 ], [ 572831.647900000214577, 4120270.917099999263883 ], [ 572969.030799999833107, 4120398.059299999848008 ], [ 573047.441899999976158, 4120254.06110000051558 ], [ 573505.368999999947846, 4120220.846599999815226 ], [ 574294.262699999846518, 4120776.668199999257922 ], [ 574395.837299999780953, 4121143.566299999132752 ], [ 574215.926199999637902, 4121484.910399999469519 ], [ 574506.347699999809265, 4121392.0142 ], [ 575803.880300000309944, 4122295.481100000441074 ], [ 576257.410600000061095, 4122309.575099999085069 ], [ 576794.177299999631941, 4122741.956199999898672 ], [ 577031.682500000111759, 4123140.302200000733137 ], [ 577146.507299999706447, 4124010.498700000345707 ], [ 577902.858, 4124606.565500000491738 ], [ 578341.863800000399351, 4124894.258600000292063 ], [ 578153.040300000458956, 4124770.380400000140071 ], [ 578233.232300000265241, 4124567.072499999776483 ], [ 578707.345300000160933, 4124535.80210000090301 ], [ 578889.270999999716878, 4125309.230799999088049 ], [ 578913.344100000336766, 4125275.162200000137091 ], [ 578875.073099999688566, 4125171.505599999800324 ], [ 578748.339700000360608, 4124630.822100000455976 ], [ 578755.292200000025332, 4124610.114900000393391 ], [ 578969.808899999596179, 4124630.398900000378489 ], [ 578985.459999999962747, 4124785.00899999961257 ], [ 579235.347599999979138, 4124742.666799999773502 ], [ 579383.098000000230968, 4124618.381899999454618 ], [ 579035.735299999825656, 4124761.877299999818206 ], [ 578913.049399999901652, 4124482.312899999320507 ], [ 578838.002999999560416, 4124393.075400000438094 ], [ 578964.625500000081956, 4124286.549499999731779 ], [ 579056.876199999824166, 4124404.8246 ], [ 578995.518799999728799, 4124239.77930000051856 ], [ 579135.167600000277162, 4124195.666400000452995 ], [ 579253.425099999643862, 4124608.371999999508262 ], [ 579155.192800000309944, 4124038.592800000682473 ], [ 580219.503100000321865, 4123437.373400000855327 ], [ 581419.540400000289083, 4123159.104699999094009 ], [ 582063.207799999974668, 4123177.622999999672174 ], [ 582156.560399999842048, 4123021.609899999573827 ], [ 582865.302500000223517, 4122834.557800000533462 ], [ 583726.692099999636412, 4122874.175899999216199 ], [ 585082.814100000075996, 4122453.6096 ], [ 586520.758899999782443, 4122379.800499999895692 ], [ 586585.568599999882281, 4122270.89780000038445 ], [ 586899.209499999880791, 4122466.024299999698997 ], [ 587139.523199999704957, 4122310.461500000208616 ], [ 587798.542500000447035, 4122347.2347999997437 ], [ 589169.897499999962747, 4122760.003599999472499 ], [ 589615.096199999563396, 4122638.877800000831485 ], [ 591590.183199999853969, 4123618.1656 ], [ 592745.312800000421703, 4123876.953299999237061 ], [ 592881.033499999903142, 4124153.325300000607967 ], [ 593128.003100000321865, 4124109.4276 ], [ 594756.850499999709427, 4124787.66300000064075 ], [ 594863.4068, 4124605.564500000327826 ], [ 594823.125300000421703, 4124451.699500000104308 ], [ 594839.996700000017881, 4124602.134700000286102 ], [ 594777.658999999985099, 4124639.145099999383092 ], [ 594595.630699999630451, 4124252.874199999496341 ], [ 594841.53000000026077, 4123681.352900000289083 ], [ 595551.664800000376999, 4123034.361600000411272 ], [ 595608.456699999980628, 4122675.356100000441074 ], [ 596245.835500000044703, 4121767.262499999254942 ], [ 597166.048600000329316, 4121429.667199999094009 ], [ 599590.735399999655783, 4121391.552300000563264 ], [ 601082.192699999548495, 4120576.607699999585748 ], [ 601867.094399999827147, 4120342.404699999839067 ], [ 602449.325699999928474, 4119821.335100000724196 ], [ 602935.659500000067055, 4119661.252800000831485 ], [ 603495.931699999608099, 4118954.519300000742078 ], [ 604331.970200000330806, 4118530.738600000739098 ], [ 604828.623499999754131, 4118529.859300000593066 ], [ 604967.547500000335276, 4118255.933199999853969 ], [ 605466.473299999721348, 4118037.192299999296665 ], [ 605920.774699999950826, 4118006.059699999168515 ], [ 605722.205400000326335, 4117923.71000000089407 ], [ 605870.983, 4117614.387499999254942 ], [ 607198.800499999895692, 4116953.988299999386072 ], [ 607224.487800000235438, 4116344.518999999389052 ], [ 607635.657100000418723, 4115837.042999999597669 ], [ 608786.39989999961108, 4115514.060699999332428 ], [ 610812.949799999594688, 4115578.685499999672174 ], [ 611623.2182, 4115288.19620000012219 ], [ 613288.074500000104308, 4115468.1787 ], [ 613536.58559999987483, 4115291.177699999883771 ], [ 609975.41440000012517, 4114620.066299999132752 ], [ 608222.810899999924004, 4114612.128699999302626 ], [ 606547.995000000111759, 4114866.129300000146031 ], [ 605476.430399999953806, 4114810.566600000485778 ], [ 604509.640999999828637, 4114977.254499999806285 ], [ 603509.876600000075996, 4115456.486999999731779 ], [ 602041.073499999940395, 4115469.3805 ], [ 600842.508600000292063, 4115231.255000000819564 ], [ 600175.757299999706447, 4115707.505899999290705 ], [ 598921.629800000227988, 4116112.319199999794364 ], [ 596659.437800000421703, 4117366.44679999910295 ], [ 594508.371000000275671, 4117017.196100000292063 ], [ 594182.932799999602139, 4116707.63289999961853 ], [ 593688.161000000312924, 4114490.420199999585748 ], [ 592874.426799999549985, 4113395.384600000455976 ], [ 592684.423000000417233, 4112619.830199999734759 ], [ 592854.721800000406802, 4111282.340800000354648 ], [ 591730.240399999544024, 4109794.056600000709295 ], [ 589981.3136, 4109159.840600000694394 ], [ 589878.125799999572337, 4108112.088500000536442 ], [ 589385.999900000169873, 4107381.837099999189377 ], [ 589171.686900000087917, 4107223.086799999698997 ], [ 588338.247800000011921, 4107175.46169999986887 ], [ 586965.057500000111759, 4107683.4627 ], [ 583681.042600000277162, 4106820.654699999839067 ], [ 582714.615199999883771, 4105951.148600000888109 ], [ 581151.620900000445545, 4105084.9846 ], [ 580558.95299999974668, 4105021.484400000423193 ], [ 580093.285400000400841, 4105275.484899999573827 ], [ 579267.783800000324845, 4105211.9847999997437 ], [ 578569.282399999909103, 4104640.48369999974966 ], [ 578156.531600000336766, 4103751.481899999082088 ], [ 577447.446800000034273, 4103264.647600000724196 ], [ 576484.361600000411272, 4103423.397900000214577 ], [ 576156.277599999681115, 4103306.981000000610948 ], [ 575680.026600000448525, 4102439.145899999886751 ], [ 575214.359000000171363, 4101028.384800000116229 ], [ 574431.190799999982119, 4100562.717199999839067 ], [ 574251.27379999961704, 4100118.216299999505281 ], [ 574272.440499999560416, 4099832.465700000524521 ], [ 574854.525000000372529, 4099419.7149 ], [ 575309.609199999831617, 4098678.880100000649691 ], [ 574861.013700000010431, 4097027.218399999663234 ], [ 575119.108799999579787, 4093450.70299999974668 ], [ 574939.191800000146031, 4093366.036100000143051 ], [ 574589.941100000403821, 4093524.786399999633431 ], [ 574843.941599999554455, 4093217.869200000539422 ], [ 574695.774600000120699, 4092858.0351 ], [ 573330.521900000050664, 4092720.451500000432134 ], [ 573129.43819999974221, 4092307.7007 ], [ 573087.104799999855459, 4091662.11600000038743 ], [ 572547.353699999861419, 4091207.0318 ], [ 572388.603400000371039, 4090603.780600000172853 ], [ 572145.186200000345707, 4090328.613399999216199 ], [ 570981.017199999652803, 4090159.279699999839067 ], [ 570060.265399999916553, 4088878.693800000473857 ], [ 569892.128800000064075, 4088322.409299999475479 ], [ 569954.431800000369549, 4086920.773199999704957 ], [ 569467.597500000149012, 4086211.688500000163913 ], [ 567975.344499999657273, 4081883.0965 ], [ 567742.510700000450015, 4081396.262199999764562 ], [ 566342.885499999858439, 4080629.671399999409914 ], [ 566035.010800000280142, 4079791.997600000351667 ], [ 565393.006000000052154, 4078750.423599999397993 ], [ 565293.173100000247359, 4077510.828199999406934 ], [ 564588.671099999919534, 4076930.0866 ], [ 564302.9205, 4076326.835400000214577 ], [ 563996.003200000151992, 4074781.6656 ], [ 563435.085500000044703, 4074379.498099999502301 ], [ 562016.916000000201166, 4074993.332699999213219 ], [ 561815.832200000062585, 4075226.166500000283122 ], [ 561688.832000000402331, 4075829.417700000107288 ], [ 561371.331299999728799, 4075967.001299999654293 ], [ 561191.414300000295043, 4075882.334499999880791 ], [ 560979.747200000099838, 4075490.750399999320507 ], [ 559343.289300000295043, 4073949.182 ], [ 558176.474399999715388, 4072583.929300000891089 ], [ 557217.364699999801815, 4072309.393999999389052 ], [ 556582.363400000147521, 4071737.892899999395013 ], [ 556137.862499999813735, 4071621.475999999791384 ], [ 555947.362200000323355, 4070446.723600000143051 ], [ 555778.028500000014901, 4070287.973300000652671 ], [ 553187.223299999721348, 4068842.287100000306964 ], [ 553017.889600000344217, 4068239.035900000482798 ], [ 552806.222500000149012, 4068101.452299999073148 ], [ 552489.509800000116229, 4067397.096000000834465 ], [ 551906.637400000356138, 4067090.741900000721216 ], [ 551430.386500000022352, 4067090.741900000721216 ], [ 550941.435499999672174, 4066540.407500000670552 ], [ 550232.350700000301003, 4066402.823899999260902 ], [ 549068.181699999608099, 4065693.739099999889731 ], [ 548718.93099999986589, 4065132.8213 ], [ 548729.514399999752641, 4064349.653100000694394 ], [ 547829.929299999959767, 4062645.732999999076128 ], [ 547226.678000000305474, 4062709.2331000007689 ], [ 547078.511099999770522, 4062899.7335 ], [ 546686.927000000141561, 4064661.861999999731779 ], [ 546676.34360000025481, 4065699.030799999833107 ], [ 546041.342299999669194, 4066069.448200000450015 ], [ 545448.674499999731779, 4066101.198300000280142 ], [ 545081.778099999763072, 4066719.449999999254942 ], [ 544399.151700000278652, 4067219.513499999418855 ], [ 543526.025000000372529, 4067362.38880000077188 ], [ 542549.049100000411272, 4067926.084699999541044 ], [ 540596.206399999558926, 4068620.036599999293685 ], [ 540342.205900000408292, 4068863.45380000025034 ], [ 540278.705799999646842, 4069244.454500000923872 ], [ 540670.289900000207126, 4070255.164899999275804 ], [ 540236.372399999760091, 4070943.082900000736117 ], [ 539987.05420000012964, 4072248.853199999779463 ], [ 540395.122700000181794, 4072784.5866 ], [ 540384.53940000012517, 4073292.587600000202656 ], [ 540543.28969999961555, 4073430.171299999579787 ], [ 541019.540599999949336, 4073409.004499999806285 ], [ 541051.290699999779463, 4073747.671900000423193 ], [ 540956.040500000119209, 4074552.006799999624491 ], [ 540248.885400000028312, 4075976.490800000727177 ], [ 539878.468000000342727, 4076413.054199999198318 ], [ 540063.676699999719858, 4077140.659800000488758 ], [ 540447.323300000280142, 4077299.4101 ], [ 540447.323300000280142, 4077550.764799999073148 ], [ 539944.614000000059605, 4077815.3487 ], [ 539574.19649999961257, 4078662.017000000923872 ], [ 538767.215800000354648, 4078635.558599999174476 ], [ 535887.644700000062585, 4077489.349500000476837 ], [ 534393.086199999786913, 4078269.35700000077486 ], [ 532822.419700000435114, 4078208.161699999123812 ], [ 532181.376699999906123, 4078758.096300000324845 ], [ 531287.083300000056624, 4078927.42989999987185 ], [ 531059.541199999861419, 4078848.0548 ], [ 530181.139600000344217, 4077187.814200000837445 ], [ 530066.293300000019372, 4076280.532999999821186 ], [ 529087.333100000396371, 4075634.948400000110269 ], [ 528880.957600000314415, 4075089.905600000172853 ], [ 527505.121600000187755, 4074592.4879 ], [ 527108.245799999684095, 4074603.0713 ], [ 526034.035299999639392, 4075407.406199999153614 ], [ 525361.992300000041723, 4075380.947799999266863 ], [ 525081.533400000073016, 4075111.072300000116229 ], [ 524245.448400000110269, 4074952.322000000625849 ], [ 523398.78000000026077, 4074227.362199999392033 ], [ 522986.029199999757111, 4074407.279200000688434 ], [ 522086.44400000013411, 4074386.112500000745058 ], [ 521673.693199999630451, 4074581.9046 ], [ 521508.251600000075996, 4074937.459799999371171 ], [ 520005.415199999697506, 4075519.544299999251962 ], [ 519783.164800000376999, 4075646.54450000077486 ], [ 519525.272300000302494, 4076693.283800000324845 ], [ 519228.938299999572337, 4076952.575999999418855 ], [ 518329.353199999779463, 4077132.493000000715256 ], [ 517247.205199999734759, 4078093.4616 ], [ 515225.246700000017881, 4078858.0614 ], [ 513525.295400000177324, 4078269.362299999222159 ], [ 512050.240399999544024, 4076364.3585 ], [ 510753.779500000178814, 4076556.181800000369549 ], [ 510019.559200000017881, 4076972.901399999856949 ], [ 509662.371000000275671, 4076926.599199999123812 ], [ 509425.468100000172853, 4076364.707100000232458 ], [ 507914.353600000031292, 4074494.412100000306964 ], [ 506756.799200000241399, 4073961.27559999935329 ], [ 506650.965699999593198, 4073696.691700000315905 ], [ 506776.643000000156462, 4073286.58669999986887 ], [ 506115.183400000445545, 4072691.27309999987483 ], [ 505850.599499999545515, 4072115.803099999204278 ], [ 505341.275600000284612, 4071811.531700000166893 ], [ 504355.700699999928474, 4070700.279500000178814 ], [ 503929.620299999602139, 4071219.653400000184774 ], [ 503698.10950000025332, 4071854.654699999839067 ], [ 502840.076100000180304, 4072608.81110000051558 ], [ 502848.013700000010431, 4073227.937300000339746 ], [ 503522.702499999664724, 4073855.0011 ], [ 503612.490100000053644, 4074587.118100000545382 ], [ 503633.6568, 4074999.868899999186397 ], [ 503099.197399999946356, 4075555.494999999180436 ], [ 502760.640300000086427, 4075572.693 ], [ 502058.963899999856949, 4075135.732699999585748 ], [ 500693.711199999786913, 4074780.131999999284744 ], [ 500308.008600000292063, 4075156.753699999302626 ], [ 498938.922600000165403, 4075270.441400000825524 ], [ 498760.033099999651313, 4074969.011800000444055 ], [ 499142.313500000163913, 4073445.145300000905991 ], [ 498962.863099999725819, 4073007.484099999070168 ], [ 498419.706600000150502, 4072467.093299999833107 ], [ 497371.537700000219047, 4072420.014699999243021 ], [ 496035.673700000159442, 4071650.455299999564886 ], [ 495286.372200000099838, 4071485.354900000616908 ], [ 495089.521800000220537, 4071256.754499999806285 ], [ 494359.270399999804795, 4071307.55460000038147 ], [ 493895.719399999827147, 4071898.105799999088049 ], [ 493616.318900000303984, 4072590.257099999114871 ], [ 492892.417399999685585, 4072456.906899999827147 ], [ 492047.865799999795854, 4073180.808299999684095 ], [ 490607.569299999624491, 4072899.004699999466538 ], [ 490364.152200000360608, 4072507.4206000007689 ], [ 489745.025899999774992, 4072057.628000000491738 ], [ 489321.691700000315905, 4072269.295099999755621 ], [ 488718.440499999560416, 4072258.71169999986887 ], [ 488353.314799999818206, 4071703.08559999987483 ], [ 487750.0636, 4071300.918199999257922 ], [ 487321.437699999660254, 4070491.291500000283122 ], [ 486585.894600000232458, 4070030.9156 ], [ 486019.685100000351667, 4070194.957599999383092 ], [ 485555.827200000174344, 4070815.094200000166893 ], [ 484479.807099999859929, 4070184.374299999326468 ], [ 483604.529000000096858, 4069975.38539999909699 ], [ 482906.027599999681115, 4069261.00899999961257 ], [ 482532.964399999938905, 4068522.820000000298023 ], [ 480897.836099999956787, 4067895.75620000064373 ], [ 480485.08530000038445, 4068213.256899999454618 ], [ 480810.523400000296533, 4068665.695299999788404 ], [ 480858.14850000012666, 4069292.75899999961257 ], [ 481120.086600000038743, 4069903.947799999266863 ], [ 480833.841400000266731, 4070708.25029999949038 ], [ 479987.173100000247359, 4071629.002100000157952 ], [ 479092.879599999636412, 4071697.7939 ], [ 478370.321600000374019, 4072385.503000000491738 ], [ 478179.82120000012219, 4072393.440500000491738 ], [ 477759.13289999961853, 4072068.002299999818206 ], [ 476648.124699999578297, 4070512.458200000226498 ], [ 475959.782999999821186, 4070403.746600000187755 ], [ 474945.463399999774992, 4069896.306399999186397 ], [ 474181.728000000119209, 4069738.400299999862909 ], [ 472637.033400000073016, 4068390.495699999853969 ], [ 472093.083399999886751, 4068118.589199999347329 ], [ 471696.726400000043213, 4067380.113900000229478 ], [ 471674.677699999883771, 4066817.542500000447035 ], [ 471892.959400000050664, 4066076.707699999213219 ], [ 472461.814699999988079, 4065514.467000000178814 ], [ 472005.40749999973923, 4065322.643699999898672 ], [ 471072.749400000087917, 4064191.54759999923408 ], [ 470832.571399999782443, 4064183.612299999222159 ], [ 470393.362200000323355, 4064776.280099999159575 ], [ 470148.357599999755621, 4064795.197799999266863 ], [ 468453.697900000028312, 4064199.884199999272823 ], [ 467278.945600000210106, 4063164.03830000013113 ], [ 466596.319199999794364, 4063056.881899999454618 ], [ 466278.818599999882281, 4062652.068600000813603 ], [ 466020.849299999885261, 4062564.755899999290705 ], [ 465949.411700000055134, 4062275.036599999293685 ], [ 465392.149799999780953, 4061941.8125 ], [ 465161.019899999722838, 4060372.41190000064671 ], [ 464342.064699999988079, 4060040.625800000503659 ], [ 463381.625300000421703, 4060151.7511 ], [ 462873.62430000025779, 4059798.531600000336766 ], [ 462833.936700000427663, 4059508.812300000339746 ], [ 463580.796299999579787, 4058908.846300000324845 ], [ 463402.202200000174344, 4057764.521099999547005 ], [ 462432.736899999901652, 4057562.405600000172853 ], [ 462612.654000000096858, 4057308.405099999159575 ], [ 462598.03760000038892, 4056748.656500000506639 ], [ 461900.257500000298023, 4056061.857799999415874 ], [ 461671.656999999657273, 4055560.206800000742078 ], [ 461222.541799999773502, 4055382.787499999627471 ], [ 460947.944299999624491, 4054266.414100000634789 ], [ 460449.780500000342727, 4053890.622700000181794 ], [ 459200.94469999987632, 4053393.205 ], [ 458416.404199999757111, 4053522.584799999371171 ], [ 458159.542600000277162, 4052170.827600000426173 ], [ 457512.850300000049174, 4051322.04079999960959 ], [ 457098.561300000175834, 4050040.927500000223517 ], [ 455370.000099999830127, 4048400.201199999079108 ], [ 453867.99239999987185, 4047802.548000000417233 ], [ 453780.679700000211596, 4047993.04839999973774 ], [ 452844.052799999713898, 4048389.924200000241399 ], [ 452351.926799999549985, 4048947.865399999544024 ], [ 451837.305900000035763, 4049902.619300000369549 ], [ 449332.86089999973774, 4048379.410000000149012 ], [ 448786.759800000116229, 4049370.012000000104308 ], [ 448316.858799999579787, 4049827.212899999693036 ], [ 447523.590400000102818, 4050113.078500000759959 ], [ 446529.167299999855459, 4050161.002499999478459 ], [ 445832.978600000031292, 4049997.025499999523163 ], [ 445771.570199999958277, 4050223.107599999755621 ], [ 446156.728600000031292, 4050930.3618 ], [ 446077.540500000119209, 4051254.113800000399351 ], [ 446692.481499999761581, 4051986.118200000375509 ], [ 447320.5477, 4052043.118699999526143 ], [ 447900.800900000147521, 4052591.871999999508262 ], [ 449200.964900000020862, 4052152.869699999690056 ], [ 450591.535500000230968, 4052251.3706 ], [ 450498.378600000403821, 4052672.623099999502301 ], [ 450893.568300000391901, 4053431.377599999308586 ], [ 450799.536500000394881, 4053761.129599999636412 ], [ 450961.162299999967217, 4054387.383199999108911 ], [ 451274.039099999703467, 4054748.885500000789762 ], [ 451686.634899999946356, 4056507.895899999886751 ], [ 451615.978199999779463, 4056862.398 ], [ 451055.943599999882281, 4056836.89780000038445 ], [ 450942.567900000140071, 4056988.898700000718236 ], [ 451771.916500000283122, 4057164.149900000542402 ], [ 452311.169599999673665, 4057591.152499999850988 ], [ 452579.29619999974966, 4057548.902300000190735 ], [ 452598.296299999579787, 4057839.403999999165535 ], [ 453155.768199999816716, 4058581.658500000834465 ], [ 453564.364199999719858, 4059060.161399999633431 ], [ 453881.459800000302494, 4059180.162200000137091 ], [ 453813.677899999544024, 4060171.918099999427795 ], [ 454088.210699999704957, 4060459.169800000265241 ], [ 454178.898699999786913, 4060837.42200000025332 ], [ 453766.115000000223517, 4061027.173100000247359 ], [ 453454.144399999640882, 4061462.175699999555945 ], [ 453275.424399999901652, 4062209.179999999701977 ], [ 452222.042799999937415, 4064044.940700000151992 ], [ 452300.793200000189245, 4064496.443399999290705 ], [ 452124.542000000365078, 4065142.197200000286102 ], [ 452314.449400000274181, 4065197.947499999776483 ], [ 452379.449699999764562, 4065563.199799999594688 ], [ 452675.107599999755621, 4065759.950999999418855 ], [ 451705.57050000037998, 4066872.957499999552965 ], [ 451412.912499999627471, 4066861.957399999722838 ], [ 450401.250300000421703, 4066305.45380000025034 ], [ 449786.152900000102818, 4066324.20380000025034 ], [ 449560.963999999687076, 4066678.705900000408292 ], [ 449131.367700000293553, 4066656.205600000917912 ], [ 449107.648599999956787, 4067828.962600000202656 ], [ 450326.2182, 4068129.714600000530481 ], [ 451642.19469999987632, 4068994.720100000500679 ], [ 452746.263700000010431, 4069287.222100000828505 ], [ 454008.989799999631941, 4069960.976199999451637 ], [ 456949.788499999791384, 4069833.476099999621511 ], [ 457368.447200000286102, 4070215.228399999439716 ], [ 457826.668600000441074, 4070297.728900000452995 ], [ 457775.605899999849498, 4070045.47749999910593 ], [ 458156.670699999667704, 4069874.726500000804663 ], [ 458244.140100000426173, 4069398.7237 ], [ 459618.023199999704957, 4069407.723999999463558 ], [ 459858.743300000205636, 4069479.72440000064671 ], [ 460139.557400000281632, 4069878.97690000012517 ], [ 460579.028900000266731, 4069477.974600000306964 ], [ 461105.656999999657273, 4069298.473500000312924 ], [ 461485.471800000406802, 4069436.224500000476837 ], [ 461814.098799999803305, 4069253.223400000482798 ], [ 462212.850999999791384, 4069662.7259 ], [ 462291.351400000043213, 4070087.978499999269843 ], [ 464272.831699999980628, 4072093.99070000089705 ], [ 464797.991100000217557, 4071885.239499999210238 ], [ 464824.61629999987781, 4071588.737800000235438 ], [ 465349.650700000114739, 4071246.73589999973774 ], [ 465949.372999999672174, 4071526.987600000575185 ], [ 466254.718399999663234, 4072334.74239999987185 ], [ 466985.410299999639392, 4072327.242499999701977 ], [ 468536.138199999928474, 4073056.747099999338388 ], [ 468715.857900000177324, 4073270.498400000855327 ], [ 469231.485999999567866, 4073268.498400000855327 ], [ 470626.400500000454485, 4074345.505000000819564 ], [ 470859.433000000193715, 4075046.50929999910295 ], [ 471267.810399999842048, 4075474.261800000444055 ], [ 471518.43680000025779, 4076504.51799999922514 ], [ 470401.71129999961704, 4077093.021500000730157 ], [ 469875.739299999549985, 4077953.276499999687076 ], [ 469502.299599999561906, 4077617.524399999529123 ], [ 469149.51630000025034, 4077570.02419999986887 ], [ 468243.760800000280142, 4078138.777499999850988 ], [ 467819.476999999955297, 4078125.277300000190735 ], [ 467089.285099999979138, 4078415.028899999335408 ], [ 466520.156700000166893, 4078258.778000000864267 ], [ 466589.594600000418723, 4078667.530500000342727 ], [ 466923.846599999815226, 4078949.782199999317527 ], [ 466802.939500000327826, 4079758.537000000476837 ], [ 467090.128600000403821, 4080316.290400000289083 ], [ 467094.534799999557436, 4081297.546299999579787 ], [ 466863.127000000327826, 4081766.549000000581145 ], [ 467219.597799999639392, 4082484.303400000557303 ], [ 467057.690600000321865, 4082963.30629999935627 ], [ 467578.287299999967217, 4084285.314300000667572 ], [ 469125.483900000341237, 4085046.3191 ], [ 468645.730899999849498, 4086026.074999999254942 ], [ 468176.353000000119209, 4086482.077600000426173 ], [ 468079.722099999897182, 4087939.980200000107288 ], [ 469056.035500000230968, 4088654.204500000923872 ], [ 470298.558799999766052, 4089076.948699999600649 ], [ 470389.389299999922514, 4089339.2818 ], [ 471321.623999999836087, 4089642.466299999505281 ], [ 471486.335500000044703, 4090010.582100000232458 ], [ 471908.041600000113249, 4089964.8278 ], [ 472104.031499999575317, 4090189.124299999326468 ], [ 472692.030199999921024, 4090325.228700000792742 ], [ 473286.290199999697506, 4090072.0778 ], [ 473681.834999999962747, 4090330.771099999547005 ], [ 473836.783599999733269, 4090681.649399999529123 ], [ 474352.561900000087917, 4090853.135199999436736 ], [ 474331.88370000012219, 4090356.369100000709295 ], [ 474731.901899999938905, 4090260.706800000742078 ], [ 475190.224000000394881, 4090589.809100000187755 ], [ 475853.545699999667704, 4090727.731300000101328 ], [ 476449.029500000178814, 4090603.653000000864267 ], [ 476890.68819999974221, 4091082.493899999186397 ], [ 477365.667200000025332, 4090724.273299999535084 ], [ 477606.663200000301003, 4090193.178099999204278 ], [ 478054.869199999608099, 4090084.606499999761581 ], [ 478209.094899999909103, 4089765.647399999201298 ], [ 478447.662700000219047, 4090027.22829999960959 ], [ 478390.848899999633431, 4090272.044700000435114 ], [ 478162.138299999758601, 4090177.651399999856949 ], [ 478268.435999999754131, 4090603.3925 ], [ 478594.986999999731779, 4090777.612999999895692 ], [ 478746.141400000080466, 4090480.313799999654293 ], [ 478681.582399999722838, 4090258.503599999472499 ], [ 478854.21129999961704, 4090181.727399999275804 ], [ 479001.97690000012517, 4090016.156400000676513 ], [ 478708.151100000366569, 4090214.075200000777841 ], [ 478660.511099999770522, 4089803.93129999935627 ], [ 478451.53110000025481, 4089753.134199999272823 ], [ 478561.737700000405312, 4089585.127800000831485 ], [ 478811.821100000292063, 4090066.693299999460578 ], [ 478662.209499999880791, 4089696.873099999502301 ], [ 478967.921699999831617, 4089292.650000000372529 ], [ 479425.065100000239909, 4089121.74100000038743 ], [ 480367.078999999910593, 4089201.694199999794364 ], [ 482893.88150000013411, 4090321.17259999923408 ], [ 484406.479700000025332, 4091460.707000000402331 ], [ 485102.723000000230968, 4091532.577500000596046 ], [ 487751.886400000192225, 4093631.375900000333786 ], [ 492914.284699999727309, 4098290.292099999263883 ], [ 493479.583700000308454, 4099032.808199999853969 ], [ 495691.524699999950826, 4101184.687100000679493 ], [ 496602.726400000043213, 4102495.527799999341369 ], [ 496665.13190000038594, 4102959.014699999243021 ], [ 497335.029900000430644, 4103479.189400000497699 ], [ 497384.755400000140071, 4103800.137599999085069 ], [ 498572.487499999813735, 4105334.797399999573827 ], [ 498555.601300000213087, 4105818.972200000658631 ], [ 498053.2807, 4105902.771800000220537 ], [ 498387.818099999800324, 4106126.505000000819564 ], [ 498640.970599999651313, 4106068.2577 ], [ 498949.384300000034273, 4106476.738900000229478 ], [ 499480.294099999591708, 4106717.986300000920892 ], [ 499948.582999999634922, 4107169.7511 ], [ 500234.667399999685585, 4107216.543299999088049 ], [ 500507.467299999669194, 4107673.965500000864267 ], [ 500755.738199999555945, 4107603.0647 ], [ 500981.228900000452995, 4108415.201500000432134 ], [ 501746.858500000089407, 4108631.085799999535084 ], [ 501775.624099999666214, 4108975.879699999466538 ], [ 502330.315299999900162, 4109712.073699999600649 ], [ 503362.557599999941885, 4110001.074300000444055 ], [ 504200.35329999960959, 4110830.610600000247359 ], [ 504739.815999999642372, 4111121.314899999648333 ], [ 505381.44400000013411, 4111124.183000000193715 ], [ 506581.80449999962002, 4111807.180700000375509 ], [ 507305.551400000229478, 4111833.871099999174476 ], [ 507592.123200000263751, 4112039.837099999189377 ], [ 508824.731300000101328, 4112088.950400000438094 ], [ 509758.879499999806285, 4112407.796700000762939 ], [ 510490.817999999970198, 4112240.204199999570847 ], [ 511028.165599999949336, 4112664.450999999418855 ], [ 511117.021999999880791, 4113132.255200000479817 ], [ 511277.441399999894202, 4113120.895999999716878 ], [ 511171.196100000292063, 4113228.057700000703335 ], [ 511022.06209999974817, 4113122.189200000837445 ], [ 511111.269000000320375, 4113222.899599999189377 ], [ 511611.945899999700487, 4113378.566600000485778 ], [ 512211.052600000053644, 4114006.696100000292063 ], [ 512705.9057, 4114154.746799999848008 ], [ 513583.833200000226498, 4114773.173599999397993 ], [ 514796.424999999813735, 4116137.128699999302626 ], [ 515200.002399999648333, 4116942.769600000232458 ], [ 515540.503600000403821, 4116920.046800000593066 ], [ 515766.2659, 4118018.458699999377131 ], [ 516150.442300000227988, 4118277.082100000232458 ], [ 516744.246799999848008, 4119228.5121 ], [ 519152.558100000023842, 4121129.279500000178814 ], [ 519386.066100000403821, 4121029.713899999856949 ], [ 519337.330400000326335, 4120375.379499999806285 ], [ 519572.055700000375509, 4120172.588700000196695 ], [ 519474.358900000341237, 4119696.398900000378489 ], [ 519888.721099999733269, 4119727.022299999371171 ], [ 519718.678999999538064, 4119484.396500000730157 ], [ 519897.286999999545515, 4119183.242799999192357 ], [ 519840.840800000354648, 4118811.873299999162555 ], [ 520183.025500000454485, 4118621.665899999439716 ], [ 521085.785400000400841, 4118507.184599999338388 ], [ 521328.419200000353158, 4118571.374600000679493 ], [ 521457.77489999961108, 4118807.926899999380112 ], [ 521624.263100000098348, 4118560.222400000318885 ], [ 522032.952600000426173, 4118633.706599999219179 ], [ 522106.346400000154972, 4118519.680500000715256 ], [ 522162.088100000284612, 4118665.170800000429153 ], [ 522359.06290000025183, 4118470.71309999935329 ], [ 522749.692300000227988, 4118430.928600000217557 ], [ 523054.850899999961257, 4118682.893899999558926 ], [ 522994.387900000438094, 4118947.433599999174476 ], [ 523303.565799999982119, 4118925.148600000888109 ], [ 523417.472299999557436, 4118766.488600000739098 ], [ 524072.610700000077486, 4118923.635700000450015 ], [ 524921.628800000064075, 4119548.203700000420213 ], [ 525034.620900000445545, 4119431.05519999936223 ], [ 525077.991899999789894, 4119568.431399999186397 ], [ 525482.467899999581277, 4119504.5592 ], [ 525502.604899999685585, 4119676.115299999713898 ], [ 525797.786999999545515, 4119888.741100000217557 ], [ 526060.947100000455976, 4119846.513900000602007 ], [ 526333.823099999688566, 4120177.019200000911951 ], [ 527415.960199999623001, 4120011.3289 ], [ 528331.048000000417233, 4120225.717599999159575 ], [ 529155.884300000034273, 4120100.860500000417233 ], [ 529681.567900000140071, 4120301.581700000911951 ], [ 530621.448800000362098, 4120815.3618 ], [ 530576.547500000335276, 4120971.3103 ], [ 531441.960500000044703, 4121241.244999999180436 ], [ 531704.635200000368059, 4121569.088999999687076 ], [ 531992.196999999694526, 4121449.579800000414252 ], [ 532632.901800000108778, 4122006.808599999174476 ], [ 532852.261300000362098, 4121919.950500000268221 ], [ 533164.844600000418723, 4122135.870799999684095 ], [ 534403.702800000086427, 4123226.605799999088049 ], [ 534549.373200000263751, 4123550.324799999594688 ], [ 534405.442300000227988, 4123835.832699999213219 ], [ 534927.753600000403821, 4123761.971899999305606 ], [ 535420.107300000265241, 4123980.67850000038743 ], [ 535663.239299999549985, 4123849.93779999949038 ], [ 536183.00040000025183, 4124405.977399999275804 ], [ 538393.811999999918044, 4124411.509099999442697 ], [ 538906.976099999621511, 4124187.279500000178814 ], [ 539241.845599999651313, 4124321.702500000596046 ], [ 540124.718999999575317, 4123700.636199999600649 ], [ 540710.622399999760091, 4123749.165100000798702 ], [ 542233.003800000064075, 4124322.6645 ], [ 543742.785500000230968, 4125177.6853 ], [ 543804.748399999924004, 4125418.713600000366569 ], [ 544290.895899999886751, 4125449.034900000318885 ], [ 545396.491799999959767, 4126028.212200000882149 ], [ 546194.975700000301003, 4126617.7292 ], [ 546199.191999999806285, 4126878.869000000879169 ], [ 546439.665000000037253, 4126859.9035 ], [ 546674.851700000464916, 4127278.253399999812245 ], [ 547170.606499999761581, 4127471.2434 ], [ 547456.518099999986589, 4127783.822499999776483 ], [ 548048.223899999633431, 4127595.740800000727177 ], [ 548431.872700000181794, 4128044.031500000506639 ], [ 549230.850399999879301, 4128231.56110000051558 ], [ 549440.348500000312924, 4128458.880699999630451 ], [ 549793.768799999728799, 4128447.730499999597669 ], [ 550488.24129999987781, 4127444.9627 ], [ 550801.88370000012219, 4127234.323799999430776 ], [ 551412.786999999545515, 4127276.794800000265241 ], [ 551728.01549999974668, 4127558.058399999514222 ], [ 552166.737099999561906, 4127483.433299999684095 ], [ 552688.378600000403821, 4127898.532199999317527 ], [ 553598.690399999730289, 4128305.581199999898672 ], [ 553856.835699999704957, 4128628.793800000101328 ], [ 554253.919999999925494, 4128695.636700000613928 ], [ 554419.872000000439584, 4128961.503000000491738 ], [ 554685.726800000295043, 4128959.537699999287724 ], [ 555356.424999999813735, 4129353.133199999108911 ], [ 558057.585500000044703, 4131599.3816 ], [ 557957.513299999758601, 4131711.174799999222159 ], [ 558029.105399999767542, 4131809.005300000309944 ], [ 558137.561300000175834, 4131622.1524 ], [ 558306.355999999679625, 4131789.8487 ], [ 558692.876799999736249, 4131785.129300000146031 ], [ 559164.699099999852479, 4132092.6108 ], [ 559116.775899999774992, 4132323.381799999624491 ], [ 559239.900500000454485, 4132399.816099999472499 ], [ 559774.477400000207126, 4131895.541600000113249 ], [ 560627.0318, 4131876.799000000581145 ], [ 561113.400799999944866, 4132262.88120000064373 ], [ 561426.910600000061095, 4131986.302200000733137 ], [ 561597.539900000207126, 4132037.994599999859929 ], [ 561751.316800000146031, 4131800.289200000464916 ], [ 561952.923000000417233, 4131967.592000000178814 ], [ 562051.791100000031292, 4131783.378000000491738 ], [ 562337.182900000363588, 4131739.539799999445677 ], [ 563919.111100000329316, 4132091.832399999722838 ], [ 564886.199599999934435, 4132661.597300000488758 ], [ 564902.575299999676645, 4132835.478900000452995 ], [ 565046.864099999889731, 4132706.95549999922514 ], [ 565237.074599999934435, 4132975.961400000378489 ], [ 565581.992700000293553, 4132937.035800000652671 ], [ 565677.13329999987036, 4133188.95549999922514 ] ] ], [ [ [ 495133.876299999654293, 4154548.689200000837445 ], [ 495361.00069999974221, 4154347.870300000533462 ], [ 495415.357400000095367, 4153819.158700000494719 ], [ 496270.180499999783933, 4152988.650800000876188 ], [ 495828.125, 4151857.598200000822544 ], [ 495635.425200000405312, 4151726.550300000235438 ], [ 495402.971300000324845, 4151803.609300000593066 ], [ 494884.651700000278652, 4152465.218499999493361 ], [ 494513.337299999780953, 4152586.35950000025332 ], [ 493664.675400000065565, 4151945.037900000810623 ], [ 493104.06290000025183, 4151952.799000000581145 ], [ 492245.45409999974072, 4151471.108999999240041 ], [ 491448.40500000026077, 4151495.865000000223517 ], [ 491012.058000000193715, 4151957.149599999189377 ], [ 491026.408200000412762, 4152167.226600000634789 ], [ 491307.107099999673665, 4152408.01630000025034 ], [ 491937.498599999584258, 4152726.073400000110269 ], [ 492144.894999999552965, 4153219.645500000566244 ], [ 494337.047399999573827, 4153493.289899999275804 ], [ 494735.540300000458956, 4153976.650000000372529 ], [ 494717.731399999931455, 4154523.175300000235438 ], [ 495133.876299999654293, 4154548.689200000837445 ] ] ] ] } },
{ "type": "Feature", "properties": { "CODE": 4, "LIB_FR": "Cap-Bon, oued Miliane" }, "geometry": { "type": "MultiPolygon", "coordinates": [ [ [ [ 680818.571600000374019, 4106174.858999999240041 ], [ 681970.191399999894202, 4105460.03969999961555 ], [ 681865.185999999754131, 4104912.130799999460578 ], [ 682274.507399999536574, 4104937.452199999243021 ], [ 682898.332600000314415, 4104514.826999999582767 ], [ 683106.974600000306964, 4104082.335699999704957 ], [ 683104.998399999924004, 4103434.692299999296665 ], [ 683844.099000000394881, 4102579.75139999948442 ], [ 684448.386699999682605, 4102146.3651 ], [ 684335.57120000012219, 4101800.985500000417233 ], [ 684567.562699999660254, 4101696.30629999935627 ], [ 684212.826299999840558, 4101544.444900000467896 ], [ 684508.893299999646842, 4101301.097300000488758 ], [ 684267.900200000032783, 4101379.943499999120831 ], [ 684189.050800000317395, 4101173.756300000473857 ], [ 683936.221499999985099, 4101213.312599999830127 ], [ 683669.957700000144541, 4100907.534499999135733 ], [ 683761.542299999855459, 4101105.647600000724196 ], [ 683584.998599999584258, 4101153.901599999517202 ], [ 683625.306499999947846, 4101003.873400000855327 ], [ 683353.447700000368059, 4100837.174499999731779 ], [ 683070.240500000305474, 4100051.886600000783801 ], [ 682958.544999999925494, 4098958.373199999332428 ], [ 683109.154299999587238, 4097676.308499999344349 ], [ 683930.878899999894202, 4095774.0 ], [ 685151.895200000144541, 4094236.979699999094009 ], [ 685433.701299999840558, 4093494.0548 ], [ 686141.101099999621511, 4092882.9221 ], [ 686762.760700000450015, 4091752.3575 ], [ 687234.763700000010431, 4088077.540899999439716 ], [ 687552.228000000119209, 4087062.223500000312924 ], [ 687766.462100000120699, 4085528.230599999427795 ], [ 688677.090300000272691, 4084162.022900000214577 ], [ 690378.426799999549985, 4082677.700899999588728 ], [ 689785.476400000043213, 4080444.875900000333786 ], [ 689580.930800000205636, 4080331.903799999505281 ], [ 689104.252999999560416, 4078725.255300000309944 ], [ 688489.071700000204146, 4077868.9572 ], [ 687885.45990000013262, 4077893.245400000363588 ], [ 688013.415500000119209, 4077907.447799999266863 ], [ 687960.037499999627471, 4078017.194599999114871 ], [ 688516.655100000090897, 4077970.010600000619888 ], [ 688158.271999999880791, 4078240.768200000748038 ], [ 688072.5466, 4078054.7423 ], [ 688113.559899999760091, 4078330.267300000414252 ], [ 687931.167600000277162, 4078418.294600000604987 ], [ 686996.36600000038743, 4078284.559800000861287 ], [ 683229.2972999997437, 4075639.82630000077188 ], [ 681224.025999999605119, 4073643.926999999210238 ], [ 680385.630900000222027, 4072578.80460000038147 ], [ 675983.470700000412762, 4065707.1402000002563 ], [ 674806.182400000281632, 4063337.517300000414252 ], [ 673034.9671, 4060477.511299999430776 ], [ 667443.49100000038743, 4049342.431500000879169 ], [ 664814.544099999591708, 4042979.0603 ], [ 663873.871799999848008, 4039811.2281 ], [ 662029.518099999986589, 4035723.375499999150634 ], [ 661552.952499999664724, 4035470.238399999216199 ], [ 661177.080000000074506, 4035495.643899999558926 ], [ 661206.737900000065565, 4035350.066700000315905 ], [ 660971.61739999987185, 4034956.561300000175834 ], [ 661146.334999999962747, 4035451.875499999150634 ], [ 660728.512699999846518, 4035192.474099999293685 ], [ 660686.824900000356138, 4035064.956599999219179 ], [ 660867.496600000187755, 4035007.007799999788404 ], [ 660518.755400000140071, 4035027.285700000822544 ], [ 659965.246100000105798, 4035302.102900000289083 ], [ 658811.237800000235438, 4034808.737500000745058 ], [ 658293.758799999952316, 4034901.682399999350309 ], [ 656772.795099999755621, 4033985.705 ], [ 655575.0773, 4033869.44789999909699 ], [ 655094.858300000429153, 4033602.032199999317527 ], [ 654500.252199999988079, 4033677.983799999579787 ], [ 652616.597799999639392, 4032765.870200000703335 ], [ 651898.2023, 4032581.755200000479817 ], [ 649973.469200000166893, 4031426.408399999141693 ], [ 648510.538099999539554, 4029803.3322 ], [ 648170.178399999625981, 4029739.150800000876188 ], [ 647836.770999999716878, 4029446.751199999824166 ], [ 647724.776999999769032, 4029604.562899999320507 ], [ 647461.916899999603629, 4029568.98960000090301 ], [ 646792.032599999569356, 4029105.328400000929832 ], [ 646691.513100000098348, 4029235.5373 ], [ 646090.066999999806285, 4029056.448200000450015 ], [ 644929.053700000047684, 4028199.9693 ], [ 644611.259200000204146, 4028213.6809 ], [ 644342.959599999710917, 4028872.615000000223517 ], [ 643513.75870000012219, 4029392.238299999386072 ], [ 642150.378600000403821, 4029172.763299999758601 ], [ 640789.933500000275671, 4028497.132799999788404 ], [ 639875.418200000189245, 4027666.240299999713898 ], [ 638871.967299999669194, 4026335.3158 ], [ 638962.161700000055134, 4026100.901399999856949 ], [ 638741.155399999581277, 4025543.572300000116229 ], [ 638922.212000000290573, 4026090.680299999192357 ], [ 638531.740500000305474, 4026401.169199999421835 ], [ 638426.01410000026226, 4026179.246999999508262 ], [ 638368.876899999566376, 4026296.76490000076592 ], [ 638399.853900000452995, 4026143.935900000855327 ], [ 638645.133100000210106, 4026267.283900000154972 ], [ 638653.505099999718368, 4026075.310399999842048 ], [ 638437.761800000444055, 4025939.121099999174476 ], [ 638707.386199999600649, 4025768.791500000283122 ], [ 638382.612599999643862, 4025710.136499999091029 ], [ 638114.999499999918044, 4025367.3914 ], [ 636019.481700000353158, 4021229.203299999237061 ], [ 634683.502999999560416, 4017565.566299999132752 ], [ 633402.73340000025928, 4013208.446699999272823 ], [ 632326.439399999566376, 4008097.484200000762939 ], [ 631895.763799999840558, 4003142.893999999389052 ], [ 631894.644299999810755, 4000431.675899999216199 ], [ 632125.760999999940395, 3997343.076400000602007 ], [ 632578.501799999736249, 3994453.250499999150634 ], [ 633330.973100000061095, 3991307.733999999240041 ], [ 633844.737900000065565, 3989932.620300000533462 ], [ 634633.4222999997437, 3988765.67119999974966 ], [ 635191.760700000450015, 3988382.609200000762939 ], [ 635926.886599999852479, 3988367.398800000548363 ], [ 636264.394199999980628, 3988187.998099999502301 ], [ 635943.661999999545515, 3988332.201400000602007 ], [ 635887.583499999716878, 3988227.463300000876188 ], [ 636136.530899999663234, 3988160.46680000051856 ], [ 636107.334300000220537, 3988028.221899999305606 ], [ 636191.811900000087917, 3988123.510600000619888 ], [ 636264.275299999862909, 3987867.668199999257922 ], [ 636594.293200000189245, 3987788.579700000584126 ], [ 636838.942900000140071, 3986046.493200000375509 ], [ 635172.238300000317395, 3985562.0494 ], [ 634186.575199999846518, 3985878.4035 ], [ 633615.074099999852479, 3986234.004300000146031 ], [ 633024.522900000214577, 3986989.655799999833107 ], [ 633002.521999999880791, 3988075.354699999094009 ], [ 631534.673200000077486, 3989993.167700000107288 ], [ 630296.255300000309944, 3993247.053099999204278 ], [ 629939.067099999636412, 3993699.491499999538064 ], [ 626592.716300000436604, 3995003.801000000908971 ], [ 622981.036799999885261, 3995679.596200000494719 ], [ 620608.877100000157952, 3995488.1371 ], [ 617847.282999999821186, 3996232.279200000688434 ], [ 616342.462299999780953, 3996083.450799999758601 ], [ 615333.736299999989569, 3995719.648 ], [ 613597.404699999839067, 3996066.914300000295043 ], [ 610821.776300000026822, 3996038.602800000458956 ], [ 609393.02350000012666, 3995871.91499999910593 ], [ 608472.271599999628961, 3996038.602800000458956 ], [ 607782.128700000233948, 3995713.58559999987483 ], [ 606591.501299999654293, 3995570.71030000038445 ], [ 606351.050599999725819, 3995335.972300000488758 ], [ 606331.02170000039041, 3995520.070499999448657 ], [ 605817.32660000026226, 3995878.033099999651313 ], [ 605856.510700000450015, 3996313.809299999848008 ], [ 605595.877100000157952, 3996674.923900000751019 ], [ 605947.375099999830127, 3997742.574899999424815 ], [ 605537.270100000314415, 3998853.827199999243021 ], [ 605696.020399999804795, 3999515.286800000816584 ], [ 606106.12540000025183, 3999978.308599999174476 ], [ 605748.937199999578297, 4000481.017899999395013 ], [ 605741.881599999964237, 4000942.71680000051856 ], [ 605391.748999999836087, 4001301.227900000289083 ], [ 605325.603000000119209, 4002584.459599999710917 ], [ 605775.395600000396371, 4004052.900100000202656 ], [ 605769.324699999764562, 4004743.796900000423193 ], [ 605442.371399999596179, 4005175.376900000497699 ], [ 604878.807699999772012, 4005508.752599999308586 ], [ 603195.702899999916553, 4007452.802699999883771 ], [ 601211.323900000192225, 4008339.158600000664592 ], [ 600827.677299999631941, 4008855.097200000658631 ], [ 600219.134499999694526, 4010297.079199999570847 ], [ 599478.299599999561906, 4010535.204700000584126 ], [ 599240.174200000241399, 4011037.914000000804663 ], [ 598988.819500000216067, 4011130.518400000408292 ], [ 597811.421299999579787, 4011077.601600000634789 ], [ 597652.671000000089407, 4011209.893500000238419 ], [ 597639.363699999637902, 4011485.995200000703335 ], [ 596890.125, 4012223.249800000339746 ], [ 596266.603000000119209, 4013287.518100000917912 ], [ 596290.064100000075996, 4014212.920399999246001 ], [ 595218.499499999918044, 4016382.507999999448657 ], [ 594702.560899999924004, 4016964.592499999329448 ], [ 594213.080799999646842, 4018221.365900000557303 ], [ 593829.434200000017881, 4017321.780799999833107 ], [ 593234.120500000193715, 4016858.75899999961257 ], [ 592863.703099999576807, 4015721.04839999973774 ], [ 592136.097500000149012, 4015575.527300000190735 ], [ 591977.347099999897182, 4015377.089400000870228 ], [ 591673.075699999928474, 4014054.170099999755621 ], [ 591712.763299999758601, 4013233.960100000724196 ], [ 591117.449599999934435, 4013101.668199999257922 ], [ 590297.239599999971688, 4013326.564400000497699 ], [ 590032.655799999833107, 4012890.0011 ], [ 589609.321600000374019, 4012837.084300000220537 ], [ 588180.568699999712408, 4011156.976800000295043 ], [ 587095.77489999961108, 4008167.179099999368191 ], [ 586315.252500000409782, 4007016.239299999549985 ], [ 585852.230700000189245, 4006910.405799999833107 ], [ 585098.166699999943376, 4006434.154799999669194 ], [ 584483.561900000087917, 4006370.543400000780821 ], [ 583255.740000000223517, 4006617.040699999779463 ], [ 582544.932400000281632, 4006222.487700000405312 ], [ 580825.137299999594688, 4005852.070299999788404 ], [ 580031.385700000450015, 4005971.133099999278784 ], [ 579899.093799999915063, 4006394.467199999839067 ], [ 579687.426699999719858, 4006473.842399999499321 ], [ 579449.301300000399351, 4006129.883400000631809 ], [ 578536.486899999901652, 4005508.111300000920892 ], [ 577068.046500000171363, 4005005.402000000700355 ], [ 576803.462600000202656, 4005084.777100000530481 ], [ 576710.858300000429153, 4005389.048599999397993 ], [ 577015.129700000397861, 4006315.0921 ], [ 577001.900500000454485, 4006592.905099999159575 ], [ 576856.379399999976158, 4006659.051100000739098 ], [ 576181.690499999560416, 4006473.842399999499321 ], [ 574885.229600000195205, 4005322.902599999681115 ], [ 574435.43709999974817, 4005309.67339999973774 ], [ 574144.394799999892712, 4005653.632400000467896 ], [ 572861.163099999539554, 4005613.94480000063777 ], [ 572530.433199999853969, 4006169.571000000461936 ], [ 570453.449900000356138, 4006672.280300000682473 ], [ 569950.740600000135601, 4006037.278999999165535 ], [ 570281.4704, 4005455.194499999284744 ], [ 570268.241200000047684, 4005045.089500000700355 ], [ 569778.761099999770522, 4005045.089500000700355 ], [ 569156.989000000059605, 4005283.214999999850988 ], [ 568826.259200000204146, 4005150.923100000247359 ], [ 567794.382100000046194, 4003682.482599999755621 ], [ 566921.255400000140071, 4003272.377699999138713 ], [ 566709.588299999944866, 4002637.37639999948442 ], [ 565929.065899999812245, 4001645.186899999156594 ], [ 564738.438500000163913, 4001539.353399999439716 ], [ 563693.332200000062585, 4000983.727299999445677 ], [ 562886.35149999987334, 4000229.663200000301003 ], [ 559089.572999999858439, 3998126.2215 ], [ 558417.042100000195205, 3997545.41950000077486 ], [ 556623.163499999791384, 3996791.355499999597669 ], [ 555829.564799999818206, 3995717.931900000199676 ], [ 554194.771599999628961, 3994964.444399999454618 ], [ 553719.450699999928474, 3994510.729000000283122 ], [ 552694.885200000368059, 3993353.404400000348687 ], [ 552501.434899999760091, 3992649.33559999987483 ], [ 553601.387099999934435, 3990286.684399999678135 ], [ 554712.639399999752641, 3990147.777799999341369 ], [ 554441.440899999812245, 3989697.985300000756979 ], [ 553727.064500000327826, 3989115.900800000876188 ], [ 552715.031200000084937, 3988593.347699999809265 ], [ 551779.467000000178814, 3988300.082900000736117 ], [ 551083.388600000180304, 3989089.720000000670552 ], [ 550572.964599999599159, 3989284.334799999371171 ], [ 550139.047100000083447, 3989824.085899999365211 ], [ 548644.677400000393391, 3992960.992200000211596 ], [ 547882.675900000147521, 3993648.910199999809265 ], [ 545974.364099999889731, 3994274.982100000604987 ], [ 545416.754300000146031, 3994696.6623 ], [ 545120.420400000177324, 3995490.413899999111891 ], [ 544092.377899999730289, 3997039.4046 ], [ 543935.084699999541044, 3998041.002399999648333 ], [ 544288.169900000095367, 3998716.86629999987781 ], [ 545065.642400000244379, 3999513.650100000202656 ], [ 545914.17200000025332, 3999903.672700000926852 ], [ 546033.100499999709427, 4000796.9364 ], [ 545757.850499999709427, 4001474.867000000551343 ], [ 546030.588899999856949, 4001681.676300000399351 ], [ 546877.25719999987632, 4001851.009999999776483 ], [ 547004.257500000298023, 4002105.010500000789762 ], [ 546845.507100000046194, 4002729.428400000557303 ], [ 546930.173999999649823, 4003046.928999999538064 ], [ 547723.925599999725819, 4003332.67960000038147 ], [ 548612.927400000393391, 4004031.18099999986589 ], [ 549396.095599999651313, 4003311.512900000438094 ], [ 549957.013399999588728, 4003131.595899999141693 ], [ 550443.847699999809265, 4003258.596100000664592 ], [ 550920.098600000143051, 4003703.096999999135733 ], [ 551756.183600000105798, 4003480.846599999815226 ], [ 552200.684500000439584, 4003766.597100000828505 ], [ 553650.604100000113249, 4003988.8476 ], [ 554052.771599999628961, 4004391.015100000426173 ], [ 554719.522900000214577, 4004412.181800000369549 ], [ 556317.609400000423193, 4005830.351299999281764 ], [ 556539.859899999573827, 4006253.685399999842048 ], [ 556455.192999999970198, 4006539.436000000685453 ], [ 555828.766800000332296, 4006915.438200000673532 ], [ 554587.554800000041723, 4008113.07120000012219 ], [ 552889.660899999551475, 4010924.119799999520183 ], [ 552053.596099999733269, 4011250.97550000064075 ], [ 551693.741799999959767, 4011791.954900000244379 ], [ 551767.845499999821186, 4012695.603399999439716 ], [ 551534.991499999538064, 4013457.774900000542402 ], [ 552053.575899999588728, 4014135.10950000025332 ], [ 551841.908800000324845, 4014452.610200000926852 ], [ 551598.49170000012964, 4015775.529500000178814 ], [ 551101.182300000451505, 4016124.389799999073148 ], [ 550751.823300000280142, 4016643.36460000090301 ], [ 551386.824599999934435, 4017278.365800000727177 ], [ 551344.491100000217557, 4017913.36710000038147 ], [ 551518.364900000393391, 4018176.812300000339746 ], [ 553310.986800000071526, 4019921.6974 ], [ 553810.412700000219047, 4020908.456399999558926 ], [ 554238.088600000366569, 4021293.300100000575185 ], [ 554549.239199999719858, 4021864.801300000399351 ], [ 554498.439100000075996, 4022842.703199999406934 ], [ 555112.165300000458956, 4024263.379799999296665 ], [ 554902.231700000353158, 4024878.799799999222159 ], [ 552167.98450000025332, 4026392.360300000756979 ], [ 551755.23369999974966, 4027021.011600000783801 ], [ 551925.274500000290573, 4028054.892699999734759 ], [ 552286.409699999727309, 4028263.887800000607967 ], [ 552599.391900000162423, 4029151.033700000494719 ], [ 551937.158999999985099, 4029936.057800000533462 ], [ 550974.073699999600649, 4030687.475999999791384 ], [ 550847.073499999940395, 4031057.893400000408292 ], [ 552169.99280000012368, 4030825.059599999338388 ], [ 552868.494199999608099, 4031227.227099999785423 ], [ 553443.634600000455976, 4030906.5472 ], [ 554776.405299999751151, 4030742.951400000602007 ], [ 555101.582000000402331, 4030634.5592 ], [ 555524.916199999861419, 4030063.0581 ], [ 556054.083899999968708, 4030137.1415 ], [ 556276.334300000220537, 4029787.890799999237061 ], [ 557006.585799999535084, 4029650.307199999690056 ], [ 558085.908800000324845, 4028654.591 ], [ 558621.691100000403821, 4028747.195299999788404 ], [ 560182.73589999973774, 4029626.936699999496341 ], [ 560513.465699999593198, 4029660.009600000455976 ], [ 560936.799899999983609, 4029402.040400000289083 ], [ 561267.529699999839067, 4029454.957100000232458 ], [ 561585.030399999581277, 4029792.301599999889731 ], [ 562451.542500000447035, 4030076.7292 ], [ 562861.647499999962747, 4030374.386099999770522 ], [ 563294.24210000038147, 4030316.012199999764562 ], [ 563389.492300000041723, 4030153.293199999257922 ], [ 563782.399400000460446, 4030232.668299999088049 ], [ 564398.615199999883771, 4031502.935499999672174 ], [ 564566.332600000314415, 4033404.542700000107288 ], [ 566034.187199999578297, 4036233.153699999675155 ], [ 567632.273699999786913, 4036550.654400000348687 ], [ 568256.691599999554455, 4037005.738600000739098 ], [ 568457.775399999693036, 4037587.823100000619888 ], [ 569209.193500000052154, 4038011.157299999147654 ], [ 569389.663599999621511, 4038515.6261 ], [ 569632.527700000442564, 4038717.066999999806285 ], [ 571040.113900000229478, 4038960.484200000762939 ], [ 571484.614799999631941, 4039785.9858 ], [ 572955.701000000350177, 4040442.153799999505281 ], [ 573599.637699999846518, 4040911.353700000792742 ], [ 574069.069899999536574, 4041951.340199999511242 ], [ 574905.154900000430644, 4042850.925300000235438 ], [ 574979.238400000147521, 4043316.5929000005126 ], [ 574672.321100000292063, 4043962.177500000223517 ], [ 574788.737999999895692, 4044597.17879999987781 ], [ 574587.654299999587238, 4045126.3465 ], [ 575116.821999999694526, 4046174.098600000143051 ], [ 574767.571299999952316, 4046713.849700000137091 ], [ 575349.655799999833107, 4047041.933700000867248 ], [ 577514.109699999913573, 4047704.857699999585748 ], [ 578884.700400000438094, 4047605.325400000438094 ], [ 580354.439799999818206, 4047163.03319999948144 ], [ 581189.873700000345707, 4044019.025100000202656 ], [ 581989.994199999608099, 4042941.879300000146031 ], [ 583391.452600000426173, 4043336.794399999082088 ], [ 586454.439199999906123, 4043541.364199999719858 ], [ 587708.092400000430644, 4043425.626800000667572 ], [ 588173.759999999776483, 4043817.210999999195337 ], [ 588442.27240000013262, 4044664.477399999275804 ], [ 589335.242899999953806, 4045359.010099999606609 ], [ 590659.279000000096858, 4046747.80379999987781 ], [ 592902.950199999846518, 4047657.972300000488758 ], [ 594342.286399999633431, 4049012.641699999570847 ], [ 595400.621799999848008, 4050578.978199999779463 ], [ 595852.346199999563396, 4054494.761800000444055 ], [ 595188.954699999652803, 4058014.843000000342727 ], [ 594977.28760000038892, 4058353.51039999909699 ], [ 594998.454400000162423, 4059433.012499999254942 ], [ 594913.787499999627471, 4059708.179700000211596 ], [ 594384.619800000451505, 4060046.847100000828505 ], [ 594151.786000000312924, 4060893.5154 ], [ 594469.286600000225008, 4061697.850400000810623 ], [ 595591.122200000099838, 4062375.185100000351667 ], [ 596607.124200000427663, 4062523.352 ], [ 597178.62540000025183, 4063073.686499999836087 ], [ 596755.291199999861419, 4065560.774800000712276 ], [ 596226.123499999754131, 4066343.943 ], [ 595358.288399999961257, 4066915.444199999794364 ], [ 594680.953700000420213, 4068651.114299999549985 ], [ 593897.785500000230968, 4069645.9496 ], [ 593855.452100000344217, 4070661.9517 ], [ 593199.284099999815226, 4072334.1217 ], [ 593622.618300000205636, 4073286.62360000051558 ], [ 594200.103000000119209, 4073776.610600000247359 ], [ 594417.898900000378489, 4074170.318600000813603 ], [ 594920.307599999941885, 4076979.282299999147654 ], [ 594869.690200000070035, 4078427.311599999666214 ], [ 595361.816200000233948, 4079427.4386 ], [ 595234.815899999812245, 4079871.939500000327826 ], [ 595647.566800000146031, 4080221.190199999138713 ], [ 595885.692200000397861, 4080776.816299999132752 ], [ 596755.291199999861419, 4081181.80599999986589 ], [ 597195.083499999716878, 4081232.551300000399351 ], [ 598028.82149999961257, 4080760.941299999132752 ], [ 598926.308199999853969, 4080542.796499999240041 ], [ 599521.074500000104308, 4080586.315899999812245 ], [ 600187.825799999758601, 4080856.191500000655651 ], [ 600838.702100000344217, 4081364.192500000819564 ], [ 602188.079800000414252, 4081443.567700000479817 ], [ 602489.705400000326335, 4082396.069599999114871 ], [ 602061.079599999822676, 4082904.070599999278784 ], [ 602172.204800000414252, 4084110.573000000789762 ], [ 602489.705400000326335, 4084475.698699999600649 ], [ 602807.206100000068545, 4085348.825500000268221 ], [ 603346.957200000062585, 4085729.826199999079108 ], [ 603726.828900000080466, 4086756.068199999630451 ], [ 604023.568300000391901, 4086930.611700000241399 ], [ 604277.212600000202656, 4087441.7434 ], [ 604288.87569999974221, 4088138.597699999809265 ], [ 604791.585099999792874, 4089593.809000000357628 ], [ 605887.268000000156462, 4090939.887700000777841 ], [ 607620.616799999959767, 4092495.741399999707937 ], [ 609576.060200000181794, 4090325.849600000306964 ], [ 612390.815200000070035, 4088159.329600000753999 ], [ 615221.17119999974966, 4086530.720799999311566 ], [ 616079.875900000333786, 4086361.32179999910295 ], [ 616232.798200000077486, 4086553.346200000494719 ], [ 616555.232200000435114, 4086593.212899999693036 ], [ 616741.88190000038594, 4086507.352700000628829 ], [ 616828.554299999959767, 4086416.5022 ], [ 616504.940999999642372, 4086565.998299999162555 ], [ 616347.298899999819696, 4086371.838600000366569 ], [ 616667.533800000324845, 4086413.134999999776483 ], [ 616808.987200000323355, 4085979.039100000634789 ], [ 617360.391900000162423, 4086012.347500000149012 ], [ 617584.972299999557436, 4085407.887900000438094 ], [ 617248.730899999849498, 4084441.310499999672174 ], [ 617593.346099999733269, 4083963.078199999406934 ], [ 617774.808699999935925, 4083353.979100000113249 ], [ 620110.800499999895692, 4081572.381899999454618 ], [ 620332.139700000174344, 4081548.732999999076128 ], [ 620693.777300000190735, 4080833.231799999251962 ], [ 620567.980899999849498, 4080506.606000000610948 ], [ 620369.786500000394881, 4080314.943 ], [ 620520.513199999928474, 4080602.276399999856949 ], [ 620345.466599999926984, 4080576.79839999973774 ], [ 620369.001899999566376, 4080408.984899999573827 ], [ 620336.017699999734759, 4080378.609200000762939 ], [ 620202.392, 4080449.863600000739098 ], [ 619542.928100000135601, 4080125.2668999992311 ], [ 619418.561900000087917, 4079355.467000000178814 ], [ 618690.913599999621511, 4078739.996200000867248 ], [ 618265.26659999974072, 4078008.614800000563264 ], [ 618285.027099999599159, 4077068.635800000280142 ], [ 618103.114900000393391, 4077144.32149999961257 ], [ 617771.188299999572337, 4076974.17090000025928 ], [ 617632.948400000110269, 4076641.313100000843406 ], [ 617748.374099999666214, 4076518.994699999690056 ], [ 617495.305900000035763, 4076313.046900000423193 ], [ 617554.481999999843538, 4076122.560799999162555 ], [ 617236.2352, 4075750.867900000885129 ], [ 617332.361200000159442, 4075659.03940000012517 ], [ 617149.553100000135601, 4075556.417300000786781 ], [ 617219.273299999535084, 4075448.340299999341369 ], [ 617010.214599999599159, 4075662.940500000491738 ], [ 617152.293800000101328, 4075398.832000000402331 ], [ 616920.474200000055134, 4075457.0493 ], [ 616746.015700000338256, 4075266.044099999591708 ], [ 616833.411600000225008, 4075170.266100000590086 ], [ 616664.998700000345707, 4075131.901900000870228 ], [ 616695.900700000114739, 4074934.012299999594688 ], [ 616490.238099999725819, 4074831.690899999812245 ], [ 616468.492499999701977, 4074389.835400000214577 ], [ 616860.5159, 4074062.911399999633431 ], [ 616895.343100000172853, 4073917.959899999201298 ], [ 616847.668100000359118, 4073749.771299999207258 ], [ 616865.75760000012815, 4073994.901699999347329 ], [ 616656.984600000083447, 4074162.701899999752641 ], [ 616509.493700000457466, 4073971.152000000700355 ], [ 616710.695600000210106, 4073732.975199999287724 ], [ 616352.063699999824166, 4073818.127699999138713 ], [ 615523.655100000090897, 4074481.264699999243021 ], [ 612455.000799999572337, 4073924.234999999403954 ], [ 612402.061599999666214, 4073705.831800000742078 ], [ 613040.166899999603629, 4073811.51380000077188 ], [ 613246.049399999901652, 4073685.402799999341369 ], [ 613099.833499999716878, 4073650.290999999269843 ], [ 613272.173499999567866, 4073565.228700000792742 ], [ 613121.712700000032783, 4073528.699300000444055 ], [ 613163.251000000163913, 4073329.466 ], [ 613556.855899999849498, 4073342.61879999935627 ], [ 613643.99199999962002, 4073191.950400000438094 ], [ 614270.791699999943376, 4073403.135700000450015 ], [ 614135.871100000105798, 4073639.553600000217557 ], [ 614302.781000000424683, 4073984.421700000762939 ], [ 614127.863199999555945, 4074005.305400000885129 ], [ 614377.167100000195205, 4074100.823400000110269 ], [ 614422.276899999938905, 4073272.460200000554323 ], [ 614151.953599999658763, 4072957.14780000038445 ], [ 614201.240500000305474, 4072808.441400000825524 ], [ 614513.957000000402331, 4073229.703700000420213 ], [ 614396.643199999816716, 4073820.652499999850988 ], [ 614548.434399999678135, 4074115.446100000292063 ], [ 615333.7352, 4074146.49379999935627 ], [ 616017.029400000348687, 4073745.88990000076592 ], [ 615846.010200000368059, 4073565.601199999451637 ], [ 616154.706100000068545, 4073407.617799999192357 ], [ 616552.865799999795854, 4073595.423800000920892 ], [ 616263.873599999584258, 4073391.939099999144673 ], [ 616090.20920000039041, 4073415.674499999731779 ], [ 615795.812800000421703, 4073566.443199999630451 ], [ 615227.553600000217557, 4073483.00730000063777 ], [ 615533.487999999895692, 4073515.8585 ], [ 614925.045199999585748, 4072673.346000000834465 ], [ 614892.286500000394881, 4072441.63120000064373 ], [ 615083.171699999831617, 4072271.865599999204278 ], [ 614602.113900000229478, 4072500.895300000905991 ], [ 614870.335400000214577, 4072310.420700000599027 ], [ 614705.927600000053644, 4072159.5493 ], [ 615261.38260000012815, 4071861.163499999791384 ], [ 615285.832600000314415, 4071797.410900000482798 ], [ 615254.469899999909103, 4071718.223099999129772 ], [ 615237.617200000211596, 4071865.624299999326468 ], [ 614050.221300000324845, 4072423.607599999755621 ], [ 615183.466000000014901, 4071807.04869999922812 ], [ 614681.721800000406802, 4072015.346899999305606 ], [ 614676.128100000321865, 4071289.42820000089705 ], [ 615135.450600000098348, 4070495.93610000051558 ], [ 615139.33530000038445, 4070188.379799999296665 ], [ 617057.661600000225008, 4067536.714099999517202 ], [ 618924.332899999804795, 4066012.612099999561906 ], [ 621337.286700000055134, 4064696.209000000730157 ], [ 623701.505099999718368, 4063949.070000000298023 ], [ 625976.162999999709427, 4063766.808000000193715 ], [ 628623.636699999682605, 4064466.568 ], [ 628898.925800000317395, 4064896.191800000146031 ], [ 629192.355100000277162, 4064829.639799999073148 ], [ 630431.303700000047684, 4065154.85950000025332 ], [ 630526.967899999581277, 4065357.26799999922514 ], [ 631128.468999999575317, 4065609.125800000503659 ], [ 631586.790400000289083, 4066263.366100000217557 ], [ 631888.123800000175834, 4066210.385600000619888 ], [ 632481.689600000157952, 4065537.335999999195337 ], [ 632508.828099999576807, 4065281.609400000423193 ], [ 632394.61710000038147, 4065469.92090000025928 ], [ 632158.363199999555945, 4065382.787699999287724 ], [ 632495.617200000211596, 4065119.035700000822544 ], [ 632687.934299999848008, 4065829.652599999681115 ], [ 632454.396800000220537, 4065965.764399999752641 ], [ 632588.622399999760091, 4065779.139799999073148 ], [ 632143.158300000242889, 4066139.008400000631809 ], [ 631777.947599999606609, 4066255.988199999555945 ], [ 632058.184999999590218, 4066514.642799999564886 ], [ 634991.590699999593198, 4067507.683299999684095 ], [ 637082.311999999918044, 4068563.6064 ], [ 637368.208899999968708, 4068992.629100000485778 ], [ 637420.025299999862909, 4069625.137399999424815 ], [ 638054.052199999801815, 4069790.351800000295043 ], [ 638357.003299999982119, 4070223.966199999675155 ], [ 638660.245199999772012, 4072637.279799999669194 ], [ 639306.0932, 4073103.280500000342727 ], [ 639459.544099999591708, 4074627.819399999454618 ], [ 639820.144700000062585, 4075700.424200000241399 ], [ 639573.918499999679625, 4076143.357100000604987 ], [ 639804.739299999549985, 4076209.308199999853969 ], [ 640000.290300000458956, 4076848.4178 ], [ 640026.043499999679625, 4077346.639499999582767 ], [ 639885.387699999846518, 4077595.75650000013411 ], [ 640107.916000000201166, 4077896.828199999406934 ], [ 639890.341099999845028, 4078013.821699999272823 ], [ 639899.607200000435114, 4078205.538799999281764 ], [ 640307.19539999961853, 4078370.352 ], [ 640331.406700000166893, 4078718.02419999986887 ], [ 640384.517599999904633, 4078475.496899999678135 ], [ 640545.281999999657273, 4078604.287900000810623 ], [ 640645.800800000317395, 4078481.423900000751019 ], [ 640819.061300000175834, 4078705.028699999675155 ], [ 641102.184200000017881, 4079268.940999999642372 ], [ 641043.63910000026226, 4079613.721200000494719 ], [ 641331.470300000160933, 4080475.469399999827147 ], [ 642471.027900000102818, 4080720.443 ], [ 642887.642400000244379, 4081224.635199999436736 ], [ 643676.569299999624491, 4081670.207599999383092 ], [ 643682.885599999688566, 4081979.308399999514222 ], [ 643462.075600000098348, 4082164.369799999520183 ], [ 643368.35219999961555, 4082533.1097999997437 ], [ 644222.954900000244379, 4082385.955800000578165 ], [ 644479.573599999770522, 4081963.131799999624491 ], [ 644700.17200000025332, 4081890.871799999848008 ], [ 645669.085900000296533, 4082180.623500000685453 ], [ 645921.917700000107288, 4082121.590600000694394 ], [ 646771.097599999979138, 4082573.903300000354648 ], [ 647118.0466, 4082403.581499999389052 ], [ 647717.992300000041723, 4082860.009099999442697 ], [ 648329.907200000248849, 4082697.0767 ], [ 648461.138399999588728, 4082486.8268 ], [ 648688.146800000220537, 4082597.277499999850988 ], [ 648764.413800000213087, 4082348.353800000622869 ], [ 649087.896599999628961, 4082204.372999999672174 ], [ 649503.216900000348687, 4082341.6381 ], [ 649827.912999999709427, 4082163.481000000610948 ], [ 650285.805900000035763, 4082359.635299999266863 ], [ 650795.923999999649823, 4082250.541999999433756 ], [ 652257.426199999637902, 4082737.038799999281764 ], [ 654196.32799999974668, 4083758.348899999633431 ], [ 657103.336099999956787, 4085784.1381 ], [ 659410.048999999649823, 4088224.395899999886751 ], [ 659380.709699999541044, 4088349.61769999936223 ], [ 659944.063900000415742, 4088660.185699999332428 ], [ 659960.113499999977648, 4088846.153599999845028 ], [ 660160.463899999856949, 4088803.039799999445677 ], [ 660216.682599999941885, 4089002.92 ], [ 660525.747800000011921, 4089039.478800000622869 ], [ 661934.119500000029802, 4089934.915400000289083 ], [ 662100.313099999912083, 4090361.025900000706315 ], [ 662555.974999999627471, 4090481.840399999171495 ], [ 662772.150299999862909, 4090832.375199999660254 ], [ 663008.955400000326335, 4090745.834799999371171 ], [ 663276.413800000213087, 4090936.134800000116229 ], [ 663714.463600000366569, 4091299.2061 ], [ 663824.983500000089407, 4091689.373400000855327 ], [ 664775.337100000120699, 4092156.35869999974966 ], [ 665320.832899999804795, 4092868.372400000691414 ], [ 665638.128800000064075, 4092874.918099999427795 ], [ 665644.977099999785423, 4093080.457299999892712 ], [ 665822.383799999952316, 4093080.107300000265241 ], [ 665949.406499999575317, 4093330.745200000703335 ], [ 666757.858799999579787, 4093539.958799999207258 ], [ 666724.0455, 4094029.807099999859929 ], [ 667280.758399999700487, 4094189.680099999532104 ], [ 667316.635599999688566, 4094561.993899999186397 ], [ 667570.765300000086427, 4094753.979100000113249 ], [ 667495.865799999795854, 4094875.901900000870228 ], [ 667697.678899999707937, 4094853.491100000217557 ], [ 667817.583499999716878, 4095038.534700000658631 ], [ 667720.013700000010431, 4095192.898 ], [ 668218.971800000406802, 4095207.643799999728799 ], [ 668100.344100000336766, 4095402.566700000315905 ], [ 668383.153500000014901, 4095455.697000000625849 ], [ 668302.605399999767542, 4095587.735600000247359 ], [ 668488.026700000278652, 4095471.022399999201298 ], [ 668257.217699999921024, 4095623.157800000160933 ], [ 668479.885800000280142, 4095818.685699999332428 ], [ 668353.006699999794364, 4096135.087099999189377 ], [ 668435.447800000198185, 4096345.988099999725819 ], [ 668796.135999999940395, 4096431.854499999433756 ], [ 669018.359199999831617, 4096843.1776 ], [ 668919.640399999916553, 4097051.38370000012219 ], [ 669076.086600000038743, 4097135.17339999973774 ], [ 668904.659300000406802, 4097296.8278 ], [ 669577.533900000154972, 4096866.494400000199676 ], [ 670003.092799999751151, 4096831.522399999201298 ], [ 670076.040199999697506, 4097048.203199999406934 ], [ 669940.77240000013262, 4097177.176200000569224 ], [ 670199.139700000174344, 4097404.222500000149012 ], [ 670300.878700000233948, 4098182.240499999374151 ], [ 669978.026300000026822, 4098473.400499999523163 ], [ 669801.169999999925494, 4098209.488500000908971 ], [ 669599.119900000281632, 4098250.462899999693036 ], [ 669616.566999999806285, 4098381.459799999371171 ], [ 669751.751899999566376, 4098235.729000000283122 ], [ 669834.305900000035763, 4098454.193600000813603 ], [ 669568.512600000016391, 4098512.041400000452995 ], [ 669520.744599999859929, 4098373.7116 ], [ 669506.229299999773502, 4098605.07179999910295 ], [ 669887.64879999961704, 4098512.786599999293685 ], [ 669960.879399999976158, 4098727.470100000500679 ], [ 669366.479399999603629, 4099234.199200000613928 ], [ 669543.42920000012964, 4099260.480499999597669 ], [ 669811.317800000309944, 4099762.046499999240041 ], [ 669668.534099999815226, 4100027.32799999974668 ], [ 669369.947599999606609, 4099995.2873 ], [ 669276.451200000010431, 4100260.790100000798702 ], [ 669391.070700000040233, 4100370.252399999648333 ], [ 669659.698599999770522, 4100268.212999999523163 ], [ 669810.841099999845028, 4100563.330199999734759 ], [ 669274.408499999903142, 4100977.196100000292063 ], [ 669702.51630000025034, 4101119.194299999624491 ], [ 669484.451899999752641, 4101344.770999999716878 ], [ 669582.733500000089407, 4101594.148199999704957 ], [ 669698.24129999987781, 4101641.542500000447035 ], [ 670132.733900000341237, 4101249.529899999499321 ], [ 670700.652099999599159, 4101474.920800000429153 ], [ 671048.787999999709427, 4101274.427300000563264 ], [ 671224.208599999547005, 4101626.817900000140071 ], [ 671621.802699999883771, 4101800.871200000867248 ], [ 671749.445600000210106, 4101717.412699999287724 ], [ 671795.153400000184774, 4101898.7654 ], [ 672024.568500000052154, 4101847.673100000247359 ], [ 672042.72759999986738, 4101977.847699999809265 ], [ 672312.724600000306964, 4101704.212600000202656 ], [ 672673.317400000058115, 4101950.087799999862909 ], [ 672970.847000000067055, 4101879.954700000584126 ], [ 673026.827899999916553, 4102069.055700000375509 ], [ 673693.953300000168383, 4102173.644099999219179 ], [ 674043.275399999693036, 4101973.8893 ], [ 674333.366799999959767, 4102025.001800000667572 ], [ 674406.489799999631941, 4102296.496600000187755 ], [ 674671.963899999856949, 4102137.76490000076592 ], [ 674836.785299999639392, 4101788.308299999684095 ], [ 675081.422899999655783, 4101951.477700000628829 ], [ 675148.328599999658763, 4101772.151799999177456 ], [ 675527.059000000357628, 4101756.716399999335408 ], [ 675732.284900000318885, 4102063.647399999201298 ], [ 676271.627199999988079, 4102240.259600000455976 ], [ 676548.038399999961257, 4102671.794700000435114 ], [ 677160.188699999824166, 4102661.678099999204278 ], [ 677231.756799999624491, 4102959.918500000610948 ], [ 677868.692800000309944, 4103076.235999999567866 ], [ 677946.933500000275671, 4103277.595300000160933 ], [ 678175.239299999549985, 4103168.529899999499321 ], [ 678183.57880000025034, 4103375.9847 ], [ 679219.105399999767542, 4103705.884800000116229 ], [ 679819.409199999645352, 4104395.601199999451637 ], [ 680263.173799999989569, 4104529.566400000825524 ], [ 680600.024600000120699, 4104878.346999999135733 ], [ 680948.46750000026077, 4104904.499199999496341 ], [ 681192.90749999973923, 4105148.798100000247359 ], [ 680877.235299999825656, 4105715.530999999493361 ], [ 680818.571600000374019, 4106174.858999999240041 ] ] ], [ [ [ 666427.177199999801815, 4108018.480900000780821 ], [ 666675.589800000190735, 4107896.0142 ], [ 666791.5773, 4107747.997600000351667 ], [ 666283.02379999961704, 4107846.083799999207258 ], [ 666427.177199999801815, 4108018.480900000780821 ] ] ], [ [ [ 660318.666400000452995, 4111838.47550000064075 ], [ 660533.870500000193715, 4111565.923900000751019 ], [ 660481.261599999852479, 4111280.832100000232458 ], [ 660756.433899999596179, 4110811.380200000479817 ], [ 660999.597900000400841, 4110677.129300000146031 ], [ 661150.725300000049174, 4110069.317099999636412 ], [ 661372.39670000039041, 4109836.2215 ], [ 661540.722900000400841, 4109964.652699999511242 ], [ 661563.193199999630451, 4109931.617599999532104 ], [ 661625.43030000012368, 4109140.4945 ], [ 661320.740799999795854, 4108993.941999999806285 ], [ 660680.616399999707937, 4109156.705900000408292 ], [ 660209.947599999606609, 4108892.863500000908971 ], [ 659973.319500000216067, 4109036.990399999544024 ], [ 659567.247200000099838, 4108800.559299999848008 ], [ 659275.511199999600649, 4108836.179199999198318 ], [ 659039.864699999801815, 4109132.746200000867248 ], [ 659271.151300000026822, 4109362.059299999848008 ], [ 658876.890999999828637, 4109909.636600000783801 ], [ 660087.175499999895692, 4111051.464099999517202 ], [ 660215.86849999986589, 4111353.957000000402331 ], [ 660052.798700000159442, 4111544.3015 ], [ 660318.666400000452995, 4111838.47550000064075 ] ] ] ] } },
{ "type": "Feature", "properties": { "CODE": 5, "LIB_FR": "Medjerdah" }, "geometry": { "type": "Polygon", "coordinates": [ [ [ 600596.445600000210106, 4115302.692600000649691 ], [ 603509.876600000075996, 4115456.486999999731779 ], [ 604509.640999999828637, 4114977.254499999806285 ], [ 608222.810899999924004, 4114612.128699999302626 ], [ 610356.415199999697506, 4114643.878799999132752 ], [ 613536.58559999987483, 4115291.177699999883771 ], [ 613677.623499999754131, 4114863.808299999684095 ], [ 612811.741899999789894, 4114822.524800000712276 ], [ 611446.528300000354648, 4114299.590900000184774 ], [ 609994.229700000025332, 4112357.319499999284744 ], [ 609276.636699999682605, 4111963.926799999549985 ], [ 609342.19440000038594, 4111771.273299999535084 ], [ 609174.75899999961257, 4112174.352399999275804 ], [ 609326.378200000151992, 4112303.45240000076592 ], [ 609216.767599999904633, 4112436.54619999974966 ], [ 609042.357599999755621, 4112359.931700000539422 ], [ 609198.5318, 4111972.89130000025034 ], [ 608766.251699999906123, 4112179.738199999555945 ], [ 608887.678199999965727, 4112410.221400000154972 ], [ 608371.587600000202656, 4112242.8169 ], [ 608539.525399999693036, 4113498.21000000089407 ], [ 608442.636599999852479, 4113811.5801 ], [ 608199.549899999983609, 4113917.145199999213219 ], [ 606683.435300000011921, 4114021.902300000190735 ], [ 606019.409099999815226, 4113708.325200000777841 ], [ 605841.699300000444055, 4113771.192399999126792 ], [ 605978.654099999926984, 4113687.629699999466538 ], [ 605861.350499999709427, 4113644.0153 ], [ 602471.716500000096858, 4113512.180800000205636 ], [ 602064.98369999974966, 4113142.091499999165535 ], [ 601188.009100000374019, 4111529.107200000435114 ], [ 600972.49309999961406, 4111381.883199999108911 ], [ 600976.331799999810755, 4111005.399299999698997 ], [ 600781.602900000289083, 4111044.360999999567866 ], [ 600806.448699999600649, 4110705.002699999138713 ], [ 601015.908400000073016, 4110763.960999999195337 ], [ 601118.426900000311434, 4110573.603199999779463 ], [ 600799.984299999661744, 4110191.09940000064671 ], [ 601130.212799999862909, 4110336.7094 ], [ 601377.859899999573827, 4110176.772099999710917 ], [ 601685.969899999909103, 4109348.053600000217557 ], [ 602535.266699999570847, 4109212.457399999722838 ], [ 602819.165900000371039, 4108913.755300000309944 ], [ 603421.674100000411272, 4108986.597899999469519 ], [ 604212.989500000141561, 4108821.0482 ], [ 604349.035299999639392, 4108664.305400000885129 ], [ 603956.175300000235438, 4108621.389399999752641 ], [ 604037.88150000013411, 4108353.237500000745058 ], [ 604666.646800000220537, 4108031.781400000676513 ], [ 605458.630099999718368, 4107324.651100000366569 ], [ 607850.558699999935925, 4107531.255000000819564 ], [ 607636.170300000347197, 4108872.862199999392033 ], [ 607450.242899999953806, 4109217.968499999493361 ], [ 607332.876000000163913, 4110582.0417 ], [ 607475.793300000019372, 4111020.841700000688434 ], [ 607334.792500000447035, 4111385.3487 ], [ 607760.213000000454485, 4111803.034900000318885 ], [ 608062.316800000146031, 4111817.221100000664592 ], [ 608125.762099999934435, 4111936.731200000271201 ], [ 607910.973299999721348, 4111960.399000000208616 ], [ 608130.767699999734759, 4111970.668999999761581 ], [ 608058.678600000217557, 4112129.0449 ], [ 608270.845900000073016, 4112224.464299999177456 ], [ 608256.17090000025928, 4112014.77309999987483 ], [ 607578.928299999795854, 4111163.469900000840425 ], [ 607454.900200000032783, 4110569.988199999555945 ], [ 607975.092199999839067, 4107433.172700000926852 ], [ 607151.940000000409782, 4106097.105200000107288 ], [ 607864.430200000293553, 4107413.307499999180436 ], [ 607399.473199999891222, 4107151.883899999782443 ], [ 607435.243200000375509, 4106925.996899999678135 ], [ 606947.736999999731779, 4106957.817600000649691 ], [ 606683.341799999587238, 4106814.224300000816584 ], [ 605917.656000000424683, 4105943.036100000143051 ], [ 605258.758399999700487, 4105674.130899999290705 ], [ 604840.643600000068545, 4104610.546399999409914 ], [ 605636.003899999894202, 4105128.490599999204278 ], [ 606700.994300000369549, 4106219.649900000542402 ], [ 606923.372600000351667, 4106360.794299999251962 ], [ 606802.142599999904633, 4106167.799599999561906 ], [ 607028.563500000163913, 4106225.488199999555945 ], [ 606021.887699999846518, 4105404.421700000762939 ], [ 605965.860000000335276, 4105274.45299999974668 ], [ 606267.441300000064075, 4104975.86119999922812 ], [ 605960.683799999766052, 4105258.693199999630451 ], [ 605365.36780000012368, 4104504.950799999758601 ], [ 604910.426699999719858, 4103619.09940000064671 ], [ 604830.966599999926984, 4103116.167999999597669 ], [ 605022.091699999757111, 4103203.786499999463558 ], [ 605016.481999999843538, 4103419.707100000232458 ], [ 605584.741399999707937, 4103702.1381 ], [ 605186.721400000154972, 4103605.131300000473857 ], [ 605278.779000000096858, 4103792.755400000140071 ], [ 606288.990899999625981, 4104385.031600000336766 ], [ 606506.298799999989569, 4104698.623199999332428 ], [ 606048.846300000324845, 4103918.873500000685453 ], [ 604791.428999999538064, 4102764.036299999803305 ], [ 604648.25800000037998, 4102307.449899999424815 ], [ 604695.4527000002563, 4100405.578400000929832 ], [ 604954.591699999757111, 4099020.212400000542402 ], [ 605980.923799999989569, 4096549.074500000104308 ], [ 606827.206199999898672, 4093888.0592 ], [ 607620.616799999959767, 4092495.741399999707937 ], [ 605887.268000000156462, 4090939.887700000777841 ], [ 604791.585099999792874, 4089593.809000000357628 ], [ 604288.87569999974221, 4088138.597699999809265 ], [ 604277.212600000202656, 4087441.7434 ], [ 604023.568300000391901, 4086930.611700000241399 ], [ 603726.828900000080466, 4086756.068199999630451 ], [ 603346.957200000062585, 4085729.826199999079108 ], [ 602807.206100000068545, 4085348.825500000268221 ], [ 602489.705400000326335, 4084475.698699999600649 ], [ 602172.204800000414252, 4084110.573000000789762 ], [ 602061.079599999822676, 4082904.070599999278784 ], [ 602489.705400000326335, 4082396.069599999114871 ], [ 602188.079800000414252, 4081443.567700000479817 ], [ 600838.702100000344217, 4081364.192500000819564 ], [ 600187.825799999758601, 4080856.191500000655651 ], [ 599521.074500000104308, 4080586.315899999812245 ], [ 598926.308199999853969, 4080542.796499999240041 ], [ 598028.82149999961257, 4080760.941299999132752 ], [ 597195.083499999716878, 4081232.551300000399351 ], [ 596755.291199999861419, 4081181.80599999986589 ], [ 595885.692200000397861, 4080776.816299999132752 ], [ 595647.566800000146031, 4080221.190199999138713 ], [ 595234.815899999812245, 4079871.939500000327826 ], [ 595361.816200000233948, 4079427.4386 ], [ 594869.690200000070035, 4078427.311599999666214 ], [ 594920.307599999941885, 4076979.282299999147654 ], [ 594417.898900000378489, 4074170.318600000813603 ], [ 594200.103000000119209, 4073776.610600000247359 ], [ 593622.618300000205636, 4073286.62360000051558 ], [ 593199.284099999815226, 4072334.1217 ], [ 593855.452100000344217, 4070661.9517 ], [ 593897.785500000230968, 4069645.9496 ], [ 594680.953700000420213, 4068651.114299999549985 ], [ 595358.288399999961257, 4066915.444199999794364 ], [ 596226.123499999754131, 4066343.943 ], [ 596755.291199999861419, 4065560.774800000712276 ], [ 597178.62540000025183, 4063581.6875 ], [ 597178.62540000025183, 4063073.686499999836087 ], [ 596882.291500000283122, 4062756.185799999162555 ], [ 596310.790300000458956, 4062396.351800000295043 ], [ 595188.954699999652803, 4062205.851399999111891 ], [ 594469.286600000225008, 4061697.850400000810623 ], [ 594151.786000000312924, 4060893.5154 ], [ 594384.619800000451505, 4060046.847100000828505 ], [ 594913.787499999627471, 4059708.179700000211596 ], [ 594998.454400000162423, 4059433.012499999254942 ], [ 594977.28760000038892, 4058353.51039999909699 ], [ 595188.954699999652803, 4058014.843000000342727 ], [ 595852.346199999563396, 4054494.761800000444055 ], [ 595400.621799999848008, 4050578.978199999779463 ], [ 594342.286399999633431, 4049012.641699999570847 ], [ 592902.950199999846518, 4047657.972300000488758 ], [ 590659.279000000096858, 4046747.80379999987781 ], [ 589335.242899999953806, 4045359.010099999606609 ], [ 588442.27240000013262, 4044664.477399999275804 ], [ 588173.759999999776483, 4043817.210999999195337 ], [ 587708.092400000430644, 4043425.626800000667572 ], [ 586454.439199999906123, 4043541.364199999719858 ], [ 583391.452600000426173, 4043336.794399999082088 ], [ 581989.994199999608099, 4042941.879300000146031 ], [ 581189.873700000345707, 4044019.025100000202656 ], [ 580354.439799999818206, 4047163.03319999948144 ], [ 578884.700400000438094, 4047605.325400000438094 ], [ 577514.109699999913573, 4047704.857699999585748 ], [ 575349.655799999833107, 4047041.933700000867248 ], [ 574767.571299999952316, 4046713.849700000137091 ], [ 575116.821999999694526, 4046174.098600000143051 ], [ 574587.654299999587238, 4045126.3465 ], [ 574788.737999999895692, 4044597.17879999987781 ], [ 574672.321100000292063, 4043962.177500000223517 ], [ 574979.238400000147521, 4043316.5929000005126 ], [ 574905.154900000430644, 4042850.925300000235438 ], [ 574069.069899999536574, 4041951.340199999511242 ], [ 573599.637699999846518, 4040911.353700000792742 ], [ 572955.701000000350177, 4040442.153799999505281 ], [ 571484.614799999631941, 4039785.9858 ], [ 571040.113900000229478, 4038960.484200000762939 ], [ 569632.527700000442564, 4038717.066999999806285 ], [ 569389.663599999621511, 4038515.6261 ], [ 569209.193500000052154, 4038011.157299999147654 ], [ 568457.775399999693036, 4037587.823100000619888 ], [ 568256.691599999554455, 4037005.738600000739098 ], [ 567632.273699999786913, 4036550.654400000348687 ], [ 566034.187199999578297, 4036233.153699999675155 ], [ 564566.332600000314415, 4033404.542700000107288 ], [ 564398.615199999883771, 4031502.935499999672174 ], [ 563782.399400000460446, 4030232.668299999088049 ], [ 563389.492300000041723, 4030153.293199999257922 ], [ 563294.24210000038147, 4030316.012199999764562 ], [ 562861.647499999962747, 4030374.386099999770522 ], [ 562451.542500000447035, 4030076.7292 ], [ 561585.030399999581277, 4029792.301599999889731 ], [ 561267.529699999839067, 4029454.957100000232458 ], [ 560936.799899999983609, 4029402.040400000289083 ], [ 560513.465699999593198, 4029660.009600000455976 ], [ 560182.73589999973774, 4029626.936699999496341 ], [ 558621.691100000403821, 4028747.195299999788404 ], [ 558085.908800000324845, 4028654.591 ], [ 557006.585799999535084, 4029650.307199999690056 ], [ 556276.334300000220537, 4029787.890799999237061 ], [ 556054.083899999968708, 4030137.1415 ], [ 555524.916199999861419, 4030063.0581 ], [ 555101.582000000402331, 4030634.5592 ], [ 554776.405299999751151, 4030742.951400000602007 ], [ 553443.634600000455976, 4030906.5472 ], [ 552868.494199999608099, 4031227.227099999785423 ], [ 552169.99280000012368, 4030825.059599999338388 ], [ 550847.073499999940395, 4031057.893400000408292 ], [ 550974.073699999600649, 4030687.475999999791384 ], [ 551937.158999999985099, 4029936.057800000533462 ], [ 552599.391900000162423, 4029151.033700000494719 ], [ 552286.409699999727309, 4028263.887800000607967 ], [ 551925.274500000290573, 4028054.892699999734759 ], [ 551755.23369999974966, 4027021.011600000783801 ], [ 552167.98450000025332, 4026392.360300000756979 ], [ 554902.231700000353158, 4024878.799799999222159 ], [ 555112.165300000458956, 4024263.379799999296665 ], [ 554498.439100000075996, 4022842.703199999406934 ], [ 554549.239199999719858, 4021864.801300000399351 ], [ 554238.088600000366569, 4021293.300100000575185 ], [ 553810.412700000219047, 4020908.456399999558926 ], [ 553310.986800000071526, 4019921.6974 ], [ 551518.364900000393391, 4018176.812300000339746 ], [ 551344.491100000217557, 4017913.36710000038147 ], [ 551386.824599999934435, 4017278.365800000727177 ], [ 550751.823300000280142, 4016643.36460000090301 ], [ 551101.182300000451505, 4016124.389799999073148 ], [ 551598.49170000012964, 4015775.529500000178814 ], [ 551841.908800000324845, 4014452.610200000926852 ], [ 552053.575899999588728, 4014135.10950000025332 ], [ 551534.991499999538064, 4013457.774900000542402 ], [ 551767.845499999821186, 4012695.603399999439716 ], [ 551693.741799999959767, 4011791.954900000244379 ], [ 552053.596099999733269, 4011250.97550000064075 ], [ 552889.660899999551475, 4010924.119799999520183 ], [ 554587.554800000041723, 4008113.07120000012219 ], [ 555828.766800000332296, 4006915.438200000673532 ], [ 556455.192999999970198, 4006539.436000000685453 ], [ 556539.859899999573827, 4006253.685399999842048 ], [ 556317.609400000423193, 4005830.351299999281764 ], [ 554719.522900000214577, 4004412.181800000369549 ], [ 554052.771599999628961, 4004391.015100000426173 ], [ 553650.604100000113249, 4003988.8476 ], [ 552200.684500000439584, 4003766.597100000828505 ], [ 551756.183600000105798, 4003480.846599999815226 ], [ 550920.098600000143051, 4003703.096999999135733 ], [ 550443.847699999809265, 4003258.596100000664592 ], [ 549957.013399999588728, 4003131.595899999141693 ], [ 549396.095599999651313, 4003311.512900000438094 ], [ 548612.927400000393391, 4004031.18099999986589 ], [ 547723.925599999725819, 4003332.67960000038147 ], [ 546930.173999999649823, 4003046.928999999538064 ], [ 546845.507100000046194, 4002729.428400000557303 ], [ 547004.257500000298023, 4002105.010500000789762 ], [ 546877.25719999987632, 4001851.009999999776483 ], [ 546030.588899999856949, 4001681.676300000399351 ], [ 545757.850499999709427, 4001474.867000000551343 ], [ 546033.100499999709427, 4000796.9364 ], [ 545914.17200000025332, 3999903.672700000926852 ], [ 545065.642400000244379, 3999513.650100000202656 ], [ 544288.169900000095367, 3998716.86629999987781 ], [ 543935.084699999541044, 3998041.002399999648333 ], [ 544092.377899999730289, 3997039.4046 ], [ 545120.420400000177324, 3995490.413899999111891 ], [ 545416.754300000146031, 3994696.6623 ], [ 545974.364099999889731, 3994274.982100000604987 ], [ 547882.675900000147521, 3993648.910199999809265 ], [ 548644.677400000393391, 3992960.992200000211596 ], [ 550393.047600000165403, 3989453.668500000610948 ], [ 551083.388600000180304, 3989089.720000000670552 ], [ 551779.467000000178814, 3988300.082900000736117 ], [ 552371.206899999640882, 3988467.477 ], [ 552250.435200000181794, 3988059.226199999451637 ], [ 552766.373700000345707, 3987948.1009 ], [ 553246.593399999663234, 3987440.099899999797344 ], [ 554072.149100000038743, 3987099.076899999752641 ], [ 554439.701299999840558, 3986595.195499999448657 ], [ 554605.066200000233948, 3985880.81900000013411 ], [ 554558.764000000432134, 3985444.255699999630451 ], [ 554128.815200000070035, 3985530.245400000363588 ], [ 553877.46059999987483, 3985417.7972999997437 ], [ 553513.657800000160933, 3984670.347899999469519 ], [ 553390.808299999684095, 3983997.00620000064373 ], [ 553010.948400000110269, 3983691.387599999085069 ], [ 552825.739699999801815, 3983228.365800000727177 ], [ 551926.1546, 3983003.469499999657273 ], [ 551760.78969999961555, 3982818.260800000280142 ], [ 551729.436499999836087, 3981562.942600000649691 ], [ 552897.82010000012815, 3980255.287200000137091 ], [ 553044.021399999968708, 3979636.63990000076592 ], [ 551342.066999999806285, 3977736.448899999260902 ], [ 547811.875500000081956, 3975165.17259999923408 ], [ 546978.4364, 3973994.389000000432134 ], [ 546389.737300000153482, 3973518.1381 ], [ 546045.231599999591708, 3972769.423800000920892 ], [ 544008.482499999925494, 3972181.98960000090301 ], [ 543313.949900000356138, 3971487.456900000572205 ], [ 542515.325799999758601, 3971463.00650000013411 ], [ 540621.809100000187755, 3970673.861500000581145 ], [ 539054.149699999950826, 3971454.383899999782443 ], [ 538472.065200000070035, 3971540.373700000345707 ], [ 536637.746899999678135, 3970774.771099999547005 ], [ 536349.474100000225008, 3969908.068199999630451 ], [ 536410.267199999652803, 3969140.073999999091029 ], [ 535865.914099999703467, 3968623.3366 ], [ 535786.455900000408292, 3968282.006899999454618 ], [ 535912.216300000436604, 3967531.92820000089705 ], [ 536170.185600000433624, 3967287.188100000843406 ], [ 533489.149100000038743, 3965139.659199999645352 ], [ 533268.75, 3965101.999800000339746 ], [ 532661.795300000347197, 3965495.789100000634789 ], [ 531163.94400000013411, 3965783.349500000476837 ], [ 530492.215900000184774, 3966236.790200000628829 ], [ 529968.339800000190735, 3966252.665200000628829 ], [ 528793.587500000372529, 3965585.913899999111891 ], [ 528031.58600000012666, 3965363.6634 ], [ 527327.784699999727309, 3963916.223400000482798 ], [ 527010.283999999985099, 3963860.660800000652671 ], [ 526041.907100000418723, 3964368.661800000816584 ], [ 524638.751600000075996, 3964089.838700000196695 ], [ 524427.95380000025034, 3963839.660399999469519 ], [ 524507.328900000080466, 3963315.784299999475479 ], [ 524377.871899999678135, 3963085.478399999439716 ], [ 523742.870600000023842, 3962635.685799999162555 ], [ 522853.268500000238419, 3962390.278400000184774 ], [ 521030.696999999694526, 3962887.158500000834465 ], [ 520411.570700000040233, 3962839.533399999141693 ], [ 519474.943900000303984, 3962458.532600000500679 ], [ 519220.943300000391901, 3961982.281700000166893 ], [ 518320.439799999818206, 3961725.572100000455976 ], [ 517869.108799999579787, 3960889.432299999520183 ], [ 516749.699199999682605, 3960112.9836 ], [ 516252.312400000169873, 3959982.027699999511242 ], [ 514786.706799999810755, 3960796.82799999974668 ], [ 513371.183199999853969, 3960796.82799999974668 ], [ 512235.929399999789894, 3961283.780300000682473 ], [ 511950.17879999987781, 3961521.9057 ], [ 511299.302500000223517, 3963315.784299999475479 ], [ 510457.925800000317395, 3964061.910800000652671 ], [ 508997.422899999655783, 3964728.662100000306964 ], [ 508314.796500000171363, 3965363.6634 ], [ 507790.9205, 3965395.413499999791384 ], [ 507584.545099999755621, 3966014.53969999961555 ], [ 507600.420099999755621, 3966538.41579999960959 ], [ 507203.544300000183284, 3966887.666500000283122 ], [ 506743.168399999849498, 3967713.168099999427795 ], [ 503347.534400000236928, 3969410.840800000354648 ], [ 502596.116200000047684, 3969241.507099999114871 ], [ 501781.197900000028312, 3969686.007999999448657 ], [ 499951.489699999801815, 3970296.270600000396371 ], [ 497315.022300000302494, 3970479.759600000455976 ], [ 496383.68709999974817, 3969527.2577 ], [ 495822.769299999810755, 3967833.921 ], [ 494933.767500000074506, 3966574.501800000667572 ], [ 495293.601599999703467, 3965621.999900000169873 ], [ 494785.600599999539554, 3964997.582000000402331 ], [ 493886.01549999974668, 3964986.99860000051558 ], [ 493759.0152000002563, 3965621.999900000169873 ], [ 489049.422399999573827, 3967590.503799999132752 ], [ 488488.504700000397861, 3967685.754000000655651 ], [ 488118.087299999780953, 3967400.003399999812245 ], [ 487663.002999999560416, 3967537.587099999189377 ], [ 486953.918300000019372, 3966024.167400000616908 ], [ 487779.139200000092387, 3964792.293500000610948 ], [ 487985.078099999576807, 3963688.476399999111891 ], [ 487360.384600000455976, 3963341.948300000280142 ], [ 484011.745699999853969, 3963441.8289 ], [ 483397.911100000143051, 3963346.578700000420213 ], [ 483016.910400000400841, 3963113.744899999350309 ], [ 482191.408699999563396, 3962436.410199999809265 ], [ 481505.418300000019372, 3961445.763699999079108 ], [ 481408.240500000305474, 3959102.6535 ], [ 481503.490699999965727, 3958827.486300000920892 ], [ 482030.646099999547005, 3958585.410700000822544 ], [ 482127.908599999733269, 3958171.318299999460578 ], [ 482571.416699999943376, 3957878.291600000113249 ], [ 483174.76549999974668, 3957053.201500000432134 ], [ 483859.560800000093877, 3955701.557700000703335 ], [ 484170.496000000275671, 3951905.972500000149012 ], [ 485355.831699999980628, 3951345.054700000211596 ], [ 486901.001500000245869, 3951546.138399999588728 ], [ 487737.086500000208616, 3950964.053899999707937 ], [ 488012.253700000233948, 3950921.720499999821186 ], [ 488287.42090000025928, 3951249.804500000551343 ], [ 488541.421400000341237, 3950974.637299999594688 ], [ 488682.642500000074506, 3950404.535499999299645 ], [ 488107.503899999894202, 3947852.547700000926852 ], [ 488329.754300000146031, 3945968.71059999987483 ], [ 488847.805700000375509, 3945208.308000000193715 ], [ 488746.142599999904633, 3944641.899000000208616 ], [ 488848.338700000196695, 3943640.372600000351667 ], [ 489793.894700000062585, 3942689.269999999552965 ], [ 490441.133600000292063, 3941319.972100000828505 ], [ 491049.676400000229478, 3940973.3673 ], [ 491781.634999999776483, 3940096.8509 ], [ 492287.928899999707937, 3938793.19620000012219 ], [ 492224.42879999987781, 3937819.527599999681115 ], [ 491727.011099999770522, 3936814.108899999409914 ], [ 492097.42850000038743, 3936020.3574 ], [ 491854.564199999906123, 3935559.620300000533462 ], [ 491197.843399999663234, 3935216.022399999201298 ], [ 490435.841900000348687, 3935141.93889999948442 ], [ 489493.923299999907613, 3934760.938200000673532 ], [ 487523.7652000002563, 3934481.878599999472499 ], [ 487004.825100000016391, 3934249.721200000494719 ], [ 487271.418899999931455, 3932665.434000000357628 ], [ 486985.668300000019372, 3932019.84940000064671 ], [ 485587.011300000362098, 3932148.248999999836087 ], [ 483126.381400000303984, 3931386.247400000691414 ], [ 481888.128899999894202, 3931179.871999999508262 ], [ 480888.001899999566376, 3931132.246899999678135 ], [ 479915.987499999813735, 3931363.681399999186397 ], [ 477439.027900000102818, 3930601.018300000578165 ], [ 474105.725899999961257, 3931046.180700000375509 ], [ 473661.224999999627471, 3931490.681600000709295 ], [ 472899.223500000312924, 3931723.5154 ], [ 472442.485000000335276, 3931592.622899999842048 ], [ 470807.356700000353158, 3930481.3706 ], [ 468856.382100000046194, 3930051.3454 ], [ 468346.726800000295043, 3928846.24239999987185 ], [ 468251.476599999703467, 3927909.615499999374151 ], [ 468560.048100000247359, 3926167.254300000146031 ], [ 468496.548000000417233, 3925733.336799999698997 ], [ 468210.797399999573827, 3925130.08559999987483 ], [ 467671.046400000341237, 3924897.251800000667572 ], [ 467173.628700000233948, 3925172.418999999761581 ], [ 467173.628700000233948, 3925955.587200000882149 ], [ 466495.480800000019372, 3926052.218399999663234 ], [ 465759.096599999815226, 3926845.988399999216199 ], [ 462155.464399999938905, 3928592.241900000721216 ], [ 461210.106300000101328, 3928714.479599999263883 ], [ 459765.280500000342727, 3928347.425300000235438 ], [ 460067.104000000283122, 3927976.2906 ], [ 460040.447800000198185, 3926410.671499999240041 ], [ 459509.957100000232458, 3924381.18099999986589 ], [ 458615.788200000301003, 3925438.407999999821186 ], [ 458266.537499999627471, 3925622.558299999684095 ], [ 457670.305499999783933, 3925577.893799999728799 ], [ 457543.30530000012368, 3926054.1447 ], [ 456971.134899999946356, 3926086.109200000762939 ], [ 456345.104199999943376, 3925839.600299999117851 ], [ 455376.72719999961555, 3925006.161100000143051 ], [ 454884.601300000213087, 3924791.848200000822544 ], [ 453400.285799999721348, 3926212.663499999791384 ], [ 452811.876600000075996, 3926492.510099999606609 ], [ 452253.075500000268221, 3926511.560100000351667 ], [ 451573.624099999666214, 3926371.8597999997437 ], [ 450938.622899999842048, 3926016.259099999442697 ], [ 449733.484199999831617, 3925785.25029999949038 ], [ 449548.275500000454485, 3925705.875199999660254 ], [ 449528.431699999608099, 3925196.551200000569224 ], [ 448449.967299999669194, 3925104.954299999400973 ], [ 446571.707000000402331, 3924298.068499999120831 ], [ 444746.0784, 3924284.839400000870228 ], [ 443978.785199999809265, 3924509.735600000247359 ], [ 443925.868400000035763, 3924642.027599999681115 ], [ 444260.531499999575317, 3925610.496500000357628 ], [ 444159.750799999572337, 3926641.996500000357628 ], [ 443201.220900000073016, 3927558.989900000393391 ], [ 442579.334300000220537, 3929113.142100000753999 ], [ 441976.083100000396371, 3929287.767400000244379 ], [ 441492.770800000056624, 3928111.681700000539422 ], [ 441554.815100000239909, 3927158.394999999552965 ], [ 441388.706899999640882, 3926668.387199999764562 ], [ 439944.078999999910593, 3925604.759999999776483 ], [ 439753.578700000420213, 3925604.759999999776483 ], [ 439547.203200000338256, 3925922.260700000450015 ], [ 439229.702600000426173, 3926065.136 ], [ 438991.577100000344217, 3926017.510900000110269 ], [ 438805.0455, 3925265.828099999576807 ], [ 438344.669599999673665, 3924734.014599999412894 ], [ 439320.984000000171363, 3923932.325500000268221 ], [ 440099.29079999960959, 3922663.376900000497699 ], [ 439399.937699999660254, 3920731.740599999204278 ], [ 438662.7818, 3920669.46680000051856 ], [ 438314.573800000362098, 3920420.401699999347329 ], [ 437857.83530000038445, 3920798.329600000753999 ], [ 437392.779299999587238, 3920817.6338 ], [ 437181.112200000323355, 3920669.46680000051856 ], [ 436863.611600000411272, 3920034.465500000864267 ], [ 436270.943699999712408, 3919399.464299999177456 ], [ 436800.111399999819696, 3918023.628200000151992 ], [ 436863.611600000411272, 3917155.793099999427795 ], [ 436630.777800000272691, 3916753.625600000843406 ], [ 435974.6097999997437, 3916605.458699999377131 ], [ 435699.442599999718368, 3916266.791300000622869 ], [ 435750.012600000016391, 3915540.922800000756979 ], [ 436376.777300000190735, 3914192.4539 ], [ 437011.778500000014901, 3912160.449799999594688 ], [ 437244.612300000153482, 3911080.947599999606609 ], [ 437181.237200000323355, 3910494.748199999332428 ], [ 437448.303000000305474, 3909937.031099999323487 ], [ 437466.22580000013113, 3909472.142200000584126 ], [ 437935.618700000457466, 3908741.2303 ], [ 437516.517900000326335, 3907467.163699999451637 ], [ 438367.275999999605119, 3906264.19400000013411 ], [ 438527.311300000175834, 3905776.193399999290705 ], [ 437942.528599999845028, 3905305.1579 ], [ 437815.528400000184774, 3904813.031899999827147 ], [ 437228.152200000360608, 3904987.657299999147654 ], [ 436667.763600000180304, 3905708.38370000012219 ], [ 436270.887799999676645, 3905740.1338 ], [ 435699.386699999682605, 3905438.508199999108911 ], [ 435254.885800000280142, 3905438.508199999108911 ], [ 434969.135200000368059, 3905787.758899999782443 ], [ 434731.009700000286102, 3905486.133300000801682 ], [ 434127.758500000461936, 3905533.758400000631809 ], [ 432714.880699999630451, 3906724.385700000450015 ], [ 431889.378999999724329, 3907708.637700000777841 ], [ 431492.503200000151992, 3907930.8882 ], [ 431206.752700000070035, 3908819.88990000076592 ], [ 430809.876899999566376, 3909042.1404 ], [ 429301.7489, 3908772.264799999073148 ], [ 428100.00899999961257, 3908931.0152000002563 ], [ 428052.383899999782443, 3908550.014399999752641 ], [ 427703.133200000040233, 3908057.888399999588728 ], [ 427385.632500000298023, 3907867.388000000268221 ], [ 426480.755699999630451, 3907867.388000000268221 ], [ 426099.754999999888241, 3908057.888399999588728 ], [ 425798.129399999976158, 3908613.514499999582767 ], [ 422813.623399999924004, 3909708.891699999570847 ], [ 422591.372899999842048, 3910185.142699999734759 ], [ 422099.247000000439584, 3910391.518100000917912 ], [ 421829.371399999596179, 3910693.143699999898672 ], [ 421543.620799999684095, 3911566.270400000736117 ], [ 421210.245199999772012, 3911598.020500000566244 ], [ 420892.744500000029802, 3910947.144200000911951 ], [ 419971.992700000293553, 3910518.518300000578165 ], [ 417431.987599999643862, 3909867.642000000923872 ], [ 416570.503899999894202, 3909974.571000000461936 ], [ 416019.033200000412762, 3909805.753499999642372 ], [ 415336.4068, 3909281.877399999648333 ], [ 414114.029400000348687, 3909361.252599999308586 ], [ 412550.535600000061095, 3909849.562100000679493 ], [ 411412.825000000186265, 3910828.522399999201298 ], [ 411386.366600000299513, 3911463.523700000718236 ], [ 409322.612499999813735, 3913738.944900000467896 ], [ 408952.19510000012815, 3914003.528799999505281 ], [ 408370.110600000247359, 3914082.903899999335408 ], [ 407946.776399999856949, 3914903.113900000229478 ], [ 407153.024799999780953, 3915141.239399999380112 ], [ 406941.357699999585748, 3915485.198400000110269 ], [ 406861.982599999755621, 3916913.95130000077188 ], [ 406544.481900000013411, 3917760.619599999859929 ], [ 405486.146499999798834, 3919030.622199999168515 ], [ 404546.873800000175834, 3919702.665200000628829 ], [ 404202.914800000376999, 3919782.040300000458956 ], [ 403567.913499999791384, 3919543.914899999275804 ], [ 402456.661299999803305, 3918803.08 ], [ 402192.077399999834597, 3918353.287499999627471 ], [ 402139.160600000061095, 3917400.785599999129772 ], [ 401609.992899999953806, 3917347.86879999935627 ], [ 401239.575500000268221, 3917665.369400000199676 ], [ 400498.740699999965727, 3917321.410399999469519 ], [ 398567.278500000014901, 3916950.993000000715256 ], [ 398091.027499999850988, 3917665.369400000199676 ], [ 398064.569199999794364, 3917427.244000000879169 ], [ 397641.235000000335276, 3917109.743300000205636 ], [ 396741.649799999780953, 3917850.578099999576807 ], [ 394228.103099999949336, 3918750.16330000013113 ], [ 393487.268299999646842, 3920919.750900000333786 ], [ 394148.728000000119209, 3923459.755999999120831 ], [ 394572.062199999578297, 3924200.590800000354648 ], [ 394439.770200000144541, 3924862.050499999895692 ], [ 394148.728000000119209, 3925100.176000000908971 ], [ 393460.809899999760091, 3925258.926300000399351 ], [ 392376.016099999658763, 3925179.551100000739098 ], [ 391635.181300000287592, 3924835.5921 ], [ 390468.366499999538064, 3924992.578500000759959 ], [ 389462.947800000198185, 3924939.661800000816584 ], [ 389118.988800000399351, 3924622.161100000143051 ], [ 388642.737800000235438, 3923722.575999999418855 ], [ 387954.819799999706447, 3923166.949899999424815 ], [ 387584.402400000020862, 3922187.98960000090301 ], [ 386922.942699999548495, 3921976.322499999776483 ], [ 386182.107900000177324, 3921949.864099999889731 ], [ 386023.357599999755621, 3922293.823100000619888 ], [ 385361.897900000214577, 3922690.698899999260902 ], [ 384356.479199999943376, 3922743.61570000089705 ], [ 382901.268000000156462, 3923881.32630000077188 ], [ 381895.849299999885261, 3924410.494000000879169 ], [ 381498.973500000312924, 3924357.577299999073148 ], [ 381155.014499999582767, 3924013.618200000375509 ], [ 380625.846800000406802, 3922928.824400000274181 ], [ 379911.470300000160933, 3922452.573400000110269 ], [ 379779.178399999625981, 3922108.614399999380112 ], [ 379302.927500000223517, 3921711.738600000739098 ], [ 380043.762299999594688, 3919991.943499999120831 ], [ 380017.303899999707937, 3919647.98450000025332 ], [ 379593.969700000248849, 3919198.1919 ], [ 379514.594600000418723, 3918272.148399999365211 ], [ 379117.718799999915063, 3917213.812999999150634 ], [ 378218.133600000292063, 3916314.227800000458956 ], [ 377292.090099999681115, 3916393.603000000119209 ], [ 376075.004300000146031, 3916155.47749999910593 ], [ 375863.337299999780953, 3915335.2675 ], [ 375334.169499999843538, 3915097.142100000753999 ], [ 375387.08629999961704, 3914144.6402000002563 ], [ 375096.043999999761581, 3913615.472400000318885 ], [ 375016.668899999931455, 3912821.720899999141693 ], [ 374408.126000000163913, 3912398.386700000613928 ], [ 373640.832799999974668, 3912451.303400000557303 ], [ 372847.081199999898672, 3912795.262499999254942 ], [ 372264.996700000017881, 3912107.344399999827147 ], [ 372913.22719999961555, 3911609.926799999549985 ], [ 372966.144000000320375, 3911355.926300000399351 ], [ 372521.643099999986589, 3911165.425899999216199 ], [ 371791.39159999974072, 3911408.843000000342727 ], [ 371685.558100000023842, 3911070.175699999555945 ], [ 371315.140700000338256, 3911091.342399999499321 ], [ 370976.473299999721348, 3910763.258400000631809 ], [ 370701.306099999696016, 3910869.091900000348687 ], [ 370479.05559999961406, 3910509.25789999961853 ], [ 370701.306099999696016, 3909831.9232 ], [ 370574.305800000205636, 3909323.9222 ], [ 369960.471300000324845, 3909133.421800000593066 ], [ 369367.803399999625981, 3909292.1721 ], [ 369134.969600000418723, 3909154.588500000536442 ], [ 368616.385300000198185, 3909376.838999999687076 ], [ 367949.069500000216067, 3909243.206499999389052 ], [ 367208.234699999913573, 3909349.03999999910593 ], [ 365472.564500000327826, 3909095.0395 ], [ 362382.224999999627471, 3907761.536800000816584 ], [ 360921.722099999897182, 3908100.204199999570847 ], [ 359969.220200000330806, 3907020.701999999582767 ], [ 359651.719600000418723, 3906385.700799999758601 ], [ 357725.548999999649823, 3904226.696399999782443 ], [ 356497.879900000058115, 3903147.194299999624491 ], [ 355841.711900000460446, 3902088.858799999579787 ], [ 354889.209999999962747, 3901348.024000000208616 ], [ 352795.274299999698997, 3900272.73619999922812 ], [ 351803.084800000302494, 3899512.057600000873208 ], [ 351555.037399999797344, 3899247.4737 ], [ 351505.428000000305474, 3898635.623500000685453 ], [ 350943.187300000339746, 3897792.262399999424815 ], [ 350496.701999999582767, 3897841.871899999678135 ], [ 349388.757100000046194, 3897263.094699999317527 ], [ 348727.297399999573827, 3897147.339299999177456 ], [ 348479.25, 3896717.39049999974668 ], [ 347635.889000000432134, 3896783.536499999463558 ], [ 346875.210400000214577, 3897213.485200000926852 ], [ 346164.141200000420213, 3897213.485200000926852 ], [ 345982.239799999631941, 3897444.996099999174476 ], [ 346031.849299999885261, 3898189.1382 ], [ 345634.973500000312924, 3898784.451899999752641 ], [ 345238.097699999809265, 3898916.743899999186397 ], [ 345122.342299999669194, 3899131.7182 ], [ 345196.75650000013411, 3900719.221400000154972 ], [ 344502.223899999633431, 3901744.483899999409914 ], [ 344502.223899999633431, 3902703.600400000810623 ], [ 345064.464599999599159, 3903216.231599999591708 ], [ 345114.074000000022352, 3903646.180400000885129 ], [ 344832.953700000420213, 3904357.249500000849366 ], [ 343956.519600000232458, 3904241.494100000709295 ], [ 343807.691200000233948, 3904522.614399999380112 ], [ 343939.983099999837577, 3904853.3443 ], [ 343807.691200000233948, 3905256.834699999541044 ], [ 342402.089399999938905, 3907985.355699999257922 ], [ 341839.848699999973178, 3908712.961400000378489 ], [ 341194.925599999725819, 3909076.7642 ], [ 340103.517099999822676, 3910102.026599999517202 ], [ 339541.276399999856949, 3911458.018899999558926 ], [ 338499.477500000037253, 3912995.912599999457598 ], [ 338086.065200000070035, 3913210.887000000104308 ], [ 337507.287999999709427, 3914103.857599999755621 ], [ 335548.882299999706447, 3915191.958699999377131 ], [ 335485.38219999987632, 3915763.459799999371171 ], [ 335951.049800000153482, 3916694.795 ], [ 336818.884899999946356, 3917626.130200000479817 ], [ 337961.887199999764562, 3918112.964500000700355 ], [ 338258.221099999733269, 3918388.131799999624491 ], [ 338596.888399999588728, 3918811.465900000184774 ], [ 339041.389299999922514, 3919975.6349 ], [ 339422.390100000426173, 3920314.302300000563264 ], [ 340311.391900000162423, 3920779.969900000840425 ], [ 340692.392599999904633, 3920737.636499999091029 ], [ 341073.393400000408292, 3920208.468699999153614 ], [ 342597.396399999968708, 3920356.635700000450015 ], [ 343147.730899999849498, 3921266.804199999198318 ], [ 343211.230999999679625, 3922176.972699999809265 ], [ 343973.232499999925494, 3922642.6403 ], [ 344396.566700000315905, 3923468.1418999992311 ], [ 344650.567200000397861, 3924695.811000000685453 ], [ 348344.107800000347197, 3924347.056399999186397 ], [ 348840.202600000426173, 3924446.275399999693036 ], [ 349981.220499999821186, 3925455.00139999948442 ], [ 350328.486800000071526, 3925488.074300000444055 ], [ 351386.822200000286102, 3925058.125600000843406 ], [ 351949.06290000025183, 3925041.589099999517202 ], [ 351982.135900000110269, 3925686.512199999764562 ], [ 352627.059100000187755, 3925851.8772 ], [ 352891.643000000156462, 3926959.822100000455976 ], [ 353701.93099999986589, 3927703.964199999347329 ], [ 354082.270299999974668, 3927803.1831 ], [ 354479.146099999547005, 3928861.5186 ], [ 354876.021900000050664, 3929142.638900000602007 ], [ 355881.355000000447035, 3929343.793299999088049 ], [ 356190.918100000359118, 3929923.231899999082088 ], [ 356968.794700000435114, 3930169.2949 ], [ 357548.233300000429153, 3930589.983200000599027 ], [ 358357.859899999573827, 3930859.858799999579787 ], [ 359032.548799999989569, 3930828.10869999974966 ], [ 359238.924200000241399, 3931677.422900000587106 ], [ 360690.031499999575317, 3932720.306700000539422 ], [ 360933.448599999770522, 3933693.975299999117851 ], [ 361864.783800000324845, 3934053.809299999848008 ], [ 361949.450600000098348, 3934297.226500000804663 ], [ 362647.951999999582767, 3934625.310499999672174 ], [ 363346.4534, 3934741.727399999275804 ], [ 363441.703599999658763, 3935038.061300000175834 ], [ 363992.038099999539554, 3935514.312300000339746 ], [ 364838.706399999558926, 3935514.312300000339746 ], [ 364950.889999999664724, 3936085.813400000333786 ], [ 365755.224899999797344, 3935979.979900000616908 ], [ 366030.392099999822676, 3936583.231100000441074 ], [ 365808.141699999570847, 3937398.149399999529123 ], [ 366030.392099999822676, 3937779.150100000202656 ], [ 365966.892, 3938678.735300000756979 ], [ 366326.726099999621511, 3939027.985999999567866 ], [ 367056.977500000037253, 3939366.653300000354648 ], [ 367501.478400000371039, 3939176.152899999171495 ], [ 368083.56290000025183, 3939186.736300000920892 ], [ 368104.729600000195205, 3939588.903699999675155 ], [ 368750.314299999736249, 3940499.072200000286102 ], [ 368834.981100000441074, 3940890.656400000676513 ], [ 370104.983599999919534, 3941663.2412 ], [ 370570.651200000196695, 3942298.242499999701977 ], [ 370602.401300000026822, 3942912.077099999412894 ], [ 370200.233799999579787, 3943758.745400000363588 ], [ 370316.650700000114739, 3944658.330600000917912 ], [ 370009.73340000025928, 3945706.082599999383092 ], [ 369544.065799999982119, 3946023.5833 ], [ 369184.231800000183284, 3946584.5011 ], [ 368707.980800000019372, 3946595.0844 ], [ 368792.647699999623001, 3947208.918999999761581 ], [ 367681.395399999804795, 3947526.419600000604987 ], [ 366654.810100000351667, 3948267.2544 ], [ 366559.559899999760091, 3948881.088999999687076 ], [ 366284.392699999734759, 3949113.922800000756979 ], [ 366252.642599999904633, 3949638.857200000435114 ], [ 365945.725300000049174, 3950189.191600000485778 ], [ 365405.974200000055134, 3950390.275299999862909 ], [ 365024.973500000312924, 3951258.110400000587106 ], [ 364421.722299999557436, 3951967.1952 ], [ 364559.305900000035763, 3952157.695599999278784 ], [ 364506.38910000026226, 3952602.196399999782443 ], [ 364887.389899999834597, 3952824.446900000795722 ], [ 364940.306599999777973, 3953247.781099999323487 ], [ 365226.057199999690056, 3953470.031500000506639 ], [ 364961.473299999721348, 3953903.948999999091029 ], [ 364982.639999999664724, 3954538.950300000607967 ], [ 365278.974000000394881, 3954761.200799999758601 ], [ 366009.225399999879301, 3956285.20380000025034 ], [ 367723.728900000452995, 3956285.20380000025034 ], [ 368792.647699999623001, 3956782.621500000357628 ], [ 367931.710500000044703, 3957409.011700000613928 ], [ 367836.46030000038445, 3957758.262399999424815 ], [ 368101.044200000353158, 3958022.846300000324845 ], [ 368048.127399999648333, 3958139.2632 ], [ 367021.542000000365078, 3958456.76380000077188 ], [ 366407.707399999722838, 3958425.01380000077188 ], [ 366217.207100000232458, 3958583.76410000026226 ], [ 366153.706899999640882, 3959483.349199999123812 ], [ 365804.456199999898672, 3959663.266200000420213 ], [ 365698.622700000181794, 3960266.5175 ], [ 365158.871600000187755, 3960509.934599999338388 ], [ 364396.870099999941885, 3960351.184299999848008 ], [ 363962.952600000426173, 3960562.851399999111891 ], [ 364259.286500000394881, 3961430.6864 ], [ 363730.118800000287592, 3962192.687999999150634 ], [ 363751.285500000230968, 3962404.355100000277162 ], [ 364153.452899999916553, 3962510.1886 ], [ 364576.787100000306964, 3962203.271299999207258 ], [ 365764.052099999971688, 3962387.73589999973774 ], [ 366743.012400000356138, 3962209.141799999400973 ], [ 368456.192900000140071, 3962553.10080000013113 ], [ 368495.880499999970198, 3962751.538699999451637 ], [ 369652.883600000292063, 3963156.9583 ], [ 370135.749200000427663, 3963758.886600000783801 ], [ 371346.2204, 3963877.949400000274181 ], [ 371590.960400000214577, 3964426.960899999365211 ], [ 371485.126899999566376, 3964638.628000000491738 ], [ 372401.248499999754131, 3965387.7972 ], [ 374258.627199999988079, 3966530.799499999731779 ], [ 374560.252799999900162, 3967324.551100000739098 ], [ 375020.628700000233948, 3967959.552300000563264 ], [ 374941.253600000403821, 3968848.554099999368191 ], [ 375322.254300000146031, 3969642.305700000375509 ], [ 374988.878700000233948, 3970023.306500000879169 ], [ 376290.631299999542534, 3972325.18610000051558 ], [ 376322.381299999542534, 3974573.090600000694394 ], [ 376258.881199999712408, 3974858.841099999845028 ], [ 375766.755199999548495, 3975208.09180000051856 ], [ 375687.380099999718368, 3975493.842399999499321 ], [ 375957.255599999800324, 3975954.218299999833107 ], [ 375544.504800000227988, 3976446.3443 ], [ 375020.628700000233948, 3976763.844900000840425 ], [ 374719.003100000321865, 3978129.097699999809265 ], [ 374338.002399999648333, 3978430.723300000652671 ], [ 374417.377500000409782, 3978700.598799999803305 ], [ 375004.753700000233948, 3979129.224700000137091 ], [ 375211.129099999554455, 3979526.10050000064075 ], [ 375274.629300000146031, 3980621.477600000798702 ], [ 375703.255099999718368, 3982081.980599999427795 ], [ 375881.243400000035763, 3982389.981599999591708 ], [ 376669.152999999932945, 3982842.610500000417233 ], [ 377490.590599999763072, 3982725.262299999594688 ], [ 378027.03969999961555, 3982909.666600000113249 ], [ 378295.264299999922514, 3983295.239399999380112 ], [ 378999.353699999861419, 3983747.868300000205636 ], [ 379334.634300000034273, 3983697.576199999079108 ], [ 380323.712299999780953, 3983982.564799999818206 ], [ 381161.91399999987334, 3984602.834000000730157 ], [ 381329.554299999959767, 3985105.755000000819564 ], [ 381057.77379999961704, 3985979.432099999859929 ], [ 381225.414099999703467, 3986381.768899999558926 ], [ 382348.604399999603629, 3986616.465399999171495 ], [ 383035.929700000211596, 3986247.656600000336766 ], [ 383119.749900000169873, 3987354.082800000905991 ], [ 382650.356999999843538, 3989382.530899999663234 ], [ 383890.895399999804795, 3989617.227399999275804 ], [ 384729.097099999897182, 3990556.013299999758601 ], [ 385533.770700000226498, 3990924.822000000625849 ], [ 385885.815399999730289, 3991494.799100000411272 ], [ 386539.612700000405312, 3991913.900000000372529 ], [ 387078.7182, 3994082.228199999779463 ], [ 387211.010200000368059, 3995537.439500000327826 ], [ 387508.667000000365078, 3996066.607200000435114 ], [ 387872.469800000078976, 3996529.628900000825524 ], [ 388798.513299999758601, 3996628.847899999469519 ], [ 390369.414599999785423, 3997119.098500000312924 ], [ 389805.544700000435114, 3998044.278699999675155 ], [ 391393.047799999825656, 3998599.904799999669194 ], [ 391789.923600000329316, 3999830.219699999317527 ], [ 392424.924899999983609, 4000584.283800000324845 ], [ 392074.351300000213087, 4001534.139799999073148 ], [ 392140.497200000099838, 4002129.453500000759959 ], [ 393860.292299999855459, 4003849.24860000051558 ], [ 393430.34360000025481, 4005304.459899999201298 ], [ 392305.862200000323355, 4006858.890100000426173 ], [ 391578.25650000013411, 4007156.546900000423193 ], [ 390949.869900000281632, 4007818.0066 ], [ 390552.994099999777973, 4007983.371500000357628 ], [ 389527.731599999591708, 4007487.276699999347329 ], [ 388833.199000000022352, 4007619.56870000064373 ], [ 388932.417899999767542, 4006958.108999999240041 ], [ 388535.542100000195205, 4006495.087200000882149 ], [ 387675.644600000232458, 4006395.868300000205636 ], [ 387278.768799999728799, 4006197.430400000885129 ], [ 386881.893000000156462, 4005370.605799999088049 ], [ 386319.652300000190735, 4004742.219200000166893 ], [ 384037.616499999538064, 4003948.467599999159575 ], [ 383243.864900000393391, 4004146.905500000342727 ], [ 382350.894299999810755, 4004676.073200000450015 ], [ 381987.091500000096858, 4004543.781300000846386 ], [ 381656.361700000241399, 4003981.540500000119209 ], [ 381325.63190000038594, 4003783.102700000628829 ], [ 379837.347599999979138, 4003551.59180000051856 ], [ 379539.690799999982119, 4002360.964400000870228 ], [ 379175.888000000268221, 4002096.3805 ], [ 378580.574300000444055, 4002162.526499999687076 ], [ 378084.479500000365078, 4002823.986099999397993 ], [ 377456.092899999581277, 4003187.789000000804663 ], [ 376397.757399999536574, 4003287.00789999961853 ], [ 376133.173600000329316, 4003617.737700000405312 ], [ 376067.027599999681115, 4004047.686499999836087 ], [ 375438.6409, 4004874.511099999770522 ], [ 375140.9841, 4006296.649299999698997 ], [ 374810.254200000315905, 4006428.941299999132752 ], [ 374843.327200000174344, 4006858.890100000426173 ], [ 377092.29009999986738, 4008214.88230000063777 ], [ 378514.428299999795854, 4009603.947599999606609 ], [ 378944.377100000157952, 4009637.020600000396371 ], [ 379275.106900000013411, 4009273.217800000682473 ], [ 379771.201700000092387, 4009273.217800000682473 ], [ 380465.734299999661744, 4009769.3125 ], [ 382053.237499999813735, 4010199.261299999430776 ], [ 382958.114299999549985, 4011077.679700000211596 ], [ 383672.490699999965727, 4011434.868000000715256 ], [ 384426.554700000211596, 4011117.3673 ], [ 384902.805700000375509, 4010561.7412 ], [ 385180.618700000457466, 4010799.866699999198318 ], [ 384545.617499999701977, 4013260.496600000187755 ], [ 384624.992600000463426, 4013855.8103 ], [ 385220.306300000287592, 4014728.937000000849366 ], [ 384704.36780000012368, 4015998.939600000157952 ], [ 384942.493300000205636, 4016792.691199999302626 ], [ 385974.370299999602139, 4018062.69370000064373 ], [ 387204.685300000011921, 4018658.007400000467896 ], [ 388157.187199999578297, 4018697.695000000298023 ], [ 388950.938799999654293, 4018459.569499999284744 ], [ 390340.004099999554455, 4016753.003599999472499 ], [ 391292.506000000052154, 4016673.628399999812245 ], [ 391768.75690000038594, 4016951.441500000655651 ], [ 391887.81969999987632, 4017268.942099999636412 ], [ 392324.38300000037998, 4017467.380000000819564 ], [ 393395.947700000368059, 4017189.566999999806285 ], [ 394586.575000000186265, 4017546.755200000479817 ], [ 395539.076999999582767, 4017308.629699999466538 ], [ 396174.078200000338256, 4017388.004899999126792 ], [ 396372.516099999658763, 4017586.442800000309944 ], [ 396531.266400000080466, 4018935.820499999448657 ], [ 396372.516099999658763, 4022110.8268 ], [ 396928.142199999652803, 4022944.266000000759959 ], [ 398634.708100000396371, 4024095.205800000578165 ], [ 398793.458499999716878, 4024968.332499999552965 ], [ 398991.896399999968708, 4025206.458000000566244 ], [ 399984.085799999535084, 4025365.2083 ], [ 400420.64919999986887, 4025841.459300000220537 ], [ 401095.338100000284612, 4026119.272299999371171 ], [ 401650.964200000278652, 4025920.8344 ], [ 401809.714499999769032, 4025404.895899999886751 ], [ 402484.403300000354648, 4024968.332499999552965 ], [ 403754.405899999663234, 4024910.124099999666214 ], [ 404045.448099999688566, 4025148.249500000849366 ], [ 405183.158699999563396, 4024830.7489 ], [ 405474.201000000350177, 4024566.165100000798702 ], [ 406532.536399999633431, 4024354.497999999672174 ], [ 407088.16260000038892, 4024010.538899999111891 ], [ 407670.247000000439584, 4024010.538899999111891 ], [ 408516.915400000289083, 4024460.331499999389052 ], [ 409151.916699999943376, 4026735.752699999138713 ], [ 409495.87569999974221, 4027053.253399999812245 ], [ 410263.168899999931455, 4027079.71169999986887 ], [ 411056.9205, 4027608.879499999806285 ], [ 411850.672100000083447, 4027899.921700000762939 ], [ 412697.340400000102818, 4027370.754000000655651 ], [ 413173.591400000266731, 4027264.920399999246001 ], [ 414734.636199999600649, 4027582.4211 ], [ 415025.678399999625981, 4027794.088199999183416 ], [ 415449.012600000016391, 4026920.961400000378489 ], [ 415475.470999999903142, 4026100.751499999314547 ], [ 416004.638700000010431, 4025756.792400000616908 ], [ 417354.016400000080466, 4025412.833399999886751 ], [ 419100.269899999722838, 4026418.252100000157952 ], [ 419655.895999999716878, 4026497.6272 ], [ 420158.605399999767542, 4026074.293099999427795 ], [ 420158.605399999767542, 4025783.250800000503659 ], [ 420820.065000000409782, 4025650.95890000090003 ], [ 421481.524699999950826, 4024804.290500000119209 ], [ 424709.447800000198185, 4025545.12529999949038 ], [ 425190.990399999544024, 4025885.909399999305606 ], [ 425317.990699999965727, 4026288.0768 ], [ 425635.49129999987781, 4026605.577500000596046 ], [ 426312.826000000350177, 4028108.413799999281764 ], [ 426312.826000000350177, 4028425.91440000012517 ], [ 427455.828300000168383, 4027896.7467 ], [ 427786.433199999853969, 4028098.782999999821186 ], [ 427612.091500000096858, 4028389.35249999910593 ], [ 427638.549899999983609, 4028759.769899999722838 ], [ 428379.384700000286102, 4029288.937599999830127 ], [ 429305.428199999965727, 4029632.896600000560284 ], [ 429993.346300000324845, 4031008.732699999585748 ], [ 430548.972400000318885, 4031432.0669 ], [ 432110.017199999652803, 4031749.567500000819564 ], [ 433088.977500000037253, 4031723.109099999070168 ], [ 433724.451000000350177, 4032231.285499999299645 ], [ 433507.503100000321865, 4032650.501900000497699 ], [ 432756.967400000430644, 4033184.254699999466538 ], [ 432391.465300000272691, 4033251.755000000819564 ], [ 431852.930900000035763, 4033072.253799999132752 ], [ 430761.452600000426173, 4033303.272099999710917 ], [ 430959.257500000298023, 4033918.964500000700355 ], [ 430726.423799999989569, 4034368.757099999114871 ], [ 431186.671400000341237, 4034984.340099999681115 ], [ 432447.277200000360608, 4036115.010500000789762 ], [ 432780.789200000464916, 4036882.729299999773502 ], [ 432635.268000000156462, 4037259.761299999430776 ], [ 432723.0625, 4037514.0 ], [ 433886.322800000198185, 4037870.663100000470877 ], [ 434265.104600000195205, 4038204.987199999392033 ], [ 434408.273900000378489, 4038496.531600000336766 ], [ 434369.002700000070035, 4039347.166999999433756 ], [ 435425.136800000444055, 4039766.267799999564886 ], [ 436186.644899999722838, 4041545.35840000025928 ], [ 436523.989400000311434, 4041647.884700000286102 ], [ 437185.360299999825656, 4041375.6151 ], [ 437688.281299999915063, 4041375.6151 ], [ 438442.662800000049174, 4041560.019400000572205 ], [ 438481.909900000318885, 4042497.860300000756979 ], [ 439413.303600000217557, 4043285.1886 ], [ 440691.185200000181794, 4045193.308399999514222 ], [ 441471.707600000314415, 4045590.1842 ], [ 442055.968799999915063, 4046348.0 ], [ 442858.563900000415742, 4046645.393799999728799 ], [ 443178.27350000012666, 4047131.385199999436736 ], [ 443916.259499999694526, 4047623.714199999347329 ], [ 444366.691899999976158, 4048735.606300000101328 ], [ 444628.470599999651313, 4048857.14640000090003 ], [ 445041.380800000391901, 4049489.670299999415874 ], [ 445867.106999999843538, 4050012.041999999433756 ], [ 446529.167299999855459, 4050161.002499999478459 ], [ 447523.590400000102818, 4050113.078500000759959 ], [ 448583.559399999678135, 4049624.012499999254942 ], [ 449332.86089999973774, 4048379.410000000149012 ], [ 451837.305900000035763, 4049902.619300000369549 ], [ 452351.926799999549985, 4048947.865399999544024 ], [ 452844.052799999713898, 4048389.924200000241399 ], [ 453780.679700000211596, 4047993.04839999973774 ], [ 453867.99239999987185, 4047802.548000000417233 ], [ 455370.000099999830127, 4048400.201199999079108 ], [ 457098.561300000175834, 4050040.927500000223517 ], [ 457512.850300000049174, 4051322.04079999960959 ], [ 458159.542600000277162, 4052170.827600000426173 ], [ 458416.404199999757111, 4053522.584799999371171 ], [ 459200.94469999987632, 4053393.205 ], [ 460449.780500000342727, 4053890.622700000181794 ], [ 460947.944299999624491, 4054266.414100000634789 ], [ 461222.541799999773502, 4055382.787499999627471 ], [ 461671.656999999657273, 4055560.206800000742078 ], [ 461900.257500000298023, 4056061.857799999415874 ], [ 462598.03760000038892, 4056748.656500000506639 ], [ 462612.654000000096858, 4057308.405099999159575 ], [ 462432.736899999901652, 4057562.405600000172853 ], [ 463402.202200000174344, 4057764.521099999547005 ], [ 463580.796299999579787, 4058908.846300000324845 ], [ 462833.936700000427663, 4059508.812300000339746 ], [ 462873.62430000025779, 4059798.531600000336766 ], [ 463381.625300000421703, 4060151.7511 ], [ 464342.064699999988079, 4060040.625800000503659 ], [ 465161.019899999722838, 4060372.41190000064671 ], [ 465392.149799999780953, 4061941.8125 ], [ 465949.411700000055134, 4062275.036599999293685 ], [ 466020.849299999885261, 4062564.755899999290705 ], [ 466278.818599999882281, 4062652.068600000813603 ], [ 466596.319199999794364, 4063056.881899999454618 ], [ 467278.945600000210106, 4063164.03830000013113 ], [ 468453.697900000028312, 4064199.884199999272823 ], [ 470148.357599999755621, 4064795.197799999266863 ], [ 470393.362200000323355, 4064776.280099999159575 ], [ 470832.571399999782443, 4064183.612299999222159 ], [ 471072.749400000087917, 4064191.54759999923408 ], [ 472005.40749999973923, 4065322.643699999898672 ], [ 472461.814699999988079, 4065514.467000000178814 ], [ 471892.959400000050664, 4066076.707699999213219 ], [ 471674.677699999883771, 4066817.542500000447035 ], [ 471696.726400000043213, 4067380.113900000229478 ], [ 472093.083399999886751, 4068118.589199999347329 ], [ 472637.033400000073016, 4068390.495699999853969 ], [ 474181.728000000119209, 4069738.400299999862909 ], [ 474945.463399999774992, 4069896.306399999186397 ], [ 475959.782999999821186, 4070403.746600000187755 ], [ 476648.124699999578297, 4070512.458200000226498 ], [ 477759.13289999961853, 4072068.002299999818206 ], [ 478179.82120000012219, 4072393.440500000491738 ], [ 478370.321600000374019, 4072385.503000000491738 ], [ 479092.879599999636412, 4071697.7939 ], [ 479987.173100000247359, 4071629.002100000157952 ], [ 480833.841400000266731, 4070708.25029999949038 ], [ 481120.086600000038743, 4069903.947799999266863 ], [ 480858.14850000012666, 4069292.75899999961257 ], [ 480810.523400000296533, 4068665.695299999788404 ], [ 480485.08530000038445, 4068213.256899999454618 ], [ 480897.836099999956787, 4067895.75620000064373 ], [ 482532.964399999938905, 4068522.820000000298023 ], [ 482906.027599999681115, 4069261.00899999961257 ], [ 483604.529000000096858, 4069975.38539999909699 ], [ 484479.807099999859929, 4070184.374299999326468 ], [ 485555.827200000174344, 4070815.094200000166893 ], [ 486019.685100000351667, 4070194.957599999383092 ], [ 486585.894600000232458, 4070030.9156 ], [ 487321.437699999660254, 4070491.291500000283122 ], [ 487750.0636, 4071300.918199999257922 ], [ 488353.314799999818206, 4071703.08559999987483 ], [ 488718.440499999560416, 4072258.71169999986887 ], [ 489321.691700000315905, 4072269.295099999755621 ], [ 489745.025899999774992, 4072057.628000000491738 ], [ 490364.152200000360608, 4072507.4206000007689 ], [ 490607.569299999624491, 4072899.004699999466538 ], [ 492047.865799999795854, 4073180.808299999684095 ], [ 492892.417399999685585, 4072456.906899999827147 ], [ 493616.318900000303984, 4072590.257099999114871 ], [ 493895.719399999827147, 4071898.105799999088049 ], [ 494359.270399999804795, 4071307.55460000038147 ], [ 495089.521800000220537, 4071256.754499999806285 ], [ 495286.372200000099838, 4071485.354900000616908 ], [ 496035.673700000159442, 4071650.455299999564886 ], [ 497371.537700000219047, 4072420.014699999243021 ], [ 498419.706600000150502, 4072467.093299999833107 ], [ 498962.863099999725819, 4073007.484099999070168 ], [ 499142.313500000163913, 4073445.145300000905991 ], [ 498760.033099999651313, 4074969.011800000444055 ], [ 498958.630900000222027, 4075275.816400000825524 ], [ 500308.008600000292063, 4075156.753699999302626 ], [ 500693.711199999786913, 4074780.131999999284744 ], [ 502058.963899999856949, 4075135.732699999585748 ], [ 502760.640300000086427, 4075572.693 ], [ 503099.197399999946356, 4075555.494999999180436 ], [ 503633.6568, 4074999.868899999186397 ], [ 503612.490100000053644, 4074587.118100000545382 ], [ 503522.702499999664724, 4073855.0011 ], [ 502848.013700000010431, 4073227.937300000339746 ], [ 502840.076100000180304, 4072608.81110000051558 ], [ 503698.10950000025332, 4071854.654699999839067 ], [ 503929.620299999602139, 4071219.653400000184774 ], [ 504355.700699999928474, 4070700.279500000178814 ], [ 505341.275600000284612, 4071811.531700000166893 ], [ 505850.599499999545515, 4072115.803099999204278 ], [ 506115.183400000445545, 4072691.27309999987483 ], [ 506776.643000000156462, 4073286.58669999986887 ], [ 506650.965699999593198, 4073696.691700000315905 ], [ 506756.799200000241399, 4073961.27559999935329 ], [ 507914.353600000031292, 4074494.412100000306964 ], [ 509425.468100000172853, 4076364.707100000232458 ], [ 509662.371000000275671, 4076926.599199999123812 ], [ 510019.559200000017881, 4076972.901399999856949 ], [ 510753.779500000178814, 4076556.181800000369549 ], [ 512050.240399999544024, 4076364.3585 ], [ 513525.295400000177324, 4078269.362299999222159 ], [ 515225.246700000017881, 4078858.0614 ], [ 517247.205199999734759, 4078093.4616 ], [ 518329.353199999779463, 4077132.493000000715256 ], [ 519228.938299999572337, 4076952.575999999418855 ], [ 519525.272300000302494, 4076693.283800000324845 ], [ 519783.164800000376999, 4075646.54450000077486 ], [ 520005.415199999697506, 4075519.544299999251962 ], [ 521508.251600000075996, 4074937.459799999371171 ], [ 521673.693199999630451, 4074581.9046 ], [ 522086.44400000013411, 4074386.112500000745058 ], [ 522986.029199999757111, 4074407.279200000688434 ], [ 523398.78000000026077, 4074227.362199999392033 ], [ 524245.448400000110269, 4074952.322000000625849 ], [ 525081.533400000073016, 4075111.072300000116229 ], [ 525361.992300000041723, 4075380.947799999266863 ], [ 526034.035299999639392, 4075407.406199999153614 ], [ 527108.245799999684095, 4074603.0713 ], [ 527505.121600000187755, 4074592.4879 ], [ 528880.957600000314415, 4075089.905600000172853 ], [ 529087.333100000396371, 4075634.948400000110269 ], [ 530066.293300000019372, 4076280.532999999821186 ], [ 530181.139600000344217, 4077187.814200000837445 ], [ 531059.541199999861419, 4078848.0548 ], [ 531287.083300000056624, 4078927.42989999987185 ], [ 532181.376699999906123, 4078758.096300000324845 ], [ 532822.419700000435114, 4078208.161699999123812 ], [ 534393.086199999786913, 4078269.35700000077486 ], [ 535887.644700000062585, 4077489.349500000476837 ], [ 539349.300300000235438, 4078741.392200000584126 ], [ 539759.405299999751151, 4078384.204 ], [ 539944.614000000059605, 4077815.3487 ], [ 540447.323300000280142, 4077550.764799999073148 ], [ 540447.323300000280142, 4077299.4101 ], [ 540063.676699999719858, 4077140.659800000488758 ], [ 539878.468000000342727, 4076413.054199999198318 ], [ 540248.885400000028312, 4075976.490800000727177 ], [ 540956.040500000119209, 4074552.006799999624491 ], [ 541051.290699999779463, 4073747.671900000423193 ], [ 541019.540599999949336, 4073409.004499999806285 ], [ 540543.28969999961555, 4073430.171299999579787 ], [ 540384.53940000012517, 4073292.587600000202656 ], [ 540395.122700000181794, 4072784.5866 ], [ 539987.05420000012964, 4072248.853199999779463 ], [ 540236.372399999760091, 4070943.082900000736117 ], [ 540670.289900000207126, 4070255.164899999275804 ], [ 540278.705799999646842, 4069244.454500000923872 ], [ 540342.205900000408292, 4068863.45380000025034 ], [ 540596.206399999558926, 4068620.036599999293685 ], [ 542549.049100000411272, 4067926.084699999541044 ], [ 543526.025000000372529, 4067362.38880000077188 ], [ 544399.151700000278652, 4067219.513499999418855 ], [ 545081.778099999763072, 4066719.449999999254942 ], [ 545448.674499999731779, 4066101.198300000280142 ], [ 546041.342299999669194, 4066069.448200000450015 ], [ 546676.34360000025481, 4065699.030799999833107 ], [ 546686.927000000141561, 4064661.861999999731779 ], [ 547078.511099999770522, 4062899.7335 ], [ 547226.678000000305474, 4062709.2331000007689 ], [ 547829.929299999959767, 4062645.732999999076128 ], [ 548729.514399999752641, 4064349.653100000694394 ], [ 548718.93099999986589, 4065132.8213 ], [ 549068.181699999608099, 4065693.739099999889731 ], [ 550232.350700000301003, 4066402.823899999260902 ], [ 550941.435499999672174, 4066540.407500000670552 ], [ 551430.386500000022352, 4067090.741900000721216 ], [ 551906.637400000356138, 4067090.741900000721216 ], [ 552489.509800000116229, 4067397.096000000834465 ], [ 552806.222500000149012, 4068101.452299999073148 ], [ 553017.889600000344217, 4068239.035900000482798 ], [ 553187.223299999721348, 4068842.287100000306964 ], [ 555778.028500000014901, 4070287.973300000652671 ], [ 555947.362200000323355, 4070446.723600000143051 ], [ 556137.862499999813735, 4071621.475999999791384 ], [ 556582.363400000147521, 4071737.892899999395013 ], [ 557217.364699999801815, 4072309.393999999389052 ], [ 558176.474399999715388, 4072583.929300000891089 ], [ 559343.289300000295043, 4073949.182 ], [ 560979.747200000099838, 4075490.750399999320507 ], [ 561191.414300000295043, 4075882.334499999880791 ], [ 561371.331299999728799, 4075967.001299999654293 ], [ 561688.832000000402331, 4075829.417700000107288 ], [ 561815.832200000062585, 4075226.166500000283122 ], [ 562016.916000000201166, 4074993.332699999213219 ], [ 563435.085500000044703, 4074379.498099999502301 ], [ 563996.003200000151992, 4074781.6656 ], [ 564302.9205, 4076326.835400000214577 ], [ 564588.671099999919534, 4076930.0866 ], [ 565293.173100000247359, 4077510.828199999406934 ], [ 565393.006000000052154, 4078750.423599999397993 ], [ 566035.010800000280142, 4079791.997600000351667 ], [ 566342.885499999858439, 4080629.671399999409914 ], [ 567742.510700000450015, 4081396.262199999764562 ], [ 567975.344499999657273, 4081883.0965 ], [ 569467.597500000149012, 4086211.688500000163913 ], [ 569954.431800000369549, 4086920.773199999704957 ], [ 569892.128800000064075, 4088322.409299999475479 ], [ 570060.265399999916553, 4088878.693800000473857 ], [ 570981.017199999652803, 4090159.279699999839067 ], [ 572145.186200000345707, 4090328.613399999216199 ], [ 572388.603400000371039, 4090603.780600000172853 ], [ 572547.353699999861419, 4091207.0318 ], [ 573087.104799999855459, 4091662.11600000038743 ], [ 573129.43819999974221, 4092307.7007 ], [ 573330.521900000050664, 4092720.451500000432134 ], [ 574695.774600000120699, 4092858.0351 ], [ 574843.941599999554455, 4093217.869200000539422 ], [ 574589.941100000403821, 4093524.786399999633431 ], [ 574939.191800000146031, 4093366.036100000143051 ], [ 575119.108799999579787, 4093450.70299999974668 ], [ 574861.013700000010431, 4097027.218399999663234 ], [ 575309.609199999831617, 4098678.880100000649691 ], [ 574854.525000000372529, 4099419.7149 ], [ 574272.440499999560416, 4099832.465700000524521 ], [ 574251.27379999961704, 4100118.216299999505281 ], [ 574431.190799999982119, 4100562.717199999839067 ], [ 575214.359000000171363, 4101028.384800000116229 ], [ 575680.026600000448525, 4102439.145899999886751 ], [ 576156.277599999681115, 4103306.981000000610948 ], [ 576484.361600000411272, 4103423.397900000214577 ], [ 577447.446800000034273, 4103264.647600000724196 ], [ 578156.531600000336766, 4103751.481899999082088 ], [ 578569.282399999909103, 4104640.48369999974966 ], [ 579267.783800000324845, 4105211.9847999997437 ], [ 580093.285400000400841, 4105275.484899999573827 ], [ 580558.95299999974668, 4105021.484400000423193 ], [ 581151.620900000445545, 4105084.9846 ], [ 582714.615199999883771, 4105951.148600000888109 ], [ 583681.042600000277162, 4106820.654699999839067 ], [ 586965.057500000111759, 4107683.4627 ], [ 588338.247800000011921, 4107175.46169999986887 ], [ 589171.686900000087917, 4107223.086799999698997 ], [ 589385.999900000169873, 4107381.837099999189377 ], [ 589878.125799999572337, 4108112.088500000536442 ], [ 589981.3136, 4109159.840600000694394 ], [ 591730.240399999544024, 4109794.056600000709295 ], [ 592854.721800000406802, 4111282.340800000354648 ], [ 592684.423000000417233, 4112619.830199999734759 ], [ 592874.426799999549985, 4113395.384600000455976 ], [ 593688.161000000312924, 4114490.420199999585748 ], [ 594182.932799999602139, 4116707.63289999961853 ], [ 594508.371000000275671, 4117017.196100000292063 ], [ 596659.437800000421703, 4117366.44679999910295 ], [ 598921.629800000227988, 4116112.319199999794364 ], [ 600175.757299999706447, 4115707.505899999290705 ], [ 600596.445600000210106, 4115302.692600000649691 ] ] ] } }
]
}
